toi,tid,tfopwg_disp,toi_created,rowupdate,release_date,pl_orbper,pl_trandurh,pl_trandep,pl_rade,pl_raderr1,pl_eqt,pl_insol,pl_eqtlim,pl_insolsymerr,st_tmag,st_teff,st_rad,st_logg,st_dist
101.00,1000000,CP,2025-04-14 12:00:00,2026-08-01 00:00:00,2026-08-01,3.73399,2.23249,4188.99,6.74343,0.674343,1242.81,399.424,0,1,11.002,5868.87,,4.17735,137.992
102.00,1000001,FP,2022-02-14 12:00:00,2026-08-01 00:00:00,2026-08-01,5.28158,2.79264,9517.61,12.1093,1.21093,1121.73,265.077,0,1,10.1381,5556.35,1.04046,4.01747,136.094
103.00,1000002,FP,2025-02-10 12:00:00,2026-08-01 00:00:00,2026-08-01,1.48303,4.05888,2072.88,4.58395,0.458395,1856.6,1989.26,0,1,10.6979,6214.62,0.976988,4.56681,429.711
104.00,1000003,APC,2023-06-13 12:00:00,2026-08-01 00:00:00,2026-08-01,,2.69216,2107.14,4.52191,0.452191,734.728,48.7895,0,1,11.5641,5491.31,0.933281,4.12148,180.023
105.00,1000004,PC,2019-06-12 12:00:00,2026-08-01 00:00:00,2026-08-01,15.947,2.73688,4272.01,8.72845,0.872845,934.698,127.793,0,1,10.6705,6232.22,1.19958,4.14158,172.862
106.00,1000005,PC,2020-06-16 12:00:00,2026-08-01 00:00:00,2026-08-01,29.4524,1.63054,586.356,1.85091,0.185091,513.419,11.6335,0,1,10.5617,5456.12,0.710843,4.67465,130.878
107.00,1000006,PC,2024-01-18 12:00:00,2026-08-01 00:00:00,2026-08-01,9.02738,2.85501,3538.44,5.72152,0.572152,,,0,1,13.2516,4291.38,0.929617,4.24199,
108.00,1000007,KP,2025-02-17 12:00:00,2026-08-01 00:00:00,2026-08-01,28.9761,3.21476,8278.22,12.3014,1.23014,857.79,90.6452,0,1,8.78885,6454.58,1.4025,4.36482,250.919
109.00,1000007,FP,2019-06-18 12:00:00,2026-08-01 00:00:00,2026-08-01,1.03578,2.73408,3423.9,8.8135,0.88135,2603.98,,0,1,8.78885,6454.58,1.4025,4.36482,250.919
110.00,1000008,FP,2024-07-14 12:00:00,2026-08-01 00:00:00,2026-08-01,0.48653,3.82444,10452.2,8.86788,0.886788,1736.62,1522.8,0,1,10.9776,4295.12,0.851234,4.5858,172.52
111.00,1000009,PC,2024-01-12 12:00:00,2026-08-01 00:00:00,2026-08-01,36.835,5.41292,291.592,1.4011,0.14011,556.917,16.1058,0,1,9.33141,6060,0.787032,4.67346,84.5522
112.00,1000009,FP,2022-03-16 12:00:00,2026-08-01 00:00:00,2026-08-01,6.17904,5.04077,8240.76,,0.797182,1009.8,174.087,0,1,9.33141,6060,0.787032,4.67346,84.5522
113.00,1000010,PC,2024-02-14 12:00:00,2026-08-01 00:00:00,2026-08-01,29.2793,4.85893,1524.47,4.2936,,615.692,24.0589,0,1,10.6364,5401.07,1.0391,4.00175,157.395
114.00,1000011,PC,2025-07-12 12:00:00,2026-08-01 00:00:00,2026-08-01,2.88374,1.86482,2862.91,5.18594,0.518594,1721.24,1469.54,0,1,11.8854,7357.03,0.933462,4.25175,80.4842
115.00,1000012,PC,2025-07-17 12:00:00,2026-08-01 00:00:00,2026-08-01,3.1354,2.96469,10485.3,9.43812,0.943812,1430.41,700.911,0,1,12.3674,6235.61,0.948875,3.9725,145.066
116.00,1000013,FP,2023-06-13 12:00:00,2026-08-01 00:00:00,2026-08-01,1.44092,4.19611,9220.45,5.20876,0.520876,1464.95,,0,1,11.3463,6501.54,0.545203,4.20397,201.381
117.00,1000014,FP,2022-02-16 12:00:00,2026-08-01 00:00:00,2026-08-01,2.20336,3.11286,3135.3,8.63209,0.863209,1429.48,699.09,0,1,12.574,4473.43,1.4554,4.48431,96.8951
118.00,1000015,PC,2022-07-17 12:00:00,2026-08-01 00:00:00,2026-08-01,11.2082,1.93721,3167.41,3.77189,0.377189,707.806,42.0221,0,1,11.9651,5557.44,0.683837,4.37448,187.012
119.00,1000016,PC,2019-02-18 12:00:00,2026-08-01 00:00:00,2026-08-01,2.35651,5.83157,1152.5,6.08571,0.608571,1416.32,673.694,0,1,9.06058,3948.1,1.91826,4.31994,209.843
120.00,1000017,FP,2021-01-18 12:00:00,2026-08-01 00:00:00,2026-08-01,4.93735,3.72989,3194.22,7.35217,0.735217,1600.02,1097.29,0,1,9.43639,6847.26,1.33269,4.29958,107.544
121.00,1000018,PC,2021-02-18 12:00:00,2026-08-01 00:00:00,2026-08-01,5.34526,,286.328,1.23912,0.123912,,144.948,0,1,9.48326,5386.45,0.825252,4.45848,180.791
122.00,1000019,FP,2020-02-11 12:00:00,2026-08-01 00:00:00,2026-08-01,1.03484,,5067.68,9.05861,0.905861,2083.61,3155.62,0,1,11.7367,5818.73,1.10427,4.49583,122.464
123.00,1000019,PC,2022-01-13 12:00:00,2026-08-01 00:00:00,2026-08-01,2.55001,2.3295,2587.58,6.40054,0.640054,1542.62,948.114,0,1,11.7367,5818.73,,4.49583,122.464
124.00,1000020,KP,2019-05-14 12:00:00,2026-08-01 00:00:00,2026-08-01,16.9875,2.70216,601.276,1.50146,0.150146,583.237,19.3731,0,1,10.4158,5060.13,0.738988,3.83625,148.276
125.00,1000020,FP,2020-02-18 12:00:00,2026-08-01 00:00:00,2026-08-01,1.89019,6.94307,3196.1,4.47807,0.447807,1212.61,361.993,0,1,10.4158,5060.13,0.738988,3.83625,148.276
126.00,1000021,APC,2024-04-14 12:00:00,2026-08-01 00:00:00,2026-08-01,4.55812,2.11061,2740.33,8.17331,0.817331,1162.31,305.567,0,1,11.3275,4967.9,1.26669,4.46502,104.19
127.00,1000022,FP,2020-02-14 12:00:00,2026-08-01 00:00:00,2026-08-01,3.71505,2.8699,3206.44,7.2013,0.72013,1286.72,458.939,0,1,11.9906,5298.59,1.19071,4.17748,145.907
128.00,1000023,PC,2023-05-16 12:00:00,2026-08-01 00:00:00,2026-08-01,11.0747,1.38238,779.543,1.3925,0.13925,674.1,34.5714,0,1,11.9055,6215.86,,4.55943,161.343
129.00,1000024,APC,2020-03-17 12:00:00,2026-08-01 00:00:00,2026-08-01,56.2658,2.68626,203.821,1.82901,0.182901,517.767,12.0326,0,1,8.58343,5867.63,0.962403,4.32159,173.499
130.00,1000025,FA,2024-04-18 12:00:00,2026-08-01 00:00:00,2026-08-01,28.2005,3.13295,3578.67,7.41133,0.741133,719.884,44.9646,0,1,9.21797,5413.56,1.37905,4.46746,195.034
131.00,1000025,PC,2023-04-16 12:00:00,2026-08-01 00:00:00,2026-08-01,1.01342,3.56134,16105.2,17.7194,1.77194,2181.48,3791.61,0,1,9.21797,5413.56,1.37905,4.46746,195.034
132.00,1000025,CP,2021-07-11 12:00:00,2026-08-01 00:00:00,2026-08-01,9.28408,2.45045,930.167,4.00937,0.400937,,197.801,0,1,9.21797,5413.56,1.37905,4.46746,195.034
133.00,1000026,KP,2024-05-17 12:00:00,2026-08-01 00:00:00,2026-08-01,0.733092,2.24735,421.018,,,2124.14,3408.42,0,1,10.2568,4844.15,1.31589,,135.556
134.00,1000027,KP,2023-01-11 12:00:00,2026-08-01 00:00:00,2026-08-01,20.7284,4.3951,3026.56,4.63472,0.463472,727.807,46.9769,0,1,10.2331,6444.33,0.810158,4.36064,805.78
135.00,1000027,KP,2019-08-12 12:00:00,2026-08-01 00:00:00,2026-08-01,4.56738,3.6605,1737.51,3.80279,0.380279,1204.99,,0,1,10.2331,6444.33,0.810158,4.36064,805.78
136.00,1000028,PC,2019-02-10 12:00:00,2026-08-01 00:00:00,2026-08-01,2.61186,4.15741,13474.3,13.5062,1.35062,1454.58,749.5,0,1,12.1843,5708.9,1.03638,4.78694,82.1455
137.00,1000029,FP,2021-01-14 12:00:00,2026-08-01 00:00:00,2026-08-01,,5.59806,2301.39,4.01329,0.401329,753.693,54.0255,0,1,8.78062,6672.65,0.799524,4.12481,386.077
138.00,1000030,KP,2020-05-12 12:00:00,2026-08-01 00:00:00,2026-08-01,12.3076,5.29068,6401.66,7.76126,0.776126,893.458,106.688,0,1,9.67951,6327.57,0.894625,4.86395,502.836
139.00,1000031,FP,2020-04-11 12:00:00,2026-08-01 00:00:00,2026-08-01,4.18649,3.36499,9493.79,9.96356,0.996356,1360.35,573.347,0,1,11.7949,6520.72,0.951605,4.66196,183.236
140.00,1000032,CP,2022-05-15 12:00:00,2026-08-01 00:00:00,2026-08-01,9.97358,2.48999,536.241,1.16364,0.116364,623.374,25.2822,0,1,11.0791,5342.42,0.531014,4.34364,47.9006
141.00,1000033,PC,2021-07-15 12:00:00,2026-08-01 00:00:00,2026-08-01,3.72192,5.48816,2448.92,4.58039,0.458039,1304.84,485.344,0,1,9.44261,,0.917479,4.608,176.58
142.00,1000033,FP,2022-06-18 12:00:00,2026-08-01 00:00:00,2026-08-01,9.2945,2.99813,,10.0849,1.00849,961.769,143.253,0,1,9.44261,6125.01,0.917479,4.608,176.58
143.00,1000033,PC,2024-06-11 12:00:00,2026-08-01 00:00:00,2026-08-01,3.36678,2.7181,129.105,1.15357,0.115357,1349.19,554.778,0,1,9.44261,6125.01,0.917479,4.608,176.58
144.00,1000034,PC,2024-01-15 12:00:00,2026-08-01 00:00:00,2026-08-01,8.18675,5.85166,2749.71,5.2392,0.52392,1000.17,167.539,0,1,10.1188,6270.42,0.86992,4.28971,88.1204
145.00,1000035,PC,2024-01-12 12:00:00,2026-08-01 00:00:00,2026-08-01,5.4988,4.38156,19509,16.7165,1.67165,735.408,48.9704,0,1,9.8304,3792.33,0.986143,4.66479,267.376
146.00,1000036,PC,2024-01-10 12:00:00,2026-08-01 00:00:00,2026-08-01,4.90353,1.8109,1147.85,3.12592,0.312592,1218.08,368.571,0,1,11.6997,,0.842258,4.19466,67.733
147.00,1000036,PC,2025-01-13 12:00:00,2026-08-01 00:00:00,2026-08-01,14.9514,2.97662,634.136,2.53341,0.253341,840.01,83.3603,0,1,11.6997,6542.05,0.842258,4.19466,67.733
148.00,1000036,APC,2024-08-10 12:00:00,2026-08-01 00:00:00,2026-08-01,4.44501,3.73545,8866.42,7.97014,0.797014,1258.6,420.116,0,1,11.6997,6542.05,0.842258,4.19466,67.733
149.00,1000037,FP,2021-04-13 12:00:00,2026-08-01 00:00:00,2026-08-01,11.3308,6.65101,10779.5,8.64477,0.864477,722.083,45.5165,0,1,10.4242,4991.61,0.888623,4.47115,266.129
150.00,1000037,PC,2022-02-14 12:00:00,2026-08-01 00:00:00,2026-08-01,68.7749,1.72645,675.258,2.41029,0.241029,395.85,4.11097,0,1,10.4242,4991.61,0.888623,4.47115,266.129
151.00,1000038,PC,2022-02-17 12:00:00,2026-08-01 00:00:00,2026-08-01,25.479,4.86643,5484.35,11.5305,1.15305,855.993,89.8881,0,1,10.7972,6249.5,1.36738,4.71675,220.785
152.00,1000039,FA,2024-01-14 12:00:00,2026-08-01 00:00:00,2026-08-01,0.952349,5.25508,3110.04,3.74931,0.374931,1833.16,1890.71,0,1,10.9478,7048.39,0.55115,4.46462,105.196
153.00,1000040,PC,2025-02-18 12:00:00,2026-08-01 00:00:00,2026-08-01,19.5153,3.03904,888.323,5.28033,0.528033,997.44,165.717,0,1,15.3236,6245.4,1.55628,4.53552,100.383
154.00,1000040,PC,2021-02-14 12:00:00,2026-08-01 00:00:00,2026-08-01,5.09242,5.38527,790.766,4.25717,0.425717,1560.88,993.81,0,1,15.3236,6245.4,1.55628,4.53552,100.383
155.00,1000040,PC,2021-05-15 12:00:00,2026-08-01 00:00:00,2026-08-01,130.929,1.13166,5326.27,11.0808,1.10808,528.851,13.0965,0,1,15.3236,6245.4,1.55628,4.53552,100.383
156.00,1000041,FP,2021-04-13 12:00:00,2026-08-01 00:00:00,2026-08-01,5.21031,6.48214,22713.8,10.2367,1.02367,533.959,13.6098,0,1,10.7163,3617.51,0.551174,4.42298,99.9991
157.00,1000042,KP,2019-06-16 12:00:00,2026-08-01 00:00:00,2026-08-01,0.824177,3.28134,1845.5,3.99274,0.399274,2161.66,3655.69,0,1,9.85393,6234.4,0.889573,4.60035,215.853
158.00,1000043,CP,2020-03-14 12:00:00,2026-08-01 00:00:00,2026-08-01,12.3636,2.0697,248.816,3.05983,0.305983,1568.94,1014.49,0,1,6.55153,7985.72,1.73726,,200.619
159.00,1000044,PC,2025-01-15 12:00:00,2026-08-01 00:00:00,2026-08-01,5.26877,5.40416,46877.5,18.9873,1.89873,1107.75,252.107,0,1,12.2058,6187.11,0.817014,4.17322,214.735
160.00,1000045,PC,2021-08-12 12:00:00,2026-08-01 00:00:00,2026-08-01,11.6949,2.07899,3942.75,4.08861,0.408861,,157.554,0,1,12.1475,8034.96,0.651657,4.69407,502.084
161.00,1000046,FP,2020-08-11 12:00:00,2026-08-01 00:00:00,2026-08-01,3.41375,3.55786,14793.7,,1.53433,1594.14,1081.25,0,1,7.97074,6517.71,1.14165,,421.664
162.00,1000047,FP,2024-01-12 12:00:00,2026-08-01 00:00:00,2026-08-01,48.641,3.04084,2934.52,5.7803,0.57803,446.326,6.64397,0,1,11.5322,4783.64,0.976424,4.71603,323.922
163.00,1000048,PC,2019-06-11 12:00:00,2026-08-01 00:00:00,2026-08-01,,2.53223,145.249,1.63727,0.163727,1184.15,329.191,0,1,12.0984,5271.99,1.3014,4.50484,106.912
164.00,1000049,CP,2024-06-13 12:00:00,2026-08-01 00:00:00,2026-08-01,,3.20454,1243.37,,0.264207,894.308,107.095,0,1,9.63813,4668.58,0.677027,4.18055,108.102
165.00,1000050,FP,2019-01-18 12:00:00,2026-08-01 00:00:00,2026-08-01,6.92525,8.7857,3981.8,6.90154,0.690154,1272.39,438.839,0,1,10.1625,7558.69,0.866609,4.26751,129.293
166.00,1000051,FP,2020-06-11 12:00:00,2026-08-01 00:00:00,2026-08-01,12.9537,3.21818,7661.64,6.16432,0.616432,644.694,28.9225,0,1,10.3974,5083.48,0.746732,4.38541,368.131
167.00,1000052,PC,2025-05-12 12:00:00,2026-08-01 00:00:00,2026-08-01,7.95181,2.81959,2028.79,4.13395,0.413395,707.372,41.919,0,1,11.9028,,0.758015,4.16985,237.433
168.00,1000053,FP,2019-02-15 12:00:00,2026-08-01 00:00:00,2026-08-01,11.7223,1.84575,7874.28,7.24547,0.724547,820.946,76.0464,0,1,10.8348,6183.43,0.765647,4.42258,43.5172
169.00,1000054,PC,2024-05-13 12:00:00,2026-08-01 00:00:00,2026-08-01,13.1665,2.98569,3548.14,4.79802,0.479802,624.198,25.4162,0,1,9.61196,5448.35,0.616043,4.04546,326.575
170.00,1000055,PC,2022-04-12 12:00:00,2026-08-01 00:00:00,2026-08-01,2.46797,5.81313,380.111,2.96113,0.296113,1835.73,,0,1,12.4351,6010.29,1.43408,4.26261,102.463
171.00,1000056,PC,2024-01-13 12:00:00,2026-08-01 00:00:00,2026-08-01,6.1764,,21937.8,28.802,2.8802,1163.07,306.366,0,1,13.2581,5189.9,1.42309,4.21453,355.412
172.00,1000057,CP,2025-05-13 12:00:00,2026-08-01 00:00:00,2026-08-01,23.7642,2.78899,418.28,2.32498,0.232498,712.052,43.0395,0,1,9.03516,6129.66,0.938893,4.23745,79.8304
173.00,1000058,PC,2020-05-12 12:00:00,2026-08-01 00:00:00,2026-08-01,3.36864,1.63087,804.849,2.8917,0.28917,1616.43,1143,0,1,10.1808,7162.12,0.963498,,171.718
174.00,1000058,FP,2025-05-17 12:00:00,2026-08-01 00:00:00,2026-08-01,16.7496,4.29048,14470.7,14.5736,1.45736,947.052,134.684,0,1,10.1808,7162.12,0.963498,4.64635,171.718
175.00,1000059,PC,2025-02-13 12:00:00,2026-08-01 00:00:00,2026-08-01,10.3454,3.06869,1005.41,6.34842,0.634842,1477.78,798.482,0,1,10.0228,7403.56,1.59229,4.51249,175.533
176.00,1000060,FP,2022-06-10 12:00:00,2026-08-01 00:00:00,2026-08-01,4.65956,2.63608,5390.37,8.69534,0.869534,1115.63,259.361,0,1,10.3825,4928.24,1.20338,4.77899,56.9154
177.00,1000061,CP,2022-04-10 12:00:00,2026-08-01 00:00:00,2026-08-01,6.83039,2.06829,2741.08,5.11434,0.511434,836.837,82.1078,0,1,9.11086,5026.19,0.840011,4.00398,184.694
178.00,1000062,PC,2025-04-13 12:00:00,2026-08-01 00:00:00,2026-08-01,10.7617,2.34843,460.721,2.38557,,1275.7,443.421,0,1,,8033.13,1.03474,3.87669,121.116
179.00,1000063,CP,2020-06-18 12:00:00,2026-08-01 00:00:00,2026-08-01,11.7683,2.71953,907.427,3.9737,0.39737,837.517,82.375,0,1,8.19187,4658.63,1.40754,4.82828,216.582
180.00,1000064,PC,2019-06-17 12:00:00,2026-08-01 00:00:00,2026-08-01,5.35751,6.90768,5346.52,8.20905,0.820905,928.581,124.48,0,1,11.6182,5101.22,0.853986,4.81724,303.624
181.00,1000065,APC,2020-01-13 12:00:00,2026-08-01 00:00:00,2026-08-01,36.6941,5.85325,1035.79,6.1623,0.61623,626.615,25.8121,0,1,9.38255,4354.12,1.92508,4.06451,461.564
182.00,1000066,PC,2020-05-18 12:00:00,2026-08-01 00:00:00,2026-08-01,28.0798,1.88436,1128.53,3.12386,0.312386,788.16,64.607,0,1,11.9495,7027.64,0.978113,4.65987,247.361
183.00,1000067,PC,2024-03-12 12:00:00,2026-08-01 00:00:00,2026-08-01,8.02079,2.2091,13214.6,15.5941,1.55941,1291.46,465.737,0,1,10.3351,6645.39,1.27384,3.6959,185.662
184.00,1000068,APC,2025-03-12 12:00:00,2026-08-01 00:00:00,2026-08-01,5.54483,4.53962,164.054,2.31373,0.231373,1529.02,915.109,0,1,11.8933,6019.68,1.70133,4.52195,303.134
185.00,1000069,FA,2024-06-13 12:00:00,2026-08-01 00:00:00,2026-08-01,12.165,1.96464,800.531,3.02683,0.302683,739.174,49.9812,0,1,10.5747,4796.14,1.05755,4.86616,263.753
186.00,1000070,FP,2024-02-10 12:00:00,2026-08-01 00:00:00,2026-08-01,6.45241,3.0592,4589.49,7.44414,0.744414,,137.008,0,1,9.23676,5350.97,0.921714,4.22732,577.301
187.00,1000071,FP,2023-02-15 12:00:00,2026-08-01 00:00:00,2026-08-01,2.24811,2.53388,982.653,3.65094,0.365094,993.531,163.135,0,1,10.7918,3882.28,0.946058,4.4225,118.763
188.00,1000072,PC,2025-03-10 12:00:00,2026-08-01 00:00:00,2026-08-01,6.78784,2.21061,,3.84818,0.384818,648.487,29.6092,0,1,10.657,4711.26,0.571743,4.16448,433.293
189.00,1000073,PC,2025-05-10 12:00:00,2026-08-01 00:00:00,2026-08-01,1.5174,4.14223,7208.2,9.23298,0.923298,1141.39,284.152,0,1,13.058,4076.31,,4.29636,200.951
190.00,1000074,CP,2024-04-12 12:00:00,2026-08-01 00:00:00,2026-08-01,2.67437,,633.182,4.59698,0.459698,1761.36,1611.45,0,1,7.96602,5819.77,1.48554,4.46847,143.5
191.00,1000075,PC,2023-02-16 12:00:00,2026-08-01 00:00:00,2026-08-01,8.42339,4.53938,867.173,7.15395,0.715395,1340.09,539.962,0,1,11.8541,5240.54,2.27873,4.49824,251.688
192.00,1000076,FP,2023-04-14 12:00:00,2026-08-01 00:00:00,2026-08-01,12.5223,6.48018,3494.86,9.5044,0.95044,1184.57,329.661,0,1,11.3418,6194.82,1.65974,4.13378,137.775
193.00,1000077,PC,2025-08-18 12:00:00,2026-08-01 00:00:00,2026-08-01,12.3555,2.40409,1449.95,5.1491,0.51491,780.384,62.0946,0,1,12.4498,4647.69,,4.50504,67.1131
194.00,1000078,FP,2025-01-15 12:00:00,2026-08-01 00:00:00,2026-08-01,4.30446,2.82635,2555.53,6.40563,0.640563,1336.17,533.666,0,1,10.5161,5903.07,,3.75838,195.257
195.00,1000079,PC,2025-07-14 12:00:00,2026-08-01 00:00:00,2026-08-01,19.1738,3.57966,205.29,0.756503,0.0756503,436.299,6.06678,0,1,11.3205,4895.81,0.478896,4.23208,53.7519
196.00,1000080,FP,2023-06-16 12:00:00,2026-08-01 00:00:00,2026-08-01,5.57736,3.76855,8376.74,,0.516624,830.116,79.5017,0,1,10.8865,5944.66,0.51621,4.20404,129.898
197.00,1000081,CP,2019-05-10 12:00:00,2026-08-01 00:00:00,2026-08-01,13.4743,1.45138,1803.86,4.62808,0.462808,1004.32,170.34,0,1,7.67978,6804.09,1.03847,4.10723,160.945
198.00,1000081,PC,2023-07-18 12:00:00,2026-08-01 00:00:00,2026-08-01,3.12125,5.12478,1821.73,4.04749,0.404749,1635.31,1197.34,0,1,7.67978,6804.09,1.03847,4.10723,160.945
199.00,1000082,PC,2023-04-18 12:00:00,2026-08-01 00:00:00,2026-08-01,20.4518,1.96416,973.282,3.68287,0.368287,759.62,55.7451,0,1,12.7022,6009.58,1.00579,4.06508,194.337
200.00,1000082,FP,2022-04-12 12:00:00,2026-08-01 00:00:00,2026-08-01,23.0121,2.38921,4202.13,,0.683235,730.334,47.6329,0,1,12.7022,6009.58,1.00579,,194.337
201.00,1000083,CP,2025-03-18 12:00:00,2026-08-01 00:00:00,2026-08-01,14.926,3.46954,1370.32,3.10403,0.310403,781.339,,0,1,9.69013,5990.86,0.867988,4.00738,93.0658
202.00,1000084,PC,2019-07-11 12:00:00,2026-08-01 00:00:00,2026-08-01,1.4605,5.93324,4376.56,5.38179,0.538179,1592.23,1076.07,0,1,11.345,5631.43,0.866212,4.49901,77.3795
203.00,1000085,PC,2020-07-13 12:00:00,2026-08-01 00:00:00,2026-08-01,12.8906,3.53797,5108.38,13.5795,1.35795,1309.92,492.942,0,1,8.77254,6883.9,1.67565,4.52768,207.606
204.00,1000086,PC,2023-04-10 12:00:00,2026-08-01 00:00:00,2026-08-01,,1.75646,643.81,3.56181,0.356181,2177.68,3765.28,0,1,12.2954,,1.3126,4.58071,105.907
205.00,1000087,FP,2025-06-15 12:00:00,2026-08-01 00:00:00,2026-08-01,9.1133,2.74849,2002.43,4.54307,0.454307,1049.03,202.753,0,1,9.75312,6273.88,1.02676,4.27726,320.68
206.00,1000088,PC,2020-04-10 12:00:00,2026-08-01 00:00:00,2026-08-01,41.286,2.20169,353.712,1.38839,0.138839,434.899,5.98925,0,1,11.8989,5216.97,0.698756,3.97648,80.0896
207.00,1000089,PC,2020-01-13 12:00:00,2026-08-01 00:00:00,2026-08-01,5.8043,3.31784,569.069,2.13687,0.213687,916.272,118.01,0,1,9.47336,5012.64,0.908379,4.0891,93.1018
208.00,1000089,PC,2020-01-17 12:00:00,2026-08-01 00:00:00,2026-08-01,1.683,5.97504,6658.15,9.01843,0.901843,1384.35,614.901,0,1,9.47336,5012.64,0.908379,4.0891,93.1018
209.00,1000090,FP,2024-08-16 12:00:00,2026-08-01 00:00:00,2026-08-01,10.7772,3.65074,1196.97,4.97503,0.497503,888.476,104.329,0,1,9.95035,4925.6,1.33627,4.79059,90.8087
210.00,1000091,CP,2019-08-10 12:00:00,2026-08-01 00:00:00,2026-08-01,1.78771,1.21735,1091.56,3.60368,0.360368,1515.27,882.64,0,1,9.11738,5540.28,0.92747,4.68356,124.278
211.00,1000092,FP,2023-05-17 12:00:00,2026-08-01 00:00:00,2026-08-01,0.678241,6.28488,343.665,3.10121,0.310121,3251.97,18724.2,0,1,,,1.43105,4.37801,250.033
212.00,1000093,PC,2020-08-13 12:00:00,2026-08-01 00:00:00,2026-08-01,95.3883,1.99346,6553.27,3.76841,0.376841,351.635,2.5597,0,1,9.81476,6272.72,0.552229,,460.158
213.00,1000094,PC,2022-03-11 12:00:00,2026-08-01 00:00:00,2026-08-01,2.52155,5.67349,1620.21,2.85278,0.285278,,290.085,0,1,12.863,5906.7,0.588336,4.38826,113.841
214.00,1000095,PC,2019-07-13 12:00:00,2026-08-01 00:00:00,2026-08-01,1.44774,5.45048,463.278,2.04747,0.204747,1719.51,1463.67,0,1,13.1877,5877.27,0.922087,4.69658,143.659
215.00,1000096,PC,2025-07-10 12:00:00,2026-08-01 00:00:00,2026-08-01,9.75389,5.63973,339.367,2.52518,0.252518,859.264,91.2697,0,1,12.7623,4428.96,1.44639,,322.602
216.00,1000097,PC,2024-05-18 12:00:00,2026-08-01 00:00:00,2026-08-01,22.1515,1.73692,1744.19,8.5374,0.85374,902.051,110.853,0,1,8.67253,5165.17,2.02494,4.13636,65.874
217.00,1000098,APC,2021-02-17 12:00:00,2026-08-01 00:00:00,2026-08-01,,8.01682,6811.52,3.75099,0.375099,1330.9,525.29,0,1,10.2744,6853.36,0.412565,4.62097,718.455
218.00,1000099,PC,2025-07-17 12:00:00,2026-08-01 00:00:00,2026-08-01,2.32217,3.23488,,3.45986,0.345986,1562.35,997.553,0,1,10.9728,5825.55,1.06169,4.25621,
219.00,1000100,FP,2023-03-14 12:00:00,2026-08-01 00:00:00,2026-08-01,183.601,3.74131,26235,13.9914,1.39914,269.907,0.888535,0,1,10.0033,5261.16,0.715644,4.33459,233.732
220.00,1000101,FP,2025-07-15 12:00:00,2026-08-01 00:00:00,2026-08-01,24.1607,2.21669,847.544,4.35255,0.435255,868.717,95.3531,0,1,9.17242,6452.29,1.27522,4.54919,332.071
221.00,1000102,FP,2022-08-14 12:00:00,2026-08-01 00:00:00,2026-08-01,4.18035,5.49143,2871.15,3.45612,0.345612,938.634,129.959,0,1,11.0827,5325.45,0.678587,4.72542,226.689
222.00,1000103,FP,2024-06-18 12:00:00,2026-08-01 00:00:00,2026-08-01,6.31388,3.5829,1792.66,7.30925,0.730925,,800.016,0,1,12.2252,6002.3,1.74469,4.41402,304.559
223.00,1000104,CP,2020-03-17 12:00:00,2026-08-01 00:00:00,2026-08-01,20.3878,3.53004,1351.1,3.69895,0.369895,810.3,72.1778,0,1,9.63953,6456.66,0.989402,4.81644,
224.00,1000105,FP,2025-06-10 12:00:00,2026-08-01 00:00:00,2026-08-01,9.617,7.79421,4580.46,9.09139,0.909139,1269.65,435.063,0,1,10.9655,7032.15,1.24089,4.48676,383.621
225.00,1000106,PC,2020-01-10 12:00:00,2026-08-01 00:00:00,2026-08-01,8.36474,1.33783,919.168,5.31539,0.531539,1351.22,558.115,0,1,11.4313,6486.85,1.505,4.45302,88.691
226.00,1000106,PC,2021-01-16 12:00:00,2026-08-01 00:00:00,2026-08-01,3.48742,3.74026,3123.91,10.6061,1.06061,1808.74,1791.93,0,1,11.4313,6486.85,1.505,4.45302,88.691
227.00,1000106,PC,2019-06-15 12:00:00,2026-08-01 00:00:00,2026-08-01,3.791,1.74342,267.87,2.4278,0.24278,1759.11,1603.2,0,1,11.4313,6486.85,1.505,4.45302,88.691
228.00,1000107,PC,2025-08-10 12:00:00,2026-08-01 00:00:00,2026-08-01,,1.89307,18624.3,10.8525,1.08525,794.17,66.5999,0,1,13.5064,,0.725217,4.34291,119.166
229.00,1000108,PC,2025-01-12 12:00:00,2026-08-01 00:00:00,2026-08-01,5.67182,7.5827,566.338,2.75091,0.275091,930.525,125.526,0,1,,4654.99,1.06975,4.22163,95.8867
230.00,1000109,PC,2024-04-11 12:00:00,2026-08-01 00:00:00,2026-08-01,3.52149,4.2128,2880.4,8.79376,0.879376,,1262.91,0,1,11.1721,6001.07,1.48589,4.6533,231.518
231.00,1000110,PC,2025-05-11 12:00:00,2026-08-01 00:00:00,2026-08-01,0.593586,5.60981,3539.53,9.59924,0.959924,2739.49,9429.68,0,1,12.7519,5584.71,1.43057,4.16941,261.299
232.00,1000110,FP,2023-06-13 12:00:00,2026-08-01 00:00:00,2026-08-01,8.15364,8.24465,,10.8561,1.08561,1143.88,286.642,0,1,12.7519,5584.71,1.43057,4.16941,261.299
233.00,1000111,CP,2022-08-18 12:00:00,2026-08-01 00:00:00,2026-08-01,4.88803,2.67141,3374.15,10.3346,1.03346,1716.95,1454.97,0,1,8.47324,,1.70457,4.31624,48.0253
234.00,1000112,CP,2019-06-13 12:00:00,2026-08-01 00:00:00,2026-08-01,32.4298,5.57094,1819.86,5.28713,0.528713,781.735,62.5259,0,1,10.7695,6775.17,1.13962,4.37257,250.063
235.00,1000113,PC,2025-02-17 12:00:00,2026-08-01 00:00:00,2026-08-01,8.01104,2.99246,4705.76,5.22678,0.522678,547.909,15.0888,0,1,10.0539,3734.25,0.725525,3.94936,235.666
236.00,1000113,PC,2020-03-12 12:00:00,2026-08-01 00:00:00,2026-08-01,17.0952,1.84671,755.506,1.87108,0.187108,425.579,5.49215,0,1,10.0539,3734.25,0.725525,3.94936,235.666
237.00,1000114,PC,2022-06-15 12:00:00,2026-08-01 00:00:00,2026-08-01,7.03443,4.99195,3797.79,4.46002,0.446002,961.452,143.064,0,1,11.9765,6232.83,0.73534,4.10833,189.833
238.00,1000115,PC,2025-01-16 12:00:00,2026-08-01 00:00:00,2026-08-01,5.41677,5.11429,,7.9485,0.79485,1019,180.514,0,1,13.3354,5481.63,0.897158,4.05194,128.286
239.00,1000116,PC,2024-04-16 12:00:00,2026-08-01 00:00:00,2026-08-01,11.59,3.16524,671.838,3.16647,0.316647,953.516,138.399,0,1,10.7433,6152.01,1.0356,4.30678,1200.12
240.00,1000117,PC,2021-08-15 12:00:00,2026-08-01 00:00:00,2026-08-01,18.9142,5.55822,22913.5,12.4443,1.24443,492.463,9.84726,0,1,10.4507,4105.53,0.859775,4.61169,124.168
241.00,1000118,CP,2024-03-12 12:00:00,2026-08-01 00:00:00,2026-08-01,35.1318,3.53748,639.935,3.4765,0.34765,385.438,3.69523,0,1,12.0141,3164.67,1.33938,4.33149,191.899
242.00,1000119,PC,2022-04-16 12:00:00,2026-08-01 00:00:00,2026-08-01,6.66423,1.39402,2503.51,6.94895,0.694895,1479.26,801.683,0,1,14.3535,7151.24,1.2755,4.34057,132.636
243.00,1000120,FP,2023-04-17 12:00:00,2026-08-01 00:00:00,2026-08-01,37.2935,5.4872,4200.9,5.67299,0.567299,573.623,18.1271,0,1,11.1522,6428.23,0.748186,4.11965,360.113
244.00,1000121,CP,2019-06-13 12:00:00,2026-08-01 00:00:00,2026-08-01,0.582531,2.24483,1172.85,5.18125,0.518125,2235.82,4183.77,0,1,12.7541,4674.07,1.34342,4.00267,139.228
245.00,1000122,FP,2023-08-15 12:00:00,2026-08-01 00:00:00,2026-08-01,7.0624,4.37258,1301.65,5.11142,0.511142,,483.709,0,1,10.2296,5945.21,1.49005,4.30696,95.7385
246.00,1000123,PC,2020-07-10 12:00:00,2026-08-01 00:00:00,2026-08-01,4.11125,3.39612,522.092,1.9333,0.19333,1097.53,242.936,0,1,12.5445,5329.35,0.916191,4.2343,270.246
247.00,1000124,PC,2019-05-17 12:00:00,2026-08-01 00:00:00,2026-08-01,15.0686,7.69808,2065.14,6.01177,0.601177,882.583,101.588,0,1,11.2131,,,4.53328,69.8031
248.00,1000125,PC,2025-06-13 12:00:00,2026-08-01 00:00:00,2026-08-01,7.83234,3.57778,3628.74,6.28625,0.628625,910.633,,0,1,12.4127,5208.65,1.01472,3.97142,178.566
249.00,1000126,PC,2024-06-15 12:00:00,2026-08-01 00:00:00,2026-08-01,15.9009,3.66589,2270.99,6.99584,0.699584,829.763,79.3667,0,1,11.6154,5602.99,1.16735,4.04359,113.108
250.00,1000127,CP,2025-06-14 12:00:00,2026-08-01 00:00:00,2026-08-01,1.20406,3.0429,2059.6,3.42931,0.342931,1919.58,2273.25,0,1,10.7705,7252.71,0.667362,4.80931,98.9814
251.00,1000127,PC,2021-06-18 12:00:00,2026-08-01 00:00:00,2026-08-01,14.9206,3.2356,1052.23,2.17815,0.217815,829.521,79.2739,0,1,10.7705,7252.71,0.667362,4.80931,98.9814
252.00,1000128,FP,2020-03-10 12:00:00,2026-08-01 00:00:00,2026-08-01,5.61325,2.78827,6452.56,4.62525,0.462525,880.536,100.649,0,1,9.91822,6560.27,0.478973,4.40667,681.322
253.00,1000129,FP,2021-06-10 12:00:00,2026-08-01 00:00:00,2026-08-01,17.682,,4739.49,11.4305,1.14305,950.437,136.62,0,1,10.2648,5798.35,1.535,4.39546,170.676
254.00,1000130,CP,2021-02-10 12:00:00,2026-08-01 00:00:00,2026-08-01,8.94615,2.0731,,6.05855,0.605855,1207.22,,0,1,8.88292,6082.43,1.42898,4.74997,187.218
255.00,1000131,FP,2019-03-12 12:00:00,2026-08-01 00:00:00,2026-08-01,8.13573,4.66344,2435.79,5.0344,0.50344,765.723,57.5582,0,1,11.0683,4834.07,0.854343,4.37658,203.28
256.00,1000132,PC,2025-03-14 12:00:00,2026-08-01 00:00:00,2026-08-01,53.3847,2.84879,,1.92743,0.192743,459.789,7.48263,0,1,11.6668,5401.98,0.864582,4.96961,114.947
257.00,1000133,FP,2024-01-18 12:00:00,2026-08-01 00:00:00,2026-08-01,1.16095,2.91738,4415.07,8.79396,0.879396,1754.43,1586.21,0,1,11.4439,4711.72,1.28915,4.26865,322.595
258.00,1000134,CP,2020-01-17 12:00:00,2026-08-01 00:00:00,2026-08-01,,2.32938,2368.64,4.58295,0.458295,662.271,32.208,0,1,9.17168,5262.31,0.795149,4.57348,149.835
259.00,1000135,KP,2023-06-11 12:00:00,2026-08-01 00:00:00,2026-08-01,1.44375,4.75926,,4.40286,0.440286,2127.22,3428.24,0,1,8.66993,7189.25,0.941389,4.74417,234.653
260.00,1000136,FP,2025-07-11 12:00:00,2026-08-01 00:00:00,2026-08-01,0.714288,1.68316,10100.7,9.7178,0.97178,2038.79,2892.74,0,1,12.6237,5242.34,1.01732,4.04491,217.727
261.00,1000137,PC,2021-03-11 12:00:00,2026-08-01 00:00:00,2026-08-01,52.1583,3.18463,257.342,2.44819,,504.838,10.875,0,1,12.933,4790.59,1.30494,4.46313,351.652
262.00,1000138,FP,2021-04-14 12:00:00,2026-08-01 00:00:00,2026-08-01,0.886858,1.72448,8806.81,9.95134,0.995134,2425.16,5791.43,0,1,10.7211,6163.08,1.20312,4.31171,71.1046
263.00,1000139,PC,2020-07-17 12:00:00,2026-08-01 00:00:00,2026-08-01,0.664358,5.12162,7296.7,7.10274,0.710274,1770.11,1643.68,0,1,12.7984,5358.72,0.699295,3.62216,128.558
264.00,1000140,PC,2024-03-17 12:00:00,2026-08-01 00:00:00,2026-08-01,2.18993,1.92857,568.042,2.9771,0.29771,1325.25,516.433,0,1,11.0558,4759.3,1.10065,4.85284,127.366
265.00,1000141,CP,2025-07-15 12:00:00,2026-08-01 00:00:00,2026-08-01,1.10753,2.78599,345.84,1.35479,0.135479,1446.48,,0,1,,5180.77,0.702413,4.12562,270.531
266.00,1000142,KP,2024-04-10 12:00:00,2026-08-01 00:00:00,2026-08-01,,3.55296,1952.74,5.24961,0.524961,568.017,17.4287,0,1,8.87448,5509.15,0.941942,4.66469,140.215
267.00,1000143,PC,2021-04-14 12:00:00,2026-08-01 00:00:00,2026-08-01,24.6944,2.68559,771.845,2.98788,0.298788,762.819,56.69,0,1,9.65715,6059.29,1.13131,4.23862,206.633
268.00,1000144,FP,2022-05-11 12:00:00,2026-08-01 00:00:00,2026-08-01,4.46554,2.56814,682.718,2.04924,0.204924,1310.4,,0,1,9.54068,7486.38,0.699359,4.17025,207.579
269.00,1000145,PC,2024-03-17 12:00:00,2026-08-01 00:00:00,2026-08-01,5.38547,2.32531,3060.49,6.49612,0.649612,893.524,106.72,0,1,12.1257,4490.93,1.02378,4.21873,395.888
270.00,1000146,PC,2020-01-17 12:00:00,2026-08-01 00:00:00,2026-08-01,8.67774,3.62524,521.932,1.8781,0.18781,585.617,19.6914,0,1,10.8214,4092.14,0.727973,4.39036,
271.00,1000147,PC,2023-01-18 12:00:00,2026-08-01 00:00:00,2026-08-01,7.27123,2.18375,455.146,2.03537,0.203537,1068.77,218.452,0,1,14.0185,6078.37,0.976748,4.66677,148.675
272.00,1000148,FP,2024-02-17 12:00:00,2026-08-01 00:00:00,2026-08-01,15.5899,4.18327,1532.96,2.50627,0.250627,525.474,12.7652,0,1,10.7642,5021.81,0.575167,4.53017,76.3142
273.00,1000149,FP,2022-05-13 12:00:00,2026-08-01 00:00:00,2026-08-01,3.49092,1.87079,4034.31,5.35628,0.535628,,63.8655,0,1,11.0685,4255.14,0.66075,4.56318,311.046
274.00,1000150,PC,2023-06-10 12:00:00,2026-08-01 00:00:00,2026-08-01,,2.95877,2442.39,4.21548,0.421548,1192.76,338.864,0,1,12.4895,5002.78,1.01247,4.48379,312.135
275.00,1000151,FP,2022-03-11 12:00:00,2026-08-01 00:00:00,2026-08-01,21.0044,1.95171,2517.22,6.09346,0.609346,716.507,44.1269,0,1,11.8941,5590.52,1.0526,4.24093,147.219
276.00,1000152,FP,2019-07-12 12:00:00,2026-08-01 00:00:00,2026-08-01,3.13433,3.32287,1664.62,9.17527,0.917527,1725.07,1482.67,0,1,11.9311,5290.56,1.91671,4.40765,208.103
277.00,1000153,PC,2025-03-15 12:00:00,2026-08-01 00:00:00,2026-08-01,,2.67084,2658.79,5.48123,0.548123,598.802,21.5255,0,1,10.6521,,1.14115,4.32627,180.667
278.00,1000154,PC,2021-03-11 12:00:00,2026-08-01 00:00:00,2026-08-01,1.95218,3.89168,549.949,1.73907,0.173907,1114.43,258.243,0,1,12.1187,,0.616406,4.05748,151.965
279.00,1000155,FP,2024-02-17 12:00:00,2026-08-01 00:00:00,2026-08-01,1.21424,3.03046,1778.97,2.56736,0.256736,1525.42,906.512,0,1,9.63767,5881.43,0.644462,4.77458,340.319
280.00,1000156,PC,2025-04-14 12:00:00,2026-08-01 00:00:00,2026-08-01,11.0236,5.78766,2248.82,5.70227,0.570227,825.82,77.8686,0,1,12.8832,4801.81,1.23319,4.31319,737.49
281.00,1000157,PC,2022-04-17 12:00:00,2026-08-01 00:00:00,2026-08-01,17.852,1.67299,258.444,1.15595,0.115595,562.406,16.7502,0,1,12.4939,5364.66,0.631913,4.26093,248.317
282.00,1000158,PC,2020-03-18 12:00:00,2026-08-01 00:00:00,2026-08-01,15.6557,2.0039,8367.84,8.23139,0.823139,775.691,60.6145,0,1,12.7155,,0.804232,4.35913,170.284
283.00,1000159,PC,2023-02-13 12:00:00,2026-08-01 00:00:00,2026-08-01,3.4729,6.43226,690.535,2.56073,0.256073,1190.23,336.004,0,1,12.5857,5957.6,0.770486,4.3524,131.312
284.00,1000160,PC,2025-05-13 12:00:00,2026-08-01 00:00:00,2026-08-01,54.8459,2.84055,2214.95,6.43413,0.643413,686.234,37.1287,0,1,13.234,6638.38,1.29848,4.48735,205.189
285.00,1000161,PC,2019-02-15 12:00:00,2026-08-01 00:00:00,2026-08-01,2.34232,2.47703,2746.08,7.85372,0.785372,1548.48,962.604,0,1,11.6505,5255.07,,4.36865,136.029
286.00,1000162,CP,2024-08-18 12:00:00,2026-08-01 00:00:00,2026-08-01,3.88521,3.48979,1106.82,3.74021,0.374021,1623.31,1162.6,0,1,12.9199,7720.31,0.919731,4.46185,174.582
287.00,1000163,FP,2020-03-15 12:00:00,2026-08-01 00:00:00,2026-08-01,5.30835,5.20227,10393.2,14.7794,1.47794,1256.57,417.411,0,1,9.72853,5456.33,1.3585,4.29826,1045.22
288.00,1000164,PC,2023-08-13 12:00:00,2026-08-01 00:00:00,2026-08-01,9.17505,5.87323,2942.16,9.97813,0.997813,1271.91,438.172,0,1,10.0196,5874.04,,4.48648,53.1911
289.00,1000164,APC,2020-06-12 12:00:00,2026-08-01 00:00:00,2026-08-01,2.55664,5.60024,1473,8.03951,0.803951,1947.31,2407.48,0,1,10.0196,5874.04,1.72966,4.48648,53.1911
290.00,1000164,PC,2025-03-17 12:00:00,2026-08-01 00:00:00,2026-08-01,2.68569,3.7247,15351.4,21.7158,2.17158,1915.61,2254.49,0,1,10.0196,5874.04,1.72966,4.48648,53.1911
291.00,1000165,PC,2021-07-17 12:00:00,2026-08-01 00:00:00,2026-08-01,5.75448,3.88864,832.458,5.15074,0.515074,1206.49,354.742,0,1,11.8117,5059.39,1.53711,4.63997,188.225
292.00,1000166,PC,2021-06-16 12:00:00,2026-08-01 00:00:00,2026-08-01,8.02769,,1685.37,4.26843,0.426843,985.541,157.95,0,1,11.9998,5985.39,0.914973,4.27385,156.208
293.00,1000167,PC,2020-03-16 12:00:00,2026-08-01 00:00:00,2026-08-01,21.5818,3.60432,6039.96,13.4785,1.34785,905.199,112.408,0,1,10.705,5561.74,1.72839,4.46058,302.128
294.00,1000168,APC,2019-06-10 12:00:00,2026-08-01 00:00:00,2026-08-01,8.15431,5.3113,543.756,2.45397,0.245397,763.386,56.8589,0,1,12.0766,4676.69,0.908628,4.66212,133.367
295.00,1000169,FP,2025-07-15 12:00:00,2026-08-01 00:00:00,2026-08-01,3.35427,3.58039,2147.6,4.5859,0.45859,1260.2,422.26,0,1,,5375.46,1.03665,4.18906,102.032
296.00,1000169,KP,2024-03-10 12:00:00,2026-08-01 00:00:00,2026-08-01,1.14013,4.72824,4362.53,8.56007,0.856007,1805.74,1780.07,0,1,10.1642,5375.46,1.03665,4.18906,102.032
297.00,1000170,PC,2023-04-18 12:00:00,2026-08-01 00:00:00,2026-08-01,15.8832,3.45053,429.145,4.21049,0.421049,962.124,143.465,0,1,11.4848,4753.21,2.1792,4.54095,592.738
298.00,1000171,PC,2024-07-13 12:00:00,2026-08-01 00:00:00,2026-08-01,4.29275,2.92416,3488.2,4.8133,0.48133,1421.76,684.114,0,1,14.1981,7177.43,0.872415,4.37289,372.397
299.00,1000172,PC,2020-08-14 12:00:00,2026-08-01 00:00:00,2026-08-01,2.19572,2.33537,2936.74,11.3059,1.13059,1575.69,1032.06,0,1,12.694,4373.88,1.84548,4.76853,144.666
300.00,1000173,PC,2023-07-14 12:00:00,2026-08-01 00:00:00,2026-08-01,4.58864,7.57313,3653.44,7.66464,,1212.2,361.512,0,1,13.2221,5901.12,0.98082,4.20875,307.793
301.00,1000173,PC,2023-03-15 12:00:00,2026-08-01 00:00:00,2026-08-01,6.75122,1.94815,12906.1,12.0727,1.20727,1065.8,216.036,0,1,13.2221,5901.12,0.98082,4.20875,307.793
302.00,1000174,FP,2021-08-14 12:00:00,2026-08-01 00:00:00,2026-08-01,12.1704,4.64982,1776.46,4.95745,0.495745,1037.96,194.328,0,1,10.3845,6363.76,1.18481,,183.427
303.00,1000175,PC,2021-04-12 12:00:00,2026-08-01 00:00:00,2026-08-01,48.1809,5.37082,2308.88,6.38785,0.638785,529.558,13.1666,0,1,13.0521,5400.73,1.07157,4.38619,142.284
304.00,1000175,CP,2024-02-10 12:00:00,2026-08-01 00:00:00,2026-08-01,5.87754,2.81642,358.56,1.87839,0.187839,1067.76,217.627,0,1,13.0521,5400.73,1.07157,4.38619,142.284
305.00,1000176,KP,2022-06-15 12:00:00,2026-08-01 00:00:00,2026-08-01,20.7058,,2367.16,5.11091,0.511091,795.662,67.1019,0,1,9.03809,6512.49,0.947417,3.97294,243.665
306.00,1000176,FP,2019-02-10 12:00:00,2026-08-01 00:00:00,2026-08-01,5.55725,,1608.57,3.963,0.3963,1233.5,387.595,0,1,9.03809,6512.49,0.947417,3.97294,243.665
307.00,1000177,APC,2019-03-11 12:00:00,2026-08-01 00:00:00,2026-08-01,5.15161,8.42922,7860.44,,0.653082,,153.521,0,1,13.4238,5899.82,0.69073,4.24079,72.2225
308.00,1000178,FP,2021-07-14 12:00:00,2026-08-01 00:00:00,2026-08-01,9.06449,5.90072,8256.95,6.6445,0.66445,858.303,90.8623,0,1,9.95281,6414.94,0.655102,4.21995,61.4022
309.00,1000179,FP,2024-01-16 12:00:00,2026-08-01 00:00:00,2026-08-01,3.61307,2.8144,2070.9,6.2803,0.62803,1422.06,684.683,0,1,8.01621,5876.88,1.16049,4.42667,
310.00,1000180,FP,2020-07-11 12:00:00,2026-08-01 00:00:00,2026-08-01,6.0649,2.371,6876.96,,1.36923,1267.5,432.123,0,1,12.1652,5210.01,1.65684,3.82381,98.5235
311.00,1000181,PC,2019-01-10 12:00:00,2026-08-01 00:00:00,2026-08-01,44.4647,3.422,1462.55,1.22402,0.122402,334.83,2.10436,0,1,11.0006,5820.65,0.349597,4.25651,529.948
312.00,1000182,CP,2024-04-16 12:00:00,2026-08-01 00:00:00,2026-08-01,17.3717,4.30414,686.959,3.39873,0.339873,841.437,83.9282,0,1,10.5044,5521.61,1.31116,4.45938,88.1583
313.00,1000183,PC,2019-05-11 12:00:00,2026-08-01 00:00:00,2026-08-01,1.83169,2.60819,1408.95,5.65213,0.565213,1802.02,1765.46,0,1,12.3329,5547.43,1.3297,3.95726,113.099
314.00,1000184,PC,2024-08-10 12:00:00,2026-08-01 00:00:00,2026-08-01,4.51538,1.84525,361.483,2.60729,0.260729,883.689,102.098,0,1,12.8919,,1.41979,4.38382,179.573
315.00,1000185,FA,2024-04-16 12:00:00,2026-08-01 00:00:00,2026-08-01,10.3214,3.40406,767.278,2.3984,0.23984,853.448,,0,1,11.4213,5906.4,0.833137,4.14974,148.489
316.00,1000186,CP,2023-04-18 12:00:00,2026-08-01 00:00:00,2026-08-01,7.91869,,2639.26,8.55895,0.855895,1351.77,559.027,0,1,,6373.89,1.50412,4.58986,337.874
317.00,1000187,PC,2020-06-16 12:00:00,2026-08-01 00:00:00,2026-08-01,6.12423,3.37418,6275.72,6.09163,0.609163,,51.5944,0,1,10.1137,4542.69,0.757965,4.40999,52.3727
318.00,1000188,PC,2021-01-10 12:00:00,2026-08-01 00:00:00,2026-08-01,27.1898,2.73443,668.381,2.06937,0.206937,642.799,28.5839,0,1,10.3941,6019.56,0.867912,4.41634,121.436
319.00,1000189,PC,2019-01-17 12:00:00,2026-08-01 00:00:00,2026-08-01,21.134,2.00337,399.657,2.63502,0.263502,800.967,68.9095,0,1,12.9083,5741,1.25245,,97.802
320.00,1000190,KP,2024-07-13 12:00:00,2026-08-01 00:00:00,2026-08-01,3.43707,3.39039,4271,5.50448,0.550448,1246.41,404.079,0,1,8.36145,6366.75,0.734735,4.68435,220.487
321.00,1000191,PC,2022-07-12 12:00:00,2026-08-01 00:00:00,2026-08-01,12.151,4.41707,3662.95,5.21957,0.521957,712.33,43.1069,0,1,10.793,5190.54,0.837908,4.333,
322.00,1000192,CP,2023-08-14 12:00:00,2026-08-01 00:00:00,2026-08-01,1.97007,2.3153,871.034,6.30063,0.630063,1837.02,1906.66,0,1,8.92015,4454.89,2.24935,4.26596,179.289
323.00,1000193,FP,2020-01-18 12:00:00,2026-08-01 00:00:00,2026-08-01,1.4296,3.38598,2913.42,5.2276,0.52276,1485.85,816.052,0,1,8.82917,5186.8,0.876613,4.70661,600.666
324.00,1000194,FP,2025-01-16 12:00:00,2026-08-01 00:00:00,2026-08-01,4.91791,1.70214,10884.7,16.7853,1.67853,1416.04,673.169,0,1,11.9317,5645.85,1.53131,4.53307,222.982
325.00,1000195,CP,2023-04-11 12:00:00,2026-08-01 00:00:00,2026-08-01,5.80746,2.40717,1184.67,2.9659,0.29659,873.084,97.2848,0,1,9.09819,5078.77,0.803715,4.36393,128.747
326.00,1000196,PC,2025-01-18 12:00:00,2026-08-01 00:00:00,2026-08-01,6.30114,5.58569,5340.2,19.4416,1.94416,1367.81,586.03,0,1,12.2113,4688.85,2.44369,4.11667,176.825
327.00,1000197,PC,2021-05-11 12:00:00,2026-08-01 00:00:00,2026-08-01,,4.56977,203.945,1.90503,0.190503,1780.33,1681.97,0,1,12.2621,6031.26,1.11828,4.57518,208.234
328.00,1000198,PC,2020-05-13 12:00:00,2026-08-01 00:00:00,2026-08-01,9.92356,1.75916,872.638,3.76383,0.376383,893.667,106.788,0,1,12.9977,5547.31,1.00882,4.45261,76.2028
329.00,1000199,PC,2020-01-18 12:00:00,2026-08-01 00:00:00,2026-08-01,11.0079,4.91556,,2.04217,0.204217,1143.29,286.054,0,1,12.6255,6465.6,1.30241,3.58997,
330.00,1000199,PC,2021-01-13 12:00:00,2026-08-01 00:00:00,2026-08-01,1.53906,6.18083,1306.52,5.46902,0.546902,2202.79,3941.94,0,1,12.6255,6465.6,1.30241,,102.892
331.00,1000200,PC,2019-06-15 12:00:00,2026-08-01 00:00:00,2026-08-01,1.77596,1.55186,1843.55,4.07526,0.407526,1938.47,2364.05,0,1,11.6638,7597.7,0.803576,4.71634,250.029
332.00,1000201,PC,2023-07-11 12:00:00,2026-08-01 00:00:00,2026-08-01,10.6607,3.37562,2216.86,7.66316,0.766316,1271.68,437.853,0,1,10.4763,6394.7,1.61245,4.44265,357.74
333.00,1000201,PC,2020-05-13 12:00:00,2026-08-01 00:00:00,2026-08-01,0.985215,2.34592,2804.53,9.06483,0.906483,2812.73,10479.3,0,1,10.4763,6394.7,1.61245,4.44265,357.74
334.00,1000201,FP,2019-06-14 12:00:00,2026-08-01 00:00:00,2026-08-01,2.03604,2.24135,542.998,4.55538,0.455538,,3981,0,1,10.4763,6394.7,1.61245,4.44265,357.74
335.00,1000202,CP,2023-03-13 12:00:00,2026-08-01 00:00:00,2026-08-01,2.95261,1.7987,364.211,1.61346,0.161346,1334.42,530.869,0,1,9.79278,6375.33,0.758985,4.50737,150.88
336.00,1000203,PC,2021-03-12 12:00:00,2026-08-01 00:00:00,2026-08-01,2.81466,8.13466,376.376,3.91992,0.391992,1560.06,991.708,0,1,10.1993,4650.4,1.88843,4.76174,161.1
337.00,1000204,PC,2019-05-15 12:00:00,2026-08-01 00:00:00,2026-08-01,3.77967,2.8703,1372.26,3.98762,0.398762,1323.4,513.554,0,1,10.1717,6042.43,0.979743,4.12148,122.207
338.00,1000205,PC,2022-04-16 12:00:00,2026-08-01 00:00:00,2026-08-01,8.87534,3.26728,1439.42,3.94248,0.394248,938.228,129.734,0,1,11.4899,5510.46,1.04604,4.31794,107.348
339.00,1000206,PC,2024-04-17 12:00:00,2026-08-01 00:00:00,2026-08-01,0.986241,2.94851,1378.75,4.9419,0.49419,2620.22,,0,1,11.2751,6269.46,1.45676,4.27405,190.247
340.00,1000207,PC,2023-07-15 12:00:00,2026-08-01 00:00:00,2026-08-01,4.28472,2.38788,775.827,3.17495,0.317495,1452.29,744.798,0,1,11.8574,,1.11676,4.94234,134.197
341.00,1000208,APC,2022-02-10 12:00:00,2026-08-01 00:00:00,2026-08-01,6.46545,3.65141,669.994,3.25213,0.325213,905.618,112.616,0,1,12.629,4842.64,,3.95756,119.175
342.00,1000209,FP,2022-01-12 12:00:00,2026-08-01 00:00:00,2026-08-01,1.20184,3.70947,14973.7,9.60508,0.960508,1537.28,935.034,0,1,11.9534,5604.56,0.715871,4.73354,
343.00,1000210,FP,2023-06-14 12:00:00,2026-08-01 00:00:00,2026-08-01,2.90299,5.71909,8648.65,9.48834,0.948834,972.596,149.813,0,1,9.62871,3977.53,1.0242,4.33882,414.261
344.00,1000211,PC,2020-05-17 12:00:00,2026-08-01 00:00:00,2026-08-01,3.62772,2.60812,2428.3,4.292,0.4292,696.242,39.3424,0,1,,3537.51,0.769837,4.76497,273.489
345.00,1000212,PC,2020-08-15 12:00:00,2026-08-01 00:00:00,2026-08-01,13.8032,3.35106,629.517,2.19041,0.219041,,12.8183,0,1,15.7748,4428.88,0.683262,4.47012,233.118
346.00,1000213,FP,2022-03-11 12:00:00,2026-08-01 00:00:00,2026-08-01,3.44041,4.19487,13749.2,,1.14613,1050.14,203.612,0,1,9.40781,5049.78,0.829604,4.66397,84.4718
347.00,1000214,FP,2021-06-12 12:00:00,2026-08-01 00:00:00,2026-08-01,3.1528,4.20836,10183.4,10.7344,1.07344,1338.4,537.233,0,1,12.9832,5302.18,1.15321,4.73279,107.329
348.00,1000215,PC,2022-02-18 12:00:00,2026-08-01 00:00:00,2026-08-01,37.0398,5.28544,5157.79,11.1188,1.11188,853.575,88.8768,0,1,11.6518,6567.85,1.57979,4.18047,340.146
349.00,1000216,PC,2024-03-14 12:00:00,2026-08-01 00:00:00,2026-08-01,2.25238,3.61233,3766.69,5.10016,0.510016,,375.318,0,1,13.706,5124.65,0.824591,4.04882,338.205
350.00,1000217,PC,2025-02-12 12:00:00,2026-08-01 00:00:00,2026-08-01,3.31421,6.21862,888.976,4.65027,0.465027,1325.22,516.386,0,1,10.9704,4891.04,,4.48114,130.77
351.00,1000218,CP,2022-05-12 12:00:00,2026-08-01 00:00:00,2026-08-01,12.9473,2.21971,1593.91,4.47796,0.447796,830.491,79.6455,0,1,10.0235,5885.71,0.924081,3.8114,164.021
352.00,1000219,FP,2021-02-16 12:00:00,2026-08-01 00:00:00,2026-08-01,10.4196,3.53555,8339.2,14.6196,1.46196,877.49,,0,1,10.5927,4387.91,1.60591,4.77944,485.279
353.00,1000220,FP,2025-04-17 12:00:00,2026-08-01 00:00:00,2026-08-01,6.57284,7.65167,7105.96,8.30473,0.830473,1067.39,217.323,0,1,10.9782,5690.86,1.03906,4.53783,180.126
354.00,1000221,FP,2022-04-10 12:00:00,2026-08-01 00:00:00,2026-08-01,7.19918,3.68765,6212.91,9.95067,0.995067,1001.6,168.501,0,1,7.8981,5383.53,1.08633,4.27831,46.0882
355.00,1000222,PC,2025-06-10 12:00:00,2026-08-01 00:00:00,2026-08-01,1.41002,2.26031,2968.31,9.69128,0.969128,2129.68,3444.11,0,1,8.65624,5684.75,,4.59762,238.679
356.00,1000222,PC,2025-06-16 12:00:00,2026-08-01 00:00:00,2026-08-01,3.84117,1.87404,1659.43,6.45233,0.645233,,905.23,0,1,8.65624,5684.75,1.4855,4.59762,238.679
357.00,1000223,PC,2020-02-17 12:00:00,2026-08-01 00:00:00,2026-08-01,7.66122,2.52749,800.414,2.51382,0.251382,905.365,112.49,0,1,9.52468,5300.91,0.954251,4.35944,271.729
358.00,1000224,KP,2021-03-12 12:00:00,2026-08-01 00:00:00,2026-08-01,4.7967,3.28843,592.33,1.65504,0.165504,887.727,103.977,0,1,9.23759,5528.56,0.617276,4.12304,133.173
359.00,1000225,FP,2019-03-12 12:00:00,2026-08-01 00:00:00,2026-08-01,3.84137,3.54884,793.129,8.25494,0.825494,1845,1940.03,0,1,,5690.12,2.17066,4.51851,85.5141
360.00,1000226,FP,2022-02-10 12:00:00,2026-08-01 00:00:00,2026-08-01,21.2148,2.21276,11886.1,12.3073,1.23073,531.214,13.3321,0,1,10.8816,4235.07,1.01491,4.37093,95.9142
361.00,1000227,APC,2025-03-14 12:00:00,2026-08-01 00:00:00,2026-08-01,3.05097,4.67991,4361.16,7.85241,0.785241,1239.57,395.286,0,1,10.3341,4896.9,1.13461,4.5282,76.385
362.00,1000228,CP,2022-03-12 12:00:00,2026-08-01 00:00:00,2026-08-01,30.6498,3.57701,471.254,2.35261,0.235261,667.321,33.2017,0,1,12.5767,5670.11,1.14188,4.47414,441.234
363.00,1000229,PC,2025-04-13 12:00:00,2026-08-01 00:00:00,2026-08-01,3.02246,1.87357,383.521,2.35371,0.235371,1248.26,406.488,0,1,9.3161,5051.08,1.07465,,459.366
364.00,1000230,CP,2021-02-13 12:00:00,2026-08-01 00:00:00,2026-08-01,6.69116,1.69107,2646.33,,0.672297,1406.29,654.815,0,1,10.5865,6403.93,1.44136,4.61866,295.696
365.00,1000231,PC,2025-07-18 12:00:00,2026-08-01 00:00:00,2026-08-01,81.8203,3.26643,2781.81,5.98417,0.598417,395.725,4.10576,0,1,10.2036,5284.51,0.889612,4.24835,193.435
366.00,1000232,FP,2020-07-10 12:00:00,2026-08-01 00:00:00,2026-08-01,1.34701,7.30201,3999.93,5.22476,0.522476,1313.17,497.859,0,1,9.20054,4467.04,0.887225,4.97348,124.21
367.00,1000233,KP,2020-03-14 12:00:00,2026-08-01 00:00:00,2026-08-01,6.53479,3.47947,684.843,2.23478,0.223478,831.697,80.1092,0,1,9.05475,5093.48,0.784463,4.27893,106.367
368.00,1000234,FP,2022-01-18 12:00:00,2026-08-01 00:00:00,2026-08-01,0.721827,2.62918,1853.76,3.1632,0.31632,2356.52,5163.05,0,1,10.4775,6914.68,0.786692,4.65369,303.215
369.00,1000235,PC,2022-03-10 12:00:00,2026-08-01 00:00:00,2026-08-01,26.3286,4.05395,2286.48,9.58655,0.958655,834.908,81.3535,0,1,14.2738,5632.09,1.63709,3.75934,417.492
370.00,1000236,PC,2019-05-17 12:00:00,2026-08-01 00:00:00,2026-08-01,2.39814,3.89855,1666.71,5.91639,0.591639,1568.33,1012.91,0,1,9.30955,5335.33,1.30313,4.30554,144.329
371.00,1000237,CP,2023-07-18 12:00:00,2026-08-01 00:00:00,2026-08-01,5.58351,2.10978,2810.35,6.24597,0.624597,1076.19,224.58,0,1,8.74969,5567.09,0.990011,3.93249,213.775
372.00,1000238,PC,2023-01-15 12:00:00,2026-08-01 00:00:00,2026-08-01,,4.68431,2627.33,7.18892,0.718892,2232.77,4160.98,0,1,12.0912,5476.02,1.29669,4.57841,74.3162
373.00,1000238,APC,2020-07-17 12:00:00,2026-08-01 00:00:00,2026-08-01,7.13187,4.26065,7695.55,11.8566,1.18566,1116.58,260.244,0,1,12.0912,5476.02,1.29669,4.57841,74.3162
374.00,1000239,PC,2025-04-11 12:00:00,2026-08-01 00:00:00,2026-08-01,2.00564,1.89962,6830.73,6.96975,0.696975,1269.18,434.421,0,1,10.6785,5349.72,0.753474,4.34394,71.2592
375.00,1000240,PC,2020-01-12 12:00:00,2026-08-01 00:00:00,2026-08-01,17.9595,3.28851,656.478,2.47095,0.247095,628.028,26.0457,0,1,9.92514,5068.16,0.886413,4.74707,88.1707
376.00,1000240,PC,2021-06-13 12:00:00,2026-08-01 00:00:00,2026-08-01,5.65593,2.92686,1271.43,2.99875,0.299875,923.086,121.56,0,1,9.92514,5068.16,0.886413,4.74707,88.1707
377.00,1000240,KP,2024-01-14 12:00:00,2026-08-01 00:00:00,2026-08-01,22.7086,,1288.63,3.64966,0.364966,580.783,19.0492,0,1,9.92514,5068.16,0.886413,4.74707,88.1707
378.00,1000241,FP,2021-04-11 12:00:00,2026-08-01 00:00:00,2026-08-01,2.41912,4.60027,3438.25,6.26816,0.626816,1536.27,932.582,0,1,7.65528,5752.9,,4.43447,109.498
379.00,1000242,PC,2025-08-14 12:00:00,2026-08-01 00:00:00,2026-08-01,7.51816,2.45453,8212.53,6.32393,0.632393,944.147,,0,1,11.4971,5877.11,0.833701,4.67066,246.909
380.00,1000243,PC,2022-03-12 12:00:00,2026-08-01 00:00:00,2026-08-01,3.50786,7.97641,4206.01,8.54247,0.854247,1388.87,622.964,0,1,11.7958,5612.87,1.18986,3.98701,100.8
381.00,1000244,PC,2020-07-16 12:00:00,2026-08-01 00:00:00,2026-08-01,1.95902,4.36525,3137.13,12.8164,1.28164,2384.45,5412.18,0,1,9.32313,5689.37,2.31485,4.39479,453.882
382.00,1000244,FP,2019-02-18 12:00:00,2026-08-01 00:00:00,2026-08-01,4.75156,5.76973,623.39,6.22374,0.622374,1774.69,1660.77,0,1,9.32313,5689.37,2.31485,4.39479,453.882
383.00,1000245,FP,2020-05-10 12:00:00,2026-08-01 00:00:00,2026-08-01,9.32109,4.17329,11524.4,9.62437,0.962437,,67.3429,0,1,9.58033,5459.81,0.793187,4.41265,145.837
384.00,1000246,FP,2022-02-10 12:00:00,2026-08-01 00:00:00,2026-08-01,5.83247,2.75951,3052.79,7.87176,0.787176,1525.2,906.003,0,1,,7174.07,1.23275,4.53805,116.507
385.00,1000247,PC,2023-04-15 12:00:00,2026-08-01 00:00:00,2026-08-01,3.27274,5.64253,925.751,2.95967,0.295967,1138.91,281.696,0,1,9.70971,5527.37,0.787773,4.56954,142.217
386.00,1000248,PC,2020-04-15 12:00:00,2026-08-01 00:00:00,2026-08-01,5.10076,3.78015,724.269,4.23548,,1228.98,381.943,0,1,11.1218,4892.6,1.5738,4.27156,307.55
387.00,1000249,FP,2025-05-17 12:00:00,2026-08-01 00:00:00,2026-08-01,38.2977,3.28258,2209.96,,0.519233,573.623,18.1271,0,1,9.49282,5051.51,1.23322,4.52578,209.996
388.00,1000250,PC,2025-07-11 12:00:00,2026-08-01 00:00:00,2026-08-01,,2.7093,1171.67,3.03099,0.303099,1226.12,378.405,0,1,12.6025,6494.27,0.931423,4.28251,259.937
389.00,1000251,PC,2023-03-16 12:00:00,2026-08-01 00:00:00,2026-08-01,5.00392,4.12404,1300.06,4.28581,0.428581,1144.51,,0,1,11.3205,5271.57,1.16078,4.58376,130.997
390.00,1000252,PC,2025-02-15 12:00:00,2026-08-01 00:00:00,2026-08-01,12.4775,2.57972,891.43,3.0124,0.30124,988.543,159.884,0,1,10.1636,6564.38,1.02693,4.35867,
391.00,1000253,PC,2024-07-17 12:00:00,2026-08-01 00:00:00,2026-08-01,4.0859,,4897.97,13.9626,1.39626,1789.54,1717.06,0,1,12.2075,6219.99,1.78079,4.44119,138.744
392.00,1000254,KP,2022-06-15 12:00:00,2026-08-01 00:00:00,2026-08-01,1.50485,6.6335,14902.2,10.0346,1.00346,1488.29,821.434,0,1,9.23699,6158.91,0.645477,,187.524
393.00,1000255,KP,2021-08-11 12:00:00,2026-08-01 00:00:00,2026-08-01,22.1866,2.904,3448.39,8.55606,0.855606,694.136,38.8686,0,1,10.106,4927.39,1.31896,,639.744
394.00,1000256,PC,2020-03-16 12:00:00,2026-08-01 00:00:00,2026-08-01,4.7312,3.01218,1039.67,4.6826,0.46826,1032.71,190.431,0,1,10.3851,4339.04,1.3438,4.4196,191.616
395.00,1000257,PC,2023-01-16 12:00:00,2026-08-01 00:00:00,2026-08-01,1.36777,,582.504,2.32304,0.232304,1479.14,801.426,0,1,10.9553,5298.99,0.808153,4.33168,71.2385
396.00,1000258,PC,2019-05-12 12:00:00,2026-08-01 00:00:00,2026-08-01,16.4158,2.74087,2041.94,4.65433,0.465433,630.655,26.4844,0,1,10.8148,5229.25,0.790795,4.60171,71.9302
397.00,1000258,FP,2022-05-10 12:00:00,2026-08-01 00:00:00,2026-08-01,2.84371,2.89591,5622.24,6.89458,0.689458,1131.32,274.258,0,1,10.8148,5229.25,0.790795,4.60171,71.9302
398.00,1000259,PC,2023-05-15 12:00:00,2026-08-01 00:00:00,2026-08-01,1.7627,3.2439,280.59,2.91316,0.291316,1978.42,2565.02,0,1,11.8897,5518.65,1.5786,4.49666,
399.00,1000260,FP,2021-07-18 12:00:00,2026-08-01 00:00:00,2026-08-01,2.46995,4.14992,11034.8,13.3347,,1880.27,2092.68,0,1,9.73058,6748.01,1.19416,4.29767,51.362
400.00,1000260,FP,2021-02-12 12:00:00,2026-08-01 00:00:00,2026-08-01,2.82672,6.89242,4160.09,8.83259,0.883259,1797.58,1748.13,0,1,9.73058,6748.01,1.19416,4.29767,51.362
401.00,1000260,PC,2024-06-16 12:00:00,2026-08-01 00:00:00,2026-08-01,16.498,2.13773,593.276,3.43933,0.343933,998.403,166.358,0,1,9.73058,6748.01,1.19416,4.29767,51.362
402.00,1000261,APC,2024-05-12 12:00:00,2026-08-01 00:00:00,2026-08-01,28.4558,2.07331,4176.51,12.3257,1.23257,,148.893,0,1,12.5949,6693.45,1.65142,3.84578,
403.00,1000262,APC,2021-08-11 12:00:00,2026-08-01 00:00:00,2026-08-01,13.8491,5.65428,1310.35,8.26045,0.826045,979.76,154.277,0,1,9.83839,4839.11,1.98994,4.38992,
404.00,1000263,PC,2020-01-11 12:00:00,2026-08-01 00:00:00,2026-08-01,1.46695,4.94227,10809.8,18.3262,1.83262,1754.3,1585.74,0,1,10.6084,4855.4,1.41867,4.17392,245.328
405.00,1000264,FP,2019-01-12 12:00:00,2026-08-01 00:00:00,2026-08-01,9.13579,,2028.89,3.56508,0.356508,767.91,58.2186,0,1,12.3315,5655.46,0.678213,4.57938,80.7171
406.00,1000265,FP,2023-03-18 12:00:00,2026-08-01 00:00:00,2026-08-01,44.4523,3.03068,4159.76,4.85021,0.485021,485.264,9.28399,0,1,12.3022,6007.47,0.689213,4.49462,403.471
407.00,1000266,PC,2020-01-15 12:00:00,2026-08-01 00:00:00,2026-08-01,6.49356,2.67944,3307.15,3.55592,0.355592,984.218,157.104,0,1,11.1978,,0.487338,4.07206,400.832
408.00,1000267,PC,2025-01-18 12:00:00,2026-08-01 00:00:00,2026-08-01,4.28368,4.63591,694.034,3.38823,0.338823,1315.92,502.037,0,1,12.0925,6284.55,0.973428,4.3958,556.752
409.00,1000268,PC,2019-01-10 12:00:00,2026-08-01 00:00:00,2026-08-01,14.3246,3.66846,900.98,2.71488,0.271488,797.262,,0,1,14.6534,5966.37,0.886515,,116.065
410.00,1000269,PC,2025-04-10 12:00:00,2026-08-01 00:00:00,2026-08-01,17.2421,5.744,45318.7,23.558,2.3558,877.732,99.3731,0,1,13.2807,6420.89,1.04981,4.6392,223.499
411.00,1000270,PC,2025-03-18 12:00:00,2026-08-01 00:00:00,2026-08-01,20.6805,2.25413,1004.99,3.28021,0.328021,666.986,33.1351,0,1,9.83299,5645.04,0.885367,4.53855,171.277
412.00,1000270,FP,2020-08-11 12:00:00,2026-08-01 00:00:00,2026-08-01,5.39219,14.116,1182.25,3.2413,0.32413,1044.04,198.922,0,1,9.83299,5645.04,0.885367,4.53855,171.277
413.00,1000271,CP,2020-02-17 12:00:00,2026-08-01 00:00:00,2026-08-01,2.33958,3.38031,820.371,3.44762,0.344762,1632.93,1190.4,0,1,10.717,,1.01928,4.284,401.882
414.00,1000272,PC,2024-05-15 12:00:00,2026-08-01 00:00:00,2026-08-01,21.3758,4.08249,3049.06,4.95034,0.495034,464.591,,0,1,12.8673,4065.57,0.846635,4.36762,127.035
415.00,1000272,PC,2023-02-16 12:00:00,2026-08-01 00:00:00,2026-08-01,,3.62427,9196.86,9.31986,0.931986,471.618,8.28288,0,1,12.8673,4065.57,0.846635,4.36762,127.035
416.00,1000272,FP,2020-06-11 12:00:00,2026-08-01 00:00:00,2026-08-01,0.8249,4.49301,435.208,2.07065,0.207065,1374.82,598.134,0,1,12.8673,4065.57,0.846635,4.36762,127.035
417.00,1000273,FA,2020-03-11 12:00:00,2026-08-01 00:00:00,2026-08-01,1.26192,2.27091,,32.3869,3.23869,2563.79,7233.49,0,1,12.9917,6305.62,1.62498,4.76154,110.253
418.00,1000274,PC,2025-06-10 12:00:00,2026-08-01 00:00:00,2026-08-01,1.72826,5.1055,3893.9,3.67106,0.367106,1174.95,319.075,0,1,14.1706,5489.65,0.555312,4.60295,332.789
419.00,1000275,PC,2024-05-18 12:00:00,2026-08-01 00:00:00,2026-08-01,6.43877,4.97725,4495.8,6.98634,0.698634,903.131,111.384,0,1,9.35126,5056.52,0.929359,4.90361,78.6231
420.00,1000276,PC,2021-02-11 12:00:00,2026-08-01 00:00:00,2026-08-01,6.56489,4.00884,3795.9,6.7014,0.67014,,323.549,0,1,12.7656,6489.62,0.974142,4.5541,308.615
421.00,1000277,PC,2019-02-11 12:00:00,2026-08-01 00:00:00,2026-08-01,14.3885,6.38334,,2.77703,0.277703,,118.489,0,1,12.4928,7174.91,0.813748,4.42316,113.676
422.00,1000278,PC,2019-05-18 12:00:00,2026-08-01 00:00:00,2026-08-01,0.707129,4.53157,1371.86,2.67,0.267,1643.02,1220.09,0,1,10.7442,5620.14,0.571005,4.61371,124.412
423.00,1000279,FP,2024-07-16 12:00:00,2026-08-01 00:00:00,2026-08-01,,2.75355,575.609,2.78086,0.278086,1406.28,654.791,0,1,9.25859,6167.88,1.07962,4.92372,520.984
424.00,1000280,PC,2020-05-10 12:00:00,2026-08-01 00:00:00,2026-08-01,2.59111,2.1808,3934.99,4.05363,0.405363,939.111,130.223,0,1,11.311,4460.74,0.703819,4.57007,
425.00,1000280,FP,2023-02-10 12:00:00,2026-08-01 00:00:00,2026-08-01,3.37693,4.2329,6941.23,5.93052,0.593052,,91.4759,0,1,11.311,4460.74,0.703819,4.57007,334.253
426.00,1000280,PC,2020-04-11 12:00:00,2026-08-01 00:00:00,2026-08-01,12.4156,1.90557,3374.38,4.29461,0.429461,557.044,16.1205,0,1,11.311,4460.74,0.703819,4.57007,334.253
427.00,1000281,PC,2024-01-18 12:00:00,2026-08-01 00:00:00,2026-08-01,22.1296,5.68812,406.762,,0.159051,808.914,71.6853,0,1,14.396,7183.16,0.841408,4.29445,215.559
428.00,1000282,FP,2022-05-10 12:00:00,2026-08-01 00:00:00,2026-08-01,4.9261,2.18882,2716.79,6.802,0.6802,1435.57,711.084,0,1,9.40519,5758.75,1.51442,3.8716,164.125
429.00,1000283,PC,2021-05-12 12:00:00,2026-08-01 00:00:00,2026-08-01,,3.67683,1685.04,4.37394,0.437394,1154.07,296.998,0,1,14.0198,5242.11,0.962147,4.92551,52.3936
430.00,1000284,PC,2022-03-18 12:00:00,2026-08-01 00:00:00,2026-08-01,30.077,1.94489,581.847,2.3051,0.23051,589.912,20.2755,0,1,8.74316,5643.11,0.889633,4.88768,137.312
431.00,1000285,PC,2024-02-11 12:00:00,2026-08-01 00:00:00,2026-08-01,1.24152,3.91628,10942.5,7.4582,0.74582,2260.68,4372.95,0,1,12.7533,7900.91,0.796052,3.88302,288.726
432.00,1000286,PC,2022-01-14 12:00:00,2026-08-01 00:00:00,2026-08-01,7.4628,3.84526,,8.13006,0.813006,1280.4,449.992,0,1,13.2755,6480.87,1.25471,4.58435,
433.00,1000287,FP,2021-03-17 12:00:00,2026-08-01 00:00:00,2026-08-01,4.42495,1.65286,,4.11695,0.411695,472.944,8.37647,0,1,11.5057,3714.1,0.367876,4.55878,182.261
434.00,1000288,FP,2025-08-18 12:00:00,2026-08-01 00:00:00,2026-08-01,11.2056,4.62022,10066.9,10.9176,1.09176,905.826,112.72,0,1,10.8157,5672.82,1.07472,4.54727,140.445
435.00,1000289,PC,2024-03-17 12:00:00,2026-08-01 00:00:00,2026-08-01,13.1777,3.08421,35606.8,10.5413,1.05413,605.378,22.4867,0,1,10.211,5777.58,0.51559,4.44218,121.037
436.00,1000290,APC,2025-05-10 12:00:00,2026-08-01 00:00:00,2026-08-01,88.8876,4.00974,992.164,3.13019,0.313019,452.431,7.01501,0,1,11.8451,6499.82,0.812292,4.2171,114.856
437.00,1000291,PC,2024-06-13 12:00:00,2026-08-01 00:00:00,2026-08-01,11.3845,11.2752,1625.84,3.56722,0.356722,360.737,2.83521,0,1,10.8314,2585.43,0.829298,4.20472,144.716
438.00,1000292,FP,2025-06-14 12:00:00,2026-08-01 00:00:00,2026-08-01,22.6089,1.64883,2995.76,9.46593,0.946593,931.632,126.124,0,1,9.64318,6259.97,1.49066,4.2702,216.808
439.00,1000292,FP,2019-01-12 12:00:00,2026-08-01 00:00:00,2026-08-01,1.06508,2.16605,5413.55,12.2136,1.22136,2579.55,7412.99,0,1,9.64318,6259.97,1.49066,4.2702,216.808
440.00,1000293,CP,2025-07-18 12:00:00,2026-08-01 00:00:00,2026-08-01,2.86073,4.94018,1657.64,4.29277,0.429277,1249.53,408.136,0,1,6.52063,5393.92,0.9103,4.57148,432.586
441.00,1000293,KP,2022-06-17 12:00:00,2026-08-01 00:00:00,2026-08-01,3.69849,2.80959,863.608,3.8722,0.38722,1147,289.785,0,1,6.52063,5393.92,0.9103,4.57148,432.586
442.00,1000294,FP,2020-04-13 12:00:00,2026-08-01 00:00:00,2026-08-01,7.54103,4.40881,5064.6,7.03156,0.703156,972.899,150,0,1,9.21588,5757.32,0.924342,4.26241,98.2345
443.00,1000295,FP,2019-04-14 12:00:00,2026-08-01 00:00:00,2026-08-01,13.7278,3.85543,19180.8,13.6692,1.36692,864.769,93.6314,0,1,8.46807,5818.45,1.06603,4.42058,229.473
444.00,1000296,KP,2020-03-14 12:00:00,2026-08-01 00:00:00,2026-08-01,26.525,3.1822,16308.9,14.4117,1.44117,509.802,11.309,0,1,8.76831,4385.2,1.01184,4.62087,439.782
445.00,1000297,FP,2019-05-10 12:00:00,2026-08-01 00:00:00,2026-08-01,1.64981,1.98688,5015.63,5.48647,0.548647,1732.28,1507.63,0,1,10.4902,6175.49,0.92477,4.35657,153.305
446.00,1000298,KP,2023-05-18 12:00:00,2026-08-01 00:00:00,2026-08-01,2.58151,3.26431,904.045,2.72686,0.272686,883.894,102.193,0,1,,4030.13,0.761955,4.03491,
447.00,1000299,PC,2023-05-15 12:00:00,2026-08-01 00:00:00,2026-08-01,6.77656,2.96026,9843.83,9.8454,0.98454,1078.72,,0,1,11.8405,5757.32,1.0582,4.35642,166.12
448.00,1000300,PC,2023-02-15 12:00:00,2026-08-01 00:00:00,2026-08-01,6.36258,3.95715,4539.19,5.48678,0.548678,839.831,83.2892,0,1,14.5143,5167.02,0.76356,4.60513,170.646
449.00,1000301,PC,2025-03-18 12:00:00,2026-08-01 00:00:00,2026-08-01,3.43805,2.64681,1431.4,4.4883,0.44883,960.714,142.626,0,1,11.183,4298.61,0.957761,4.77696,
450.00,1000302,PC,2021-02-12 12:00:00,2026-08-01 00:00:00,2026-08-01,78.813,4.91432,4679.17,7.88176,0.788176,377.622,3.40449,0,1,10.897,4775.79,0.967403,4.63865,116.448
451.00,1000303,APC,2024-06-15 12:00:00,2026-08-01 00:00:00,2026-08-01,12.0024,4.19506,3270.13,4.73627,0.473627,566.271,17.2155,0,1,9.41026,4386.36,0.735421,4.73898,168.76
452.00,1000303,APC,2019-05-16 12:00:00,2026-08-01 00:00:00,2026-08-01,,2.87361,2391.51,3.3456,0.33456,736.443,49.2467,0,1,9.41026,4386.36,0.735421,4.73898,168.76
453.00,1000304,CP,2019-05-18 12:00:00,2026-08-01 00:00:00,2026-08-01,5.0897,4.23401,1535.03,4.83587,0.483587,990.746,161.313,0,1,9.77447,4588.43,1.1612,4.43127,259.67
454.00,1000304,PC,2023-05-15 12:00:00,2026-08-01 00:00:00,2026-08-01,50.346,2.07427,3535.56,7.90642,,461.535,7.59697,0,1,9.77447,4588.43,1.1612,4.43127,259.67
455.00,1000305,CP,2021-01-12 12:00:00,2026-08-01 00:00:00,2026-08-01,21.6583,3.1575,2024.05,2.56848,0.256848,517.583,12.0154,0,1,8.31542,5477.34,0.58401,4.27576,474.767
456.00,1000306,PC,2019-03-17 12:00:00,2026-08-01 00:00:00,2026-08-01,,4.339,1969.99,13.4923,1.34923,1921.19,2280.9,0,1,12.3332,6533.67,2.78763,4.67761,121.817
457.00,1000307,PC,2020-04-11 12:00:00,2026-08-01 00:00:00,2026-08-01,6.20149,6.36071,1496.75,5.36338,,1056.96,208.953,0,1,12.1306,5385.9,1.09424,4.51794,125.244
458.00,1000308,PC,2020-06-12 12:00:00,2026-08-01 00:00:00,2026-08-01,1.80234,4.06957,2110.79,4.56502,0.456502,1324.11,514.65,0,1,12.3936,4966.59,0.886073,4.65835,80.2093
459.00,1000308,PC,2021-04-16 12:00:00,2026-08-01 00:00:00,2026-08-01,9.26648,3.37533,5167.65,,0.575404,767.179,57.9973,0,1,12.3936,4966.59,0.886073,4.65835,80.2093
460.00,1000309,CP,2024-08-17 12:00:00,2026-08-01 00:00:00,2026-08-01,1.1564,2.51772,5705.32,9.91515,0.991515,2455.28,6084.55,0,1,7.72442,7324.66,1.04204,4.29831,277.601
461.00,1000309,CP,2021-05-14 12:00:00,2026-08-01 00:00:00,2026-08-01,,2.70366,923.012,3.50524,0.350524,1352.86,560.838,0,1,7.72442,7324.66,,4.29831,277.601
462.00,1000310,PC,2020-01-12 12:00:00,2026-08-01 00:00:00,2026-08-01,17.8908,2.36493,556.222,3.37703,0.337703,846.532,85.9793,0,1,11.1487,5785.26,1.23285,4.72264,155.398
463.00,1000311,FP,2025-07-10 12:00:00,2026-08-01 00:00:00,2026-08-01,1.34629,5.05703,2377.38,8.41174,0.841174,2494.65,6484.23,0,1,11.8469,6012.23,1.76695,4.61833,38.8412
464.00,1000312,PC,2020-04-16 12:00:00,2026-08-01 00:00:00,2026-08-01,9.5103,3.8057,2541.41,2.87312,0.287312,396.41,4.13426,0,1,13.2615,3525.47,0.477713,4.7642,71.6845
465.00,1000313,PC,2020-01-16 12:00:00,2026-08-01 00:00:00,2026-08-01,10.1177,1.44961,981.856,4.00394,0.400394,1042.05,197.409,0,1,13.6341,5972.7,1.19859,4.5699,361.449
466.00,1000314,CP,2021-02-10 12:00:00,2026-08-01 00:00:00,2026-08-01,6.31171,1.91131,1494.04,3.32907,0.332907,980.142,154.517,0,1,10.0483,5638.79,0.868602,4.48432,81.3807
467.00,1000315,PC,2024-02-17 12:00:00,2026-08-01 00:00:00,2026-08-01,10.9316,3.85379,21847.6,,2.93827,1118.67,262.198,0,1,11.6095,5753.22,1.56755,4.18079,193.572
468.00,1000316,PC,2022-07-11 12:00:00,2026-08-01 00:00:00,2026-08-01,3.97,2.0135,457.699,2.36922,0.236922,997.188,165.55,0,1,11.5379,4414.98,1.07665,4.34094,444.815
469.00,1000317,PC,2022-05-13 12:00:00,2026-08-01 00:00:00,2026-08-01,60.7658,6.2884,1021.42,2.56209,0.256209,416.945,5.05984,0,1,14.204,5683.43,0.700206,,76.0352
470.00,1000318,PC,2025-05-16 12:00:00,2026-08-01 00:00:00,2026-08-01,,2.94099,4420,6.04995,0.604995,931.014,125.79,0,1,12.8668,4877.94,0.881784,4.89176,350.128
471.00,1000318,PC,2021-07-14 12:00:00,2026-08-01 00:00:00,2026-08-01,27.4383,2.62418,5663.93,6.90522,0.690522,523.447,12.5693,0,1,12.8668,4877.94,0.881784,4.89176,350.128
472.00,1000319,CP,2023-06-13 12:00:00,2026-08-01 00:00:00,2026-08-01,3.78211,2.2861,927.842,4.61424,0.461424,1795.44,1739.82,0,1,12.0746,7168.84,1.28169,4.11256,144.383
473.00,1000320,CP,2023-07-17 12:00:00,2026-08-01 00:00:00,2026-08-01,18.8178,2.60844,716.484,2.31335,0.231335,502.758,10.6968,0,1,14.0273,4256.28,0.830909,4.71472,286.433
474.00,1000321,PC,2025-02-18 12:00:00,2026-08-01 00:00:00,2026-08-01,8.50046,1.57087,2233.14,5.78658,0.578658,1188.09,333.598,0,1,9.18446,6653.5,1.11793,4.62137,84.044
475.00,1000322,PC,2020-01-16 12:00:00,2026-08-01 00:00:00,2026-08-01,,5.04582,1004.9,4.96305,0.496305,1517.49,887.822,0,1,8.77466,5534.99,1.42308,4.59715,103.61
476.00,1000323,FP,2019-08-16 12:00:00,2026-08-01 00:00:00,2026-08-01,22.0326,3.23679,4446.27,11.4414,1.14414,687.078,37.3118,0,1,8.81795,4791.66,1.3602,4.6596,273.108
477.00,1000324,PC,2025-06-16 12:00:00,2026-08-01 00:00:00,2026-08-01,3.55563,3.26774,723.753,6.87236,0.687236,2204.65,3955.28,0,1,10.079,6592.61,2.19293,,103.81
478.00,1000324,PC,2023-08-17 12:00:00,2026-08-01 00:00:00,2026-08-01,7.3391,3.10373,1839.12,11.0569,1.10569,1731.53,1505.02,0,1,10.079,6592.61,2.19293,3.80166,103.81
479.00,1000325,PC,2023-04-10 12:00:00,2026-08-01 00:00:00,2026-08-01,130.598,2.41471,926.942,4.05251,0.405251,547.572,15.0518,0,1,9.64499,7352.37,1.20181,4.36233,208.577
480.00,1000325,PC,2025-06-11 12:00:00,2026-08-01 00:00:00,2026-08-01,3.35114,3.80564,3688.3,8.06174,0.806174,,1988.74,0,1,9.64499,,1.20181,4.36233,208.577
481.00,1000325,FP,2024-04-17 12:00:00,2026-08-01 00:00:00,2026-08-01,17.3678,3.0944,3506.1,9.42748,0.942748,1072.77,221.738,0,1,9.64499,7352.37,1.20181,4.36233,208.577
482.00,1000326,APC,2019-03-13 12:00:00,2026-08-01 00:00:00,2026-08-01,1.8025,1.42004,4226.18,15.4094,1.54094,1403.55,649.723,0,1,11.7133,3617.8,1.87643,4.45437,132.911
483.00,1000327,PC,2024-06-11 12:00:00,2026-08-01 00:00:00,2026-08-01,5.95882,2.70974,104.246,1.36562,0.136562,1264.1,,0,1,12.3143,5976.77,1.23762,4.53294,177.831
484.00,1000328,FP,2019-03-10 12:00:00,2026-08-01 00:00:00,2026-08-01,3.13998,5.09146,8421.58,7.4731,0.74731,1161.38,304.587,0,1,9.83194,5594.55,0.777829,4.96013,318.656
485.00,1000329,PC,2025-08-10 12:00:00,2026-08-01 00:00:00,2026-08-01,22.8343,2.425,1431.14,7.85323,0.785323,998.432,166.378,0,1,10.1835,6000.53,1.87571,4.44533,121.302
486.00,1000329,FP,2023-07-10 12:00:00,2026-08-01 00:00:00,2026-08-01,13.0575,4.73935,3760.44,12.5998,,1202.89,350.535,0,1,10.1835,6000.53,1.87571,4.44533,121.302
487.00,1000330,FP,2025-06-17 12:00:00,2026-08-01 00:00:00,2026-08-01,1.84653,8.09351,1771.16,4.17464,0.417464,1232.67,386.554,0,1,12.0937,4644.1,0.89258,4.25989,283.106
488.00,1000331,PC,2024-05-13 12:00:00,2026-08-01 00:00:00,2026-08-01,3.82149,6.62861,4026.86,7.60141,0.760141,976.237,152.069,0,1,10.1939,4018.61,1.21422,4.26837,384.098
489.00,1000332,FP,2021-03-16 12:00:00,2026-08-01 00:00:00,2026-08-01,10.2246,2.30607,2020.17,8.36086,0.836086,1242.03,398.432,0,1,7.90467,6221.28,1.58048,4.3595,478.738
490.00,1000333,CP,2024-02-10 12:00:00,2026-08-01 00:00:00,2026-08-01,41.0098,1.55121,1766.9,4.15921,0.415921,483.818,9.1738,0,1,,5318.47,0.828386,4.40938,90.995
491.00,1000334,FP,2019-02-18 12:00:00,2026-08-01 00:00:00,2026-08-01,25.3638,,10194.5,5.75239,0.575239,604.33,22.3315,0,1,11.2517,6710.42,0.589353,4.27351,83.9594
492.00,1000335,PC,2020-02-14 12:00:00,2026-08-01 00:00:00,2026-08-01,0.566411,1.90287,3268.29,4.10884,0.410884,,2152.65,0,1,12.7478,5535.08,0.674425,4.67799,233.538
493.00,1000335,PC,2019-01-10 12:00:00,2026-08-01 00:00:00,2026-08-01,2.00917,2.33238,748.847,2.13213,0.213213,1241.63,397.919,0,1,12.7478,5535.08,0.674425,4.67799,233.538
494.00,1000336,PC,2021-01-15 12:00:00,2026-08-01 00:00:00,2026-08-01,13.1061,1.2437,,4.37154,0.437154,,34.643,0,1,11.1169,4234.25,1.18716,4.34761,512.101
495.00,1000337,CP,2023-05-16 12:00:00,2026-08-01 00:00:00,2026-08-01,4.55133,1.57043,1710.47,4.15452,0.415452,855.357,89.6211,0,1,10.923,4455.13,0.85215,4.36529,134.189
496.00,1000338,PC,2024-01-16 12:00:00,2026-08-01 00:00:00,2026-08-01,2.60655,6.12173,2241.36,4.25539,0.425539,1049.34,202.997,0,1,9.81057,4749.72,0.778142,4.68996,123.239
497.00,1000339,PC,2020-06-13 12:00:00,2026-08-01 00:00:00,2026-08-01,2.28108,2.52415,2700.08,5.7403,0.57403,1010.29,174.421,0,1,13.2189,3844.51,1.00728,4.36776,334.82
498.00,1000340,PC,2019-05-16 12:00:00,2026-08-01 00:00:00,2026-08-01,57.3886,,1924.01,3.00723,0.300723,361.865,2.87082,0,1,11.5398,4997.16,0.656719,4.36856,334.319
499.00,1000341,PC,2020-01-12 12:00:00,2026-08-01 00:00:00,2026-08-01,7.76259,3.61817,1590.4,5.13549,0.513549,920.969,120.448,0,1,13.9778,4810.27,1.20969,4.84887,399.441
500.00,1000342,PC,2023-04-16 12:00:00,2026-08-01 00:00:00,2026-08-01,38.8555,3.36566,211.277,0.883418,0.0883418,528.468,13.0586,0,1,10.5479,6959.61,0.556783,4.51134,412.795
501.00,1000343,FP,2024-05-16 12:00:00,2026-08-01 00:00:00,2026-08-01,4.04401,4.94122,2107.6,5.76905,0.576905,1025.44,,0,1,10.332,4689.55,1.02161,4.42468,160.57
502.00,1000344,PC,2019-06-16 12:00:00,2026-08-01 00:00:00,2026-08-01,397.472,2.97406,2619.71,6.3303,0.63303,251.533,0.6702,0,1,12.328,5264.04,1.03898,4.55415,95.5094
503.00,1000345,PC,2019-08-11 12:00:00,2026-08-01 00:00:00,2026-08-01,5.73618,2.90684,,4.38771,0.438771,1010.06,174.266,0,1,10.1457,5893.78,0.79221,5.03996,343.546
504.00,1000346,FP,2022-02-10 12:00:00,2026-08-01 00:00:00,2026-08-01,16.6089,4.0934,8915.71,8.31377,0.831377,781.618,62.4884,0,1,7.68416,6253.14,0.856124,4.37541,882.258
505.00,1000347,PC,2019-06-11 12:00:00,2026-08-01 00:00:00,2026-08-01,0.964413,2.41616,212.423,0.942368,0.0942368,1333.57,529.527,0,1,13.8342,5266.76,0.526792,3.82631,32.9246
506.00,1000348,FP,2022-03-14 12:00:00,2026-08-01 00:00:00,2026-08-01,6.90307,2.97623,10915.2,16.6496,1.66496,830.449,79.6294,0,1,10.8143,3860.41,1.41223,4.21889,139.944
507.00,1000349,FP,2023-06-11 12:00:00,2026-08-01 00:00:00,2026-08-01,6.04397,7.76993,1024.4,3.55624,0.355624,1487.88,820.517,0,1,8.23775,7027,1.25216,4.18919,434.044
508.00,1000350,FP,2025-08-14 12:00:00,2026-08-01 00:00:00,2026-08-01,1.35959,6.23708,6295.65,20.4117,2.04117,2562.96,7224.22,0,1,11.1664,5614.86,2.15243,4.09816,210.316
509.00,1000351,PC,2020-05-15 12:00:00,2026-08-01 00:00:00,2026-08-01,22.7274,3.04155,930.534,2.78762,0.278762,497.067,10.2207,0,1,10.5804,4184.06,0.953201,4.51602,141.443
510.00,1000352,FP,2024-07-16 12:00:00,2026-08-01 00:00:00,2026-08-01,14.0219,4.43767,7040.1,4.98582,0.498582,735.966,49.1194,0,1,8.74329,6134.13,0.704583,4.47715,396.954
511.00,1000352,FP,2025-06-12 12:00:00,2026-08-01 00:00:00,2026-08-01,8.7653,4.78106,4668.47,5.21294,0.521294,860.739,91.8982,0,1,8.74329,6134.13,0.704583,4.47715,396.954
512.00,1000352,CP,2024-04-14 12:00:00,2026-08-01 00:00:00,2026-08-01,19.8225,3.38552,1018.64,2.08052,,655.754,30.9589,0,1,8.74329,6134.13,0.704583,4.47715,396.954
513.00,1000353,FP,2024-03-11 12:00:00,2026-08-01 00:00:00,2026-08-01,7.36578,3.98016,2069.99,2.91031,0.291031,705.539,41.4863,0,1,10.486,5301.94,0.564289,4.50274,305.546
514.00,1000354,CP,2019-06-14 12:00:00,2026-08-01 00:00:00,2026-08-01,6.60129,2.43871,3116.63,3.23785,0.323785,767.836,58.1962,0,1,9.17211,5677.47,0.54179,3.90993,112.438
515.00,1000355,FP,2023-05-15 12:00:00,2026-08-01 00:00:00,2026-08-01,8.98787,5.52517,9480.65,9.39559,0.939559,1264.24,427.7,0,1,10.8038,7483.66,1.03845,,131.187
516.00,1000356,FP,2022-06-13 12:00:00,2026-08-01 00:00:00,2026-08-01,,3.17869,1441.01,6.00664,0.600664,1754.36,1585.95,0,1,5.77052,6721.74,1.52689,4.03784,119.923
517.00,1000357,PC,2022-02-17 12:00:00,2026-08-01 00:00:00,2026-08-01,8.5064,3.58995,3982.52,11.1082,1.11082,1082.45,229.858,0,1,10.2511,5090.67,1.58593,4.2287,138.289
518.00,1000358,PC,2021-02-10 12:00:00,2026-08-01 00:00:00,2026-08-01,23.0182,5.57799,786.245,1.71748,0.171748,609.684,23.1335,0,1,11.4405,6305.95,0.636708,4.44865,200.795
519.00,1000359,FP,2023-06-16 12:00:00,2026-08-01 00:00:00,2026-08-01,17.2423,5.23423,1203.39,4.10012,0.410012,886.996,103.635,0,1,,6610.61,1.01144,4.35476,323.025
520.00,1000360,PC,2025-08-10 12:00:00,2026-08-01 00:00:00,2026-08-01,11.4568,4.30486,398.085,1.35338,0.135338,523.499,12.5743,0,1,7.53329,4197.38,0.665431,4.51996,175.001
521.00,1000361,FP,2024-08-14 12:00:00,2026-08-01 00:00:00,2026-08-01,6.75664,2.8677,2472.78,6.3075,0.63075,1004,170.119,0,1,11.6066,,1.09656,4.32265,130.528
522.00,1000362,PC,2025-08-16 12:00:00,2026-08-01 00:00:00,2026-08-01,9.88177,2.30683,,7.99396,0.799396,771.84,59.4197,0,1,13.9918,4432.75,1.17521,4.34742,247.326
523.00,1000363,FP,2024-04-16 12:00:00,2026-08-01 00:00:00,2026-08-01,13.3009,3.60732,7113.15,6.28377,0.628377,546.713,14.9575,0,1,7.36834,4638.4,0.656477,4.82531,374.659
524.00,1000364,PC,2021-08-18 12:00:00,2026-08-01 00:00:00,2026-08-01,38.5087,4.5474,366.177,3.00924,0.300924,655.845,30.976,0,1,10.9822,5561.59,1.33483,4.47195,99.9687
525.00,1000365,PC,2023-06-17 12:00:00,2026-08-01 00:00:00,2026-08-01,13.8268,2.52346,1430.24,5.86534,0.586534,1134.97,277.813,0,1,10.671,7128.13,1.22936,4.22814,256.519
526.00,1000366,PC,2023-05-15 12:00:00,2026-08-01 00:00:00,2026-08-01,9.05693,4.93556,854.316,3.09356,0.309356,861.733,92.3233,0,1,10.0823,5178.02,1.01295,4.20452,60.083
527.00,1000366,PC,2024-06-18 12:00:00,2026-08-01 00:00:00,2026-08-01,6.65012,1.3067,3179.32,6.76165,0.676165,955.19,139.373,0,1,10.0823,5178.02,1.01295,4.20452,60.083
528.00,1000367,CP,2021-04-11 12:00:00,2026-08-01 00:00:00,2026-08-01,1.89422,3.4654,1024,4.0983,0.40983,1237.63,392.818,0,1,8.67229,4225.58,1.10547,4.37816,37.5281
529.00,1000367,CP,2020-01-10 12:00:00,2026-08-01 00:00:00,2026-08-01,21.3726,2.84477,3205.3,7.18701,0.718701,551.802,15.5223,0,1,8.67229,4225.58,1.10547,4.37816,37.5281
530.00,1000368,KP,2019-05-16 12:00:00,2026-08-01 00:00:00,2026-08-01,,0.834152,351.001,,0.285801,772.63,59.6632,0,1,10.4499,5162.94,1.32927,4.10533,
531.00,1000369,PC,2019-06-14 12:00:00,2026-08-01 00:00:00,2026-08-01,75.4174,8.47855,1921.91,5.01827,0.501827,448.15,6.7533,0,1,11.0861,5375.56,1.04432,4.56248,134.954
532.00,1000369,PC,2021-08-18 12:00:00,2026-08-01 00:00:00,2026-08-01,1.77582,2.54423,3696.83,8.2402,0.82402,1563.56,1000.65,0,1,11.0861,5375.56,1.04432,4.56248,134.954
533.00,1000369,PC,2020-08-18 12:00:00,2026-08-01 00:00:00,2026-08-01,3.46925,4.19273,1839.37,4.54925,0.454925,1250.75,409.73,0,1,11.0861,5375.56,1.04432,4.56248,134.954
534.00,1000370,PC,2019-02-15 12:00:00,2026-08-01 00:00:00,2026-08-01,1.74481,2.0864,916.481,2.68777,0.268777,1482.09,807.819,0,1,11.9037,5297.4,0.954926,4.4806,240.933
535.00,1000371,KP,2022-06-10 12:00:00,2026-08-01 00:00:00,2026-08-01,69.9815,3.12881,2943.31,7.56372,,538.265,14.0542,0,1,9.92383,5400.63,1.41996,,507.921
536.00,1000372,KP,2023-02-11 12:00:00,2026-08-01 00:00:00,2026-08-01,5.83948,1.38679,3173.82,5.19071,0.519071,1039.84,195.743,0,1,10.2457,6033.97,,4.06831,119.272
537.00,1000373,CP,2025-02-16 12:00:00,2026-08-01 00:00:00,2026-08-01,8.78929,2.63714,658.411,1.70769,0.170769,965.327,145.385,0,1,,6855.08,0.710903,,125.255
538.00,1000374,PC,2022-03-16 12:00:00,2026-08-01 00:00:00,2026-08-01,12.149,2.13969,662.71,2.14405,0.214405,738.465,49.7897,0,1,11.4368,6058.42,0.660923,4.40728,377.988
539.00,1000375,PC,2022-05-10 12:00:00,2026-08-01 00:00:00,2026-08-01,4.00567,2.64358,1401.29,4.31114,0.431114,1079.04,226.97,0,1,13.236,5214.46,0.909122,4.4572,133.818
540.00,1000376,CP,2022-06-18 12:00:00,2026-08-01 00:00:00,2026-08-01,0.906955,1.42207,1426.48,6.39999,0.639999,1906.74,2213.04,0,1,11.0431,4777.66,1.25621,4.67704,133.446
541.00,1000377,FP,2024-03-13 12:00:00,2026-08-01 00:00:00,2026-08-01,1.91096,3.25892,1410.45,5.11628,0.511628,1867.62,,0,1,11.0437,,1.09072,4.50164,77.0251
542.00,1000378,FP,2019-08-18 12:00:00,2026-08-01 00:00:00,2026-08-01,16.5361,3.41671,7937.66,,0.496864,446.73,6.6681,0,1,9.74878,4601.49,0.514952,4.42808,88.79
543.00,1000378,FP,2019-08-17 12:00:00,2026-08-01 00:00:00,2026-08-01,17.4754,4.55641,4841.93,3.98875,0.398875,438.579,6.19456,0,1,9.74878,4601.49,0.514952,4.42808,88.79
544.00,1000379,FP,2021-06-11 12:00:00,2026-08-01 00:00:00,2026-08-01,1.05199,4.23401,,9.55769,0.955769,2842.42,10928.8,0,1,8.10338,5926.81,2.00259,4.60717,362.429
545.00,1000380,FP,2021-03-13 12:00:00,2026-08-01 00:00:00,2026-08-01,5.35545,3.64318,6917.18,6.43702,0.643702,951.147,137.029,0,1,9.2927,5572.97,0.750532,4.53127,156.252
546.00,1000381,PC,2025-06-16 12:00:00,2026-08-01 00:00:00,2026-08-01,16.5242,1.83955,178.438,0.797888,0.0797888,689.929,37.9348,0,1,11.2879,6873.3,0.550225,4.00944,193.748
547.00,1000382,PC,2021-07-10 12:00:00,2026-08-01 00:00:00,2026-08-01,36.7426,3.79991,2504.62,3.40125,0.340125,381.95,3.56327,0,1,14.9627,4841.95,0.5789,4.1999,102.258
548.00,1000383,FP,2020-07-13 12:00:00,2026-08-01 00:00:00,2026-08-01,2.16456,1.48735,2604.5,6.24294,0.624294,2053.05,2974.56,0,1,13.809,,1.27233,4.67081,593.193
549.00,1000384,CP,2020-05-12 12:00:00,2026-08-01 00:00:00,2026-08-01,0.595248,2.89444,660.332,2.73847,0.273847,2105.62,3291.1,0,1,9.66191,5270.45,0.950707,4.94766,146.366
550.00,1000385,PC,2025-02-16 12:00:00,2026-08-01 00:00:00,2026-08-01,28.9596,1.75272,831.037,3.30058,0.330058,585.114,19.6238,0,1,11.2262,5181.68,1.01217,4.65041,492.093
551.00,1000386,PC,2023-08-13 12:00:00,2026-08-01 00:00:00,2026-08-01,2.28974,3.79613,,6.62083,0.662083,1489.26,823.568,0,1,13.0914,5241.34,,4.50542,144.644
552.00,1000387,FP,2022-06-12 12:00:00,2026-08-01 00:00:00,2026-08-01,4.0165,3.29633,437.55,1.65924,,653.037,30.4489,0,1,9.07372,3552.61,0.718672,4.32434,541.859
553.00,1000388,FP,2025-02-11 12:00:00,2026-08-01 00:00:00,2026-08-01,7.95646,3.17677,,9.14081,0.914081,1203.28,350.988,0,1,12.3248,7339.09,0.901811,4.65643,155.784
554.00,1000389,CP,2022-06-13 12:00:00,2026-08-01 00:00:00,2026-08-01,11.696,3.78569,4466.5,6.127,0.6127,1125.91,269.048,0,1,10.3661,7174.71,1.06808,4.33473,292.227
555.00,1000390,APC,2022-01-12 12:00:00,2026-08-01 00:00:00,2026-08-01,22.3663,3.66741,,5.69204,0.569204,612.157,,0,1,8.94766,4850.86,1.06415,4.22798,135.949
556.00,1000391,PC,2025-06-16 12:00:00,2026-08-01 00:00:00,2026-08-01,27.6106,3.57115,938.339,3.48768,0.348768,677.852,35.3476,0,1,9.92477,5621.3,1.11814,4.00944,221.206
557.00,1000392,PC,2025-03-10 12:00:00,2026-08-01 00:00:00,2026-08-01,3.93515,4.09556,1938.14,4.85568,0.485568,941.408,131.502,0,1,,4303.63,1.00395,4.63271,66.7284
558.00,1000393,FP,2023-06-16 12:00:00,2026-08-01 00:00:00,2026-08-01,,3.65793,6863.52,22.6247,2.26247,2098.94,3249.51,0,1,12.7921,3547.11,2.42019,4.04881,255.179
559.00,1000394,PC,2025-07-13 12:00:00,2026-08-01 00:00:00,2026-08-01,16.066,3.88581,12096.5,17.6824,1.76824,1059.08,210.64,0,1,13.5315,6970.57,1.23721,4.90035,140.629
560.00,1000395,FP,2020-04-16 12:00:00,2026-08-01 00:00:00,2026-08-01,25.6905,2.66863,2783.81,6.82203,0.682203,619.658,24.6847,0,1,9.16598,5337.73,0.987696,,139.803
561.00,1000396,CP,2024-06-16 12:00:00,2026-08-01 00:00:00,2026-08-01,0.579469,2.11024,819.795,3.97808,0.397808,2112.7,3335.59,0,1,8.94942,4914.31,1.08132,4.2284,53.9914
562.00,1000397,FP,2025-04-16 12:00:00,2026-08-01 00:00:00,2026-08-01,3.07978,3.11453,,5.55189,0.555189,1204.57,352.49,0,1,12.4562,5638.8,0.813118,4.15687,164.211
563.00,1000398,FP,2021-06-10 12:00:00,2026-08-01 00:00:00,2026-08-01,1.1455,5.29952,8350.47,10.7863,1.07863,2487.42,6409.45,0,1,10.9917,7458.14,1.02507,4.46774,540.176
564.00,1000399,PC,2025-07-13 12:00:00,2026-08-01 00:00:00,2026-08-01,5.30783,4.59684,3702.49,9.64831,0.964831,1078.25,,0,1,12.2901,4327.64,1.59,4.01202,49.3292
565.00,1000400,KP,2025-04-12 12:00:00,2026-08-01 00:00:00,2026-08-01,4.79161,4.75254,5727.28,8.02317,0.802317,1006,171.476,0,1,9.89122,4822.37,1.04114,4.41334,448.895
566.00,1000401,PC,2021-03-14 12:00:00,2026-08-01 00:00:00,2026-08-01,6.33531,3.60601,595.394,3.74333,0.374333,1394.11,632.434,0,1,11.5571,6498.86,1.32623,4.50355,146.256
567.00,1000402,CP,2023-05-16 12:00:00,2026-08-01 00:00:00,2026-08-01,15.9048,3.93183,2376.67,3.77901,0.377901,562.655,16.7799,0,1,9.69528,4736.29,0.751294,4.189,369.102
568.00,1000403,PC,2025-04-15 12:00:00,2026-08-01 00:00:00,2026-08-01,6.38931,5.22713,1167.28,3.97702,0.397702,971.339,149.041,0,1,15.1273,5365.44,0.949912,4.68793,160.909
569.00,1000404,PC,2024-06-10 12:00:00,2026-08-01 00:00:00,2026-08-01,1.15349,4.22881,3931.9,7.83681,0.783681,2236.47,4188.62,0,1,11.256,,1.10893,4.4297,207.72
570.00,1000405,KP,2022-03-10 12:00:00,2026-08-01 00:00:00,2026-08-01,4.22095,2.69069,1731.65,4.24715,0.424715,1117.82,261.402,0,1,10.3452,5270.2,0.98904,4.96383,112.183
571.00,1000406,PC,2019-02-15 12:00:00,2026-08-01 00:00:00,2026-08-01,9.10612,2.03151,429.911,3.25471,0.325471,984.772,157.457,0,1,13.0849,4932.79,1.46294,4.25973,251.648
572.00,1000407,CP,2024-01-14 12:00:00,2026-08-01 00:00:00,2026-08-01,,2.94103,996.639,2.12021,0.212021,842.525,84.3631,0,1,9.90578,6120,0.62183,4.64786,252.86
573.00,1000408,CP,2022-07-10 12:00:00,2026-08-01 00:00:00,2026-08-01,2.27444,1.52336,2811.98,6.58911,0.658911,1416.65,674.325,0,1,7.95265,4971.67,1.182,4.12226,415.437
574.00,1000409,PC,2020-05-13 12:00:00,2026-08-01 00:00:00,2026-08-01,5.74259,3.01409,3023.01,9.24847,0.924847,1469.44,780.59,0,1,14.2576,5935.53,1.65439,4.7712,256.8
575.00,1000409,PC,2023-08-15 12:00:00,2026-08-01 00:00:00,2026-08-01,103.233,2.71083,789.937,5.81761,0.581761,560.937,16.5759,0,1,14.2576,5935.53,1.65439,4.7712,
576.00,1000410,PC,2020-05-14 12:00:00,2026-08-01 00:00:00,2026-08-01,2.23526,2.36492,1700.81,4.77796,0.477796,1481.92,807.46,0,1,12.5896,5284.5,1.13165,4.44254,371.573
577.00,1000411,PC,2021-04-16 12:00:00,2026-08-01 00:00:00,2026-08-01,3.03594,2.53077,2729.24,4.23651,0.423651,1017.91,179.748,0,1,10.9951,5258.41,0.661339,4.48303,173.68
578.00,1000412,PC,2023-08-13 12:00:00,2026-08-01 00:00:00,2026-08-01,6.91209,1.58712,1141.49,5.52647,0.552647,994.462,163.747,0,1,9.62813,4687.1,1.37496,,93.9155
579.00,1000413,PC,2020-07-14 12:00:00,2026-08-01 00:00:00,2026-08-01,,4.94618,307.563,3.57572,0.357572,,3104.87,0,1,13.1181,7290.55,1.66129,4.3565,438.33
580.00,1000414,FP,2025-03-16 12:00:00,2026-08-01 00:00:00,2026-08-01,4.58238,2.74073,2914.67,4.58512,0.458512,1096.99,242.453,0,1,10.1523,6185.17,0.730484,4.46757,191.437
581.00,1000415,FP,2024-02-15 12:00:00,2026-08-01 00:00:00,2026-08-01,19.504,3.20435,3322.41,3.52613,0.352613,534.295,13.6441,0,1,9.82159,5719.57,0.532231,4.58841,289.8
582.00,1000415,PC,2023-02-13 12:00:00,2026-08-01 00:00:00,2026-08-01,12.1605,2.0837,2544.77,3.31963,0.331963,625.419,25.6156,0,1,9.82159,5719.57,0.532231,4.58841,289.8
583.00,1000416,FP,2024-01-17 12:00:00,2026-08-01 00:00:00,2026-08-01,0.586562,4.92831,8402.27,7.73395,0.773395,1346.69,550.664,0,1,12.8348,3778.93,0.74907,4.03155,122.721
584.00,1000417,PC,2020-01-18 12:00:00,2026-08-01 00:00:00,2026-08-01,5.74449,2.16152,180.475,2.56413,0.256413,1106.88,251.317,0,1,11.5233,4931.16,1.36036,4.59882,193.196
585.00,1000418,PC,2019-02-15 12:00:00,2026-08-01 00:00:00,2026-08-01,25.1081,2.91929,861.528,4.70296,0.470296,856.992,90.3086,0,1,10.95,6195.8,1.38087,3.99273,209.572
586.00,1000419,PC,2022-04-12 12:00:00,2026-08-01 00:00:00,2026-08-01,7.6992,2.13558,234.683,2.24414,0.224414,1111.87,255.883,0,1,12.116,5694.07,1.25145,4.4659,125.86
587.00,1000420,FP,2019-02-18 12:00:00,2026-08-01 00:00:00,2026-08-01,1.51108,2.87016,7738.01,13.2863,1.32863,2052,2968.44,0,1,10.4907,6039.33,1.27964,4.12639,283.42
588.00,1000421,PC,2022-01-16 12:00:00,2026-08-01 00:00:00,2026-08-01,11.4528,2.69194,1390.84,1.38032,0.138032,538.031,14.0298,0,1,11.9824,5934.98,0.35148,4.22462,175.432
589.00,1000422,CP,2024-04-13 12:00:00,2026-08-01 00:00:00,2026-08-01,11.236,2.05454,472.625,2.29743,0.229743,989.782,160.687,0,1,10.7697,6410.25,1.00675,4.07005,220.609
590.00,1000423,PC,2021-06-15 12:00:00,2026-08-01 00:00:00,2026-08-01,25.3241,2.8982,989.134,3.812,0.3812,638.18,27.7712,0,1,11.5242,5389.97,1.01762,4.46326,169.594
591.00,1000424,FP,2020-07-14 12:00:00,2026-08-01 00:00:00,2026-08-01,34.8116,4.05851,5574.47,7.68345,0.768345,645.611,29.0874,0,1,11.7893,5909.06,1.07128,4.55393,163.615
592.00,1000424,PC,2025-02-14 12:00:00,2026-08-01 00:00:00,2026-08-01,6.74708,8.6582,964.029,3.31612,0.331612,1115.6,,0,1,11.7893,5909.06,1.07128,4.55393,163.615
593.00,1000424,PC,2024-08-13 12:00:00,2026-08-01 00:00:00,2026-08-01,1.8618,2.74857,557.037,3.01331,0.301331,1713.57,1443.53,0,1,11.7893,5909.06,1.07128,4.55393,163.615
594.00,1000425,CP,2021-06-17 12:00:00,2026-08-01 00:00:00,2026-08-01,0.676695,1.81294,4068.06,5.499,0.5499,2123.54,3404.57,0,1,11.125,6141.32,0.775728,4.35273,
595.00,1000426,PC,2020-03-10 12:00:00,2026-08-01 00:00:00,2026-08-01,17.7727,3.05249,1974.84,3.09023,0.309023,415.696,4.99946,0,1,8.58625,4193.38,0.563348,4.57148,57.9865
596.00,1000427,FP,2020-02-16 12:00:00,2026-08-01 00:00:00,2026-08-01,3.52795,2.77862,5670.09,10.9143,1.09143,1187.9,333.379,0,1,7.95605,4398.67,1.4227,4.18233,397.149
597.00,1000428,PC,2019-06-15 12:00:00,2026-08-01 00:00:00,2026-08-01,17.8773,1.14659,491.316,3.29722,0.329722,934.13,127.482,0,1,10.211,6293.37,1.26794,4.56434,168.467
598.00,1000429,FP,2021-06-11 12:00:00,2026-08-01 00:00:00,2026-08-01,1.3853,1.91178,5431.38,4.17346,0.417346,1207.37,355.781,0,1,9.49131,5371.87,0.528417,4.28477,85.2025
599.00,1000430,PC,2020-06-18 12:00:00,2026-08-01 00:00:00,2026-08-01,2.50644,,5062.97,4.58009,0.458009,1012.43,175.906,0,1,12.0308,5360.34,0.554074,4.43447,163.484
600.00,1000431,FP,2023-08-10 12:00:00,2026-08-01 00:00:00,2026-08-01,3.54372,2.20908,2696.9,5.09947,0.509947,1379.1,605.623,0,1,9.72634,6228.16,0.959313,4.27727,125.316
601.00,1000432,FP,2025-04-15 12:00:00,2026-08-01 00:00:00,2026-08-01,1.8585,5.01764,4247.07,8.51324,0.851324,2053.7,2978.33,0,1,10.2084,6454.92,1.28801,5.09578,94.3269
602.00,1000433,FP,2019-03-14 12:00:00,2026-08-01 00:00:00,2026-08-01,20.1262,3.34114,4258.67,5.59959,0.559959,,21.7277,0,1,10.0983,5194.76,0.831425,4.42311,157.337
603.00,1000434,PC,2020-08-13 12:00:00,2026-08-01 00:00:00,2026-08-01,2.68979,4.70353,5797.93,16.9172,,1684.83,1349.12,0,1,11.6118,5313.28,,4.12725,255.044
604.00,1000434,PC,2021-02-12 12:00:00,2026-08-01 00:00:00,2026-08-01,7.89518,2.97051,978.638,4.83421,0.483421,1176.73,321.015,0,1,11.6118,5313.28,1.63701,4.12725,255.044
605.00,1000435,KP,2023-07-18 12:00:00,2026-08-01 00:00:00,2026-08-01,15.6618,3.92311,,5.69816,0.569816,916.462,118.108,0,1,8.84058,5774.09,1.32741,4.62656,600.108
606.00,1000436,PC,2020-06-17 12:00:00,2026-08-01 00:00:00,2026-08-01,3.06239,3.96934,102.483,1.27974,0.127974,1138.64,281.432,0,1,10.1987,4802.2,0.997975,4.24104,632.523
607.00,1000437,CP,2021-07-18 12:00:00,2026-08-01 00:00:00,2026-08-01,1.40911,2.68602,363.44,1.53447,0.153447,1188.12,333.631,0,1,10.646,4313.06,0.802845,4.39343,160.109
608.00,1000437,PC,2023-06-16 12:00:00,2026-08-01 00:00:00,2026-08-01,7.56076,1.73446,4644.77,6.25731,0.625731,678.664,35.5173,0,1,10.646,4313.06,,4.39343,160.109
609.00,1000437,PC,2019-02-15 12:00:00,2026-08-01 00:00:00,2026-08-01,10.0376,2.43613,627.471,2.20653,0.220653,617.495,24.3419,0,1,10.646,4313.06,0.802845,4.39343,160.109
610.00,1000438,PC,2019-08-13 12:00:00,2026-08-01 00:00:00,2026-08-01,12.5299,3.0548,2423.15,7.75272,0.775272,914.455,117.077,0,1,11.383,5182.01,1.41409,4.12415,88.341
611.00,1000439,PC,2024-06-12 12:00:00,2026-08-01 00:00:00,2026-08-01,2.26333,3.37211,3718.95,5.75402,0.575402,,943.087,0,1,11.0109,6217.44,0.890892,4.15753,190.651
612.00,1000440,FP,2022-06-11 12:00:00,2026-08-01 00:00:00,2026-08-01,19.0971,4.00625,2210.42,4.89454,0.489454,742.688,50.9385,0,1,,5751.32,1.00286,4.26063,104.291
613.00,1000441,PC,2020-07-14 12:00:00,2026-08-01 00:00:00,2026-08-01,2.14416,7.05024,751.471,3.00363,0.300363,1877.05,2078.39,0,1,13.2874,6425.49,1.19443,4.39254,257.574
614.00,1000442,FP,2021-05-14 12:00:00,2026-08-01 00:00:00,2026-08-01,6.89131,2.94618,1167.59,4.01339,0.401339,862.563,92.6798,0,1,11.7717,,1.1109,4.67284,96.1442
615.00,1000443,FP,2020-01-15 12:00:00,2026-08-01 00:00:00,2026-08-01,3.49945,4.62197,2156.71,2.04119,0.204119,815.221,73.9474,0,1,8.97194,5629.86,0.406824,4.43666,391.976
616.00,1000444,PC,2020-02-13 12:00:00,2026-08-01 00:00:00,2026-08-01,44.8939,5.83477,11435.8,8.15102,0.815102,363.68,2.92886,0,1,8.86914,4736.26,0.626916,4.25586,175.977
617.00,1000444,PC,2021-03-16 12:00:00,2026-08-01 00:00:00,2026-08-01,6.70829,2.82992,9371.98,,0.562078,685.348,36.9374,0,1,8.86914,4736.26,0.626916,4.25586,175.977
618.00,1000444,FP,2020-02-12 12:00:00,2026-08-01 00:00:00,2026-08-01,98.1536,8.54417,962.853,2.20432,0.220432,280.208,,0,1,8.86914,4736.26,0.626916,4.25586,175.977
619.00,1000445,KP,2019-06-16 12:00:00,2026-08-01 00:00:00,2026-08-01,11.422,3.546,3553.56,8.49352,0.849352,937.119,129.122,0,1,10.295,5376.03,1.29721,,278.431
620.00,1000446,FP,2019-08-13 12:00:00,2026-08-01 00:00:00,2026-08-01,1.23356,6.09996,3944.69,7.67373,0.767373,1981.08,2578.87,0,1,11.7284,6206.02,0.986587,4.20099,494.485
621.00,1000447,FP,2022-01-17 12:00:00,2026-08-01 00:00:00,2026-08-01,5.28884,5.16922,7134.43,8.95059,0.895059,974.213,150.812,0,1,,5300.41,0.863202,4.17019,138.99
622.00,1000447,PC,2025-05-13 12:00:00,2026-08-01 00:00:00,2026-08-01,9.4718,6.28484,5220.29,6.7277,0.67277,802.225,69.3436,0,1,11.4105,,0.863202,4.17019,138.99
623.00,1000447,FP,2020-03-15 12:00:00,2026-08-01 00:00:00,2026-08-01,7.67473,8.74865,12940.8,10.3657,1.03657,860.504,91.7978,0,1,11.4105,5300.41,0.863202,,138.99
624.00,1000448,PC,2025-03-11 12:00:00,2026-08-01 00:00:00,2026-08-01,15.647,2.59548,,2.98943,0.298943,780.592,62.1609,0,1,10.0728,5645.83,1.00662,4.26592,176.242
625.00,1000449,CP,2022-07-17 12:00:00,2026-08-01 00:00:00,2026-08-01,47.002,2.23605,1062.63,2.04901,0.204901,338.448,2.19679,0,1,9.45444,4835.15,0.537147,4.17107,156.997
626.00,1000450,FP,2021-01-13 12:00:00,2026-08-01 00:00:00,2026-08-01,1.93958,5.25718,6111.51,13.9792,1.39792,,1541.85,0,1,11.0444,5394.22,1.36535,4.33231,302.191
627.00,1000451,PC,2025-03-18 12:00:00,2026-08-01 00:00:00,2026-08-01,1.62016,5.70074,516.453,3.05274,0.305274,2492.21,6458.96,0,1,10.7378,7569.68,1.25865,4.51543,139.065
628.00,1000452,PC,2019-02-14 12:00:00,2026-08-01 00:00:00,2026-08-01,1.56037,4.29481,1400.78,5.34962,0.534962,2537.31,6939.24,0,1,,7103.68,1.44471,3.91338,212.019
629.00,1000453,PC,2023-07-12 12:00:00,2026-08-01 00:00:00,2026-08-01,5.63456,2.51995,1418.82,4.20763,0.420763,1265.33,429.176,0,1,13.2736,,1.10355,4.39233,159.514
630.00,1000454,PC,2022-02-10 12:00:00,2026-08-01 00:00:00,2026-08-01,3.28877,7.10496,6547.99,7.84969,0.784969,1170.44,314.205,0,1,13.2721,5503.28,,4.73268,164.553
631.00,1000454,PC,2024-07-18 12:00:00,2026-08-01 00:00:00,2026-08-01,4.75863,2.17099,3414.4,4.74641,0.474641,1034.82,191.991,0,1,13.2721,5503.28,0.842026,4.73268,164.553
632.00,1000455,FP,2024-06-13 12:00:00,2026-08-01 00:00:00,2026-08-01,15.0631,3.47899,1248.92,4.02448,0.402448,786.217,63.9722,0,1,9.48342,5462.78,1.06345,4.40545,115.692
633.00,1000456,PC,2020-07-11 12:00:00,2026-08-01 00:00:00,2026-08-01,5.72822,3.1362,613.843,1.88098,0.188098,939.286,130.32,0,1,12.415,5930.78,0.67593,,115.522
634.00,1000456,PC,2023-08-18 12:00:00,2026-08-01 00:00:00,2026-08-01,10.0388,5.14166,807.332,2.10361,0.210361,779.071,61.6777,0,1,12.415,5930.78,0.67593,4.71068,115.522
635.00,1000457,CP,2020-07-14 12:00:00,2026-08-01 00:00:00,2026-08-01,3.54277,3.32724,511.209,2.41965,0.241965,1299.08,476.837,0,1,9.80327,5958.19,0.929946,4.34547,155.589
636.00,1000458,PC,2025-08-13 12:00:00,2026-08-01 00:00:00,2026-08-01,3.88659,1.54106,2309,4.78974,0.478974,1219.98,370.88,0,1,11.9207,6270.14,0.787737,3.92086,231.389
637.00,1000459,PC,2019-06-13 12:00:00,2026-08-01 00:00:00,2026-08-01,4.26126,5.29608,879.837,6.70802,0.670802,1739.59,1533.22,0,1,12.7437,5580.28,2.15008,4.82697,158.332
638.00,1000460,PC,2019-05-15 12:00:00,2026-08-01 00:00:00,2026-08-01,25.1779,1.83226,718.679,4.1187,0.41187,794.023,,0,1,12.551,5781.83,,4.22382,202.223
639.00,1000461,CP,2022-03-10 12:00:00,2026-08-01 00:00:00,2026-08-01,34.4602,1.60732,390.887,1.4856,0.14856,599.989,21.6967,0,1,11.3847,6377.84,0.788862,4.69344,227.39
640.00,1000462,PC,2021-07-15 12:00:00,2026-08-01 00:00:00,2026-08-01,2.53438,4.67568,3105.92,6.95122,0.695122,1750.37,1571.61,0,1,12.5029,5841.96,1.40467,4.06478,89.5007
641.00,1000463,FP,2022-02-10 12:00:00,2026-08-01 00:00:00,2026-08-01,3.65376,3.08179,1669.7,3.60486,0.360486,,,0,1,10.8942,7556.4,0.875876,4.2981,525.063
642.00,1000464,CP,2021-01-18 12:00:00,2026-08-01 00:00:00,2026-08-01,8.65818,,1381.76,4.83179,,999.477,167.075,0,1,,5468.17,1.18576,4.61703,202.372
643.00,1000465,PC,2021-06-11 12:00:00,2026-08-01 00:00:00,2026-08-01,0.386133,2.91354,2414.52,5.08201,0.508201,2337.89,5001.69,0,1,7.79407,4855.31,1.03488,4.49994,69.1485
644.00,1000466,PC,2020-03-18 12:00:00,2026-08-01 00:00:00,2026-08-01,3.63549,2.65889,3437.99,5.05703,0.505703,1153.51,296.421,0,1,10.6797,5396.98,0.909148,4.23169,87.145
645.00,1000466,PC,2020-08-10 12:00:00,2026-08-01 00:00:00,2026-08-01,7.76325,2.98988,2715.46,5.25729,0.525729,895.767,107.796,0,1,10.6797,5396.98,0.909148,4.23169,87.145
646.00,1000467,PC,2022-04-11 12:00:00,2026-08-01 00:00:00,2026-08-01,61.5933,2.07551,605.697,1.54725,0.154725,331.285,2.01664,0,1,8.47838,5227.1,0.527337,4.41034,270.577
647.00,1000468,CP,2023-03-18 12:00:00,2026-08-01 00:00:00,2026-08-01,3.53897,2.40185,396.34,2.38331,0.238331,1115.12,258.887,0,1,8.63824,4873.55,1.02342,4.50202,56.7484
648.00,1000469,CP,2023-06-14 12:00:00,2026-08-01 00:00:00,2026-08-01,115.947,,8160.67,13.1429,1.31429,474.083,8.45742,0,1,10.2897,5625.9,1.42128,4.17995,152.247
649.00,1000470,FP,2021-08-16 12:00:00,2026-08-01 00:00:00,2026-08-01,2.78065,3.97088,1706.77,4.32057,0.432057,1565.95,1006.77,0,1,8.18488,,0.99033,4.64547,70.8713
650.00,1000471,PC,2025-03-10 12:00:00,2026-08-01 00:00:00,2026-08-01,1.3632,2.55842,1054.47,5.1063,0.51063,1838.43,1912.54,0,1,12.7923,5276.32,1.25639,4.50743,82.2905
651.00,1000471,PC,2025-02-18 12:00:00,2026-08-01 00:00:00,2026-08-01,5.27026,4.55595,7498.37,11.5315,1.15315,1171.36,315.196,0,1,12.7923,5276.32,1.25639,4.50743,82.2905
652.00,1000472,PC,2025-03-14 12:00:00,2026-08-01 00:00:00,2026-08-01,11.6504,4.40763,3203.37,5.07936,0.507936,711.489,42.9036,0,1,12.4747,5624.95,0.692114,4.09687,203.53
653.00,1000473,CP,2024-04-15 12:00:00,2026-08-01 00:00:00,2026-08-01,8.92544,3.15679,405.439,3.1897,0.31897,1089.72,236.089,0,1,9.50984,5291.03,1.53633,4.8268,265.356
654.00,1000474,PC,2019-08-12 12:00:00,2026-08-01 00:00:00,2026-08-01,4.74176,1.99065,1154.01,,0.18461,878.496,99.7193,0,1,11.7155,,0.59865,4.76156,414.577
655.00,1000474,PC,2019-06-17 12:00:00,2026-08-01 00:00:00,2026-08-01,5.63197,2.86486,1756.35,2.86256,0.286256,829.531,79.2779,0,1,11.7155,5534.24,0.59865,4.76156,414.577
656.00,1000475,PC,2024-04-13 12:00:00,2026-08-01 00:00:00,2026-08-01,25.2279,3.68789,185.623,0.599119,0.0599119,331.885,2.03129,0,1,9.36761,4814.58,0.344056,4.24945,353.716
657.00,1000475,PC,2021-03-13 12:00:00,2026-08-01 00:00:00,2026-08-01,15.2982,4.5667,2658.71,1.58559,0.158559,392.104,3.95754,0,1,9.36761,4814.58,0.344056,4.24945,353.716
658.00,1000476,CP,2024-01-16 12:00:00,2026-08-01 00:00:00,2026-08-01,1.96267,1.82394,3157.46,6.22666,0.622666,1795.63,1740.56,0,1,8.85098,6232.8,1.09517,4.4504,239.112
659.00,1000477,PC,2019-02-14 12:00:00,2026-08-01 00:00:00,2026-08-01,8.12548,2.08218,1459.34,3.32817,0.332817,764.636,57.2321,0,1,11.475,4848.28,0.846221,4.47246,184.356
660.00,1000478,PC,2023-06-15 12:00:00,2026-08-01 00:00:00,2026-08-01,22.9316,2.471,1807.03,4.6123,0.46123,654.202,30.6668,0,1,11.77,5674.93,0.902906,4.52262,298.373
661.00,1000478,PC,2020-06-15 12:00:00,2026-08-01 00:00:00,2026-08-01,8.96078,6.598,207.934,1.4031,0.14031,894.832,107.346,0,1,11.77,5674.93,0.902906,4.52262,298.373
662.00,1000478,APC,2024-02-15 12:00:00,2026-08-01 00:00:00,2026-08-01,2.58903,2.31651,1892.1,4.62635,0.462635,1353.56,561.994,0,1,11.77,5674.93,,4.52262,298.373
663.00,1000479,CP,2023-01-17 12:00:00,2026-08-01 00:00:00,2026-08-01,2.88024,1.988,2326.95,4.12403,0.412403,1142.75,285.513,0,1,14.0942,4947.07,0.909236,4.19775,223.042
664.00,1000480,PC,2021-03-10 12:00:00,2026-08-01 00:00:00,2026-08-01,5.93606,1.28555,2338.31,4.65037,0.465037,,148.953,0,1,11.1977,5266.78,0.938366,4.10468,62.419
665.00,1000481,PC,2024-03-16 12:00:00,2026-08-01 00:00:00,2026-08-01,3.75145,4.47005,1495.93,6.12746,0.612746,1178.52,322.979,0,1,13.3086,4599.6,1.3342,4.05483,167.232
666.00,1000482,PC,2022-04-18 12:00:00,2026-08-01 00:00:00,2026-08-01,3.83793,10.0586,,7.46228,0.746228,1270.91,436.798,0,1,14.1979,4799.08,1.44709,4.15228,91.8484
667.00,1000483,PC,2025-06-11 12:00:00,2026-08-01 00:00:00,2026-08-01,10.0339,2.6467,917.542,2.81806,0.281806,,132.396,0,1,10.8795,6349.79,0.863655,4.55076,248.071
668.00,1000484,FP,2024-06-17 12:00:00,2026-08-01 00:00:00,2026-08-01,3.63763,6.65837,8911.84,8.00478,0.800478,989.019,160.192,0,1,11.5905,4829.98,0.834798,4.5499,218.856
669.00,1000485,CP,2023-06-18 12:00:00,2026-08-01 00:00:00,2026-08-01,66.3894,2.49796,2186.99,9.35496,0.935496,548.104,15.1103,0,1,9.10762,4541.22,,4.20956,369.796
670.00,1000485,PC,2023-07-17 12:00:00,2026-08-01 00:00:00,2026-08-01,9.23631,2.68992,348.645,,0.400323,1057.78,,0,1,9.10762,4541.22,2.01047,4.20956,369.796
671.00,1000486,PC,2022-06-15 12:00:00,2026-08-01 00:00:00,2026-08-01,,5.45358,1723.29,2.20051,0.220051,488.991,9.5725,0,1,10.5653,6217.39,0.50773,,254.812
672.00,1000487,PC,2020-06-17 12:00:00,2026-08-01 00:00:00,2026-08-01,25.0644,3.81407,,9.18663,0.918663,496.614,10.1835,0,1,12.3022,3965.59,1.13061,4.15198,173.565
673.00,1000488,FP,2019-08-16 12:00:00,2026-08-01 00:00:00,2026-08-01,5.33611,2.64339,15628,17.6646,1.76646,990.161,160.932,0,1,10.2457,4715.49,1.13334,4.36703,219.243
674.00,1000489,FP,2023-07-11 12:00:00,2026-08-01 00:00:00,2026-08-01,7.84518,8.47972,3514.83,6.90925,0.690925,919.473,,0,1,10.5389,5223.15,1.02991,4.49926,249.417
675.00,1000489,PC,2025-03-15 12:00:00,2026-08-01 00:00:00,2026-08-01,1.57015,3.3406,699.503,2.99204,,1571.9,1022.17,0,1,10.5389,5223.15,1.02991,4.49926,249.417
676.00,1000490,PC,2022-07-15 12:00:00,2026-08-01 00:00:00,2026-08-01,48.2355,2.33782,124.723,,0.178442,671.043,33.9487,0,1,9.58273,5980.04,1.4045,4.20083,
677.00,1000491,PC,2023-06-15 12:00:00,2026-08-01 00:00:00,2026-08-01,4.34597,2.56973,3872.04,5.29627,0.529627,578.377,18.7355,0,1,10.1492,3030.81,0.816356,4.47658,269.066
678.00,1000492,PC,2022-08-14 12:00:00,2026-08-01 00:00:00,2026-08-01,9.55706,6.56323,29540.7,16.732,1.6732,981.122,155.136,0,1,10.0664,6643.2,0.826846,4.31555,123.33
679.00,1000493,PC,2021-06-14 12:00:00,2026-08-01 00:00:00,2026-08-01,5.58688,3.56569,5379.07,6.92225,0.692225,1120.85,264.245,0,1,13.5718,6162.52,0.876746,4.52309,179.928
680.00,1000494,FP,2025-03-11 12:00:00,2026-08-01 00:00:00,2026-08-01,3.45449,3.7657,8379.82,8.21545,0.821545,1186.3,331.584,0,1,9.93082,5536.73,0.88305,4.57983,325.531
681.00,1000495,CP,2022-06-13 12:00:00,2026-08-01 00:00:00,2026-08-01,8.97142,3.61893,,4.42349,0.442349,835.256,81.4891,0,1,10.6988,5754.26,0.765746,4.26424,276.487
682.00,1000496,PC,2021-05-16 12:00:00,2026-08-01 00:00:00,2026-08-01,29.9082,4.59551,960.384,5.63345,0.563345,913.964,116.826,0,1,11.6234,6535.29,1.58625,4.54144,164.949
683.00,1000497,PC,2025-08-12 12:00:00,2026-08-01 00:00:00,2026-08-01,6.99934,5.07061,1638.23,3.91477,0.391477,869.09,95.5169,0,1,10.9637,4858.94,0.985373,4.39377,210.981
684.00,1000498,PC,2025-04-13 12:00:00,2026-08-01 00:00:00,2026-08-01,,2.77262,394.677,1.26699,0.126699,579.81,18.9218,0,1,10.1447,7275.94,0.528908,4.57485,276.853
685.00,1000498,PC,2022-05-18 12:00:00,2026-08-01 00:00:00,2026-08-01,12.1441,2.22587,16712.7,6.7558,0.67558,793.474,66.3669,0,1,10.1447,7275.94,0.528908,4.57485,276.853
686.00,1000499,PC,2019-06-11 12:00:00,2026-08-01 00:00:00,2026-08-01,6.99037,4.77181,826.107,2.95295,0.295295,929.759,125.113,0,1,10.5088,5378.77,,4.77005,483.482
687.00,1000500,PC,2025-04-16 12:00:00,2026-08-01 00:00:00,2026-08-01,6.32301,2.14796,2251.4,4.40963,0.440963,,244.874,0,1,11.4592,6335.82,0.867138,4.30631,45.0182
688.00,1000500,CP,2021-07-14 12:00:00,2026-08-01 00:00:00,2026-08-01,9.14264,2.83001,5452.88,7.13383,0.713383,972.518,149.765,0,1,11.4592,6335.82,0.867138,4.30631,45.0182
689.00,1000501,PC,2019-02-12 12:00:00,2026-08-01 00:00:00,2026-08-01,28.4517,3.00268,4180.78,5.3098,0.53098,473.848,8.44067,0,1,11.8783,4911.38,0.730232,4.33772,883.464
690.00,1000502,PC,2020-04-14 12:00:00,2026-08-01 00:00:00,2026-08-01,12.9944,2.77907,912.641,4.26378,0.426378,1007.84,172.737,0,1,13.2214,5682.48,1.46351,4.31523,77.006
691.00,1000503,PC,2023-04-16 12:00:00,2026-08-01 00:00:00,2026-08-01,16.9686,,1294.41,4.1306,0.41306,733.418,48.4426,0,1,11.7338,,1.12915,4.85625,100.388
692.00,1000504,APC,2022-06-11 12:00:00,2026-08-01 00:00:00,2026-08-01,1.72486,2.31187,714.22,,0.431583,2112.74,3335.82,0,1,12.0814,5873.98,1.56619,3.93926,294.177
693.00,1000505,PC,2022-01-13 12:00:00,2026-08-01 00:00:00,2026-08-01,3.82494,3.99271,4074.26,6.28588,0.628588,1255.2,415.603,0,1,12.6391,5694.56,1.00025,4.65032,235.806
694.00,1000506,FP,2021-08-15 12:00:00,2026-08-01 00:00:00,2026-08-01,0.766503,7.55758,2875.89,6.5812,0.65812,,1517.34,0,1,12.7933,4448.38,1.07256,,45.5079
695.00,1000507,CP,2022-06-13 12:00:00,2026-08-01 00:00:00,2026-08-01,5.84395,3.42329,2621.17,2.85533,0.285533,945.257,133.666,0,1,10.9539,6896.64,0.513034,5.02434,162.72
696.00,1000508,PC,2020-06-16 12:00:00,2026-08-01 00:00:00,2026-08-01,12.2824,2.53976,3237.59,6.59224,0.659224,1230.53,383.871,0,1,,8288.59,0.987627,4.60191,310.63
697.00,1000509,APC,2024-07-10 12:00:00,2026-08-01 00:00:00,2026-08-01,28.3194,2.96814,9719.45,13.3601,1.33601,716.674,44.168,0,1,10.5304,5674.54,1.24745,4.37332,103.049
698.00,1000510,PC,2022-06-13 12:00:00,2026-08-01 00:00:00,2026-08-01,5.79258,2.57496,394.126,2.09372,0.209372,1197.97,344.834,0,1,,6424.05,,4.88915,357.027
699.00,1000511,KP,2022-01-14 12:00:00,2026-08-01 00:00:00,2026-08-01,2.84199,4.19148,,5.7355,0.57355,2010.29,2734.36,0,1,10.3673,6392.48,1.67024,4.36476,373.892
700.00,1000512,CP,2020-04-14 12:00:00,2026-08-01 00:00:00,2026-08-01,13.1842,3.83565,1161.64,3.69151,0.369151,1064.61,215.074,0,1,11.1654,,0.981951,,262.608
701.00,1000513,CP,2021-04-14 12:00:00,2026-08-01 00:00:00,2026-08-01,1.76004,4.03892,245.988,2.60519,0.260519,1404.37,651.24,0,1,8.5251,4227.32,1.35424,4.56161,61.3875
702.00,1000514,PC,2021-07-18 12:00:00,2026-08-01 00:00:00,2026-08-01,4.28041,4.71493,169.474,0.4623,0.04623,740.302,50.287,0,1,10.4703,5816.23,0.359507,4.31874,275.184
703.00,1000515,FA,2022-03-10 12:00:00,2026-08-01 00:00:00,2026-08-01,4.91968,3.39384,8527.61,8.0177,0.80177,1211.77,360.994,0,1,11.2919,6839.87,0.764222,4.07463,273.566
704.00,1000516,PC,2025-07-16 12:00:00,2026-08-01 00:00:00,2026-08-01,1.60367,6.99712,2142.65,3.28975,0.328975,1665.4,1287.93,0,1,10.8199,6612.96,0.731425,4.57193,125.421
705.00,1000517,PC,2025-04-15 12:00:00,2026-08-01 00:00:00,2026-08-01,2.78475,3.1885,263.293,1.97719,0.197719,1037.72,194.15,0,1,16.1063,4028.03,1.10581,5.03229,127.034
706.00,1000518,FA,2022-08-14 12:00:00,2026-08-01 00:00:00,2026-08-01,3.87693,4.00059,11361.4,10.5947,1.05947,1053.26,206.048,0,1,9.71191,5105.48,0.884117,4.44359,135.542
707.00,1000519,CP,2020-05-10 12:00:00,2026-08-01 00:00:00,2026-08-01,16.7841,1.72038,885.945,3.77675,0.377675,749.613,52.8651,0,1,11.1392,5327.1,1.09264,4.22136,176.685
708.00,1000520,APC,2022-04-10 12:00:00,2026-08-01 00:00:00,2026-08-01,20.8486,3.24128,284.238,3.63948,0.363948,1251.79,411.104,0,1,9.96166,6843.66,2.13333,4.1335,340.079
709.00,1000521,FP,2022-03-11 12:00:00,2026-08-01 00:00:00,2026-08-01,21.1885,2.84885,1050.6,2.72651,0.272651,646.019,29.161,0,1,9.32182,5586.46,0.861921,4.02868,237.794
710.00,1000522,CP,2021-03-16 12:00:00,2026-08-01 00:00:00,2026-08-01,1.2894,,2184.53,4.26729,0.426729,1333.79,529.864,0,1,11.8535,4315.79,0.952416,4.46706,114.918
711.00,1000523,FP,2021-02-12 12:00:00,2026-08-01 00:00:00,2026-08-01,10.3421,1.99388,4289.53,6.05238,0.605238,680.615,35.9275,0,1,10.801,4900.99,0.77059,4.36641,77.5715
712.00,1000524,KP,2025-07-16 12:00:00,2026-08-01 00:00:00,2026-08-01,,5.6109,499.132,2.18709,0.218709,1224.75,376.708,0,1,7.81147,,0.901933,4.26495,355.043
713.00,1000525,PC,2022-06-14 12:00:00,2026-08-01 00:00:00,2026-08-01,10.0325,2.62312,,5.67904,0.567904,798.108,67.9308,0,1,11.8613,5457.21,0.837474,4.44141,456.928
714.00,1000526,PC,2020-01-12 12:00:00,2026-08-01 00:00:00,2026-08-01,11.5565,6.65343,9026.71,5.8152,0.58152,494.492,10.0106,0,1,11.7973,4159.9,0.607978,4.30677,93.7326
715.00,1000527,CP,2019-01-15 12:00:00,2026-08-01 00:00:00,2026-08-01,0.534185,2.51016,607.375,2.66028,0.266028,2378.95,5362.43,0,1,10.5228,5858.08,0.913912,4.26436,624.354
716.00,1000528,PC,2025-01-10 12:00:00,2026-08-01 00:00:00,2026-08-01,1.5615,1.77548,785.639,1.32677,0.132677,955.655,139.645,0,1,15.1314,4831.19,0.443308,4.56621,127.936
717.00,1000529,PC,2024-04-17 12:00:00,2026-08-01 00:00:00,2026-08-01,2.41937,3.47807,2396.56,3.31104,0.331104,1303.55,483.432,0,1,13.0394,6376.88,0.633908,4.45874,46.9648
718.00,1000530,PC,2022-06-18 12:00:00,2026-08-01 00:00:00,2026-08-01,,4.73443,2573.15,5.09583,,614.074,23.8069,0,1,10.6757,4030,1.01238,4.54313,549.153
719.00,1000531,FP,2024-08-11 12:00:00,2026-08-01 00:00:00,2026-08-01,1.6545,5.0005,6556.44,11.3506,1.13506,2019.1,2782.58,0,1,9.31593,6883.75,1.01304,4.35468,375.367
720.00,1000532,FA,2022-02-13 12:00:00,2026-08-01 00:00:00,2026-08-01,2.90334,3.89937,1671.72,6.84433,0.684433,1776.39,1667.13,0,1,10.5995,5895.61,,4.40169,545.009
721.00,1000533,PC,2020-01-12 12:00:00,2026-08-01 00:00:00,2026-08-01,9.80965,3.6203,3164.82,8.24138,0.824138,1104.17,248.869,0,1,13.1078,5540.33,1.53211,4.10988,548.107
722.00,1000534,PC,2025-06-13 12:00:00,2026-08-01 00:00:00,2026-08-01,1.72028,1.808,621.324,4.60067,0.460067,2078.36,3123.94,0,1,12.2036,5614.78,1.65587,4.2812,272.353
723.00,1000535,CP,2025-01-14 12:00:00,2026-08-01 00:00:00,2026-08-01,5.15472,2.62055,635.234,2.96296,0.296296,1083.72,230.936,0,1,10.2409,5209.18,1.08714,4.40448,364.725
724.00,1000536,FP,2020-07-11 12:00:00,2026-08-01 00:00:00,2026-08-01,4.23573,3.86423,,15.0732,1.50732,1296.39,472.891,0,1,13.323,6023.87,1.0206,4.49282,180.339
725.00,1000537,PC,2022-06-10 12:00:00,2026-08-01 00:00:00,2026-08-01,29.5213,4.95083,875.323,5.15098,0.515098,1027.09,186.316,0,1,9.98393,7081.29,1.69147,,174.695
726.00,1000538,PC,2020-01-15 12:00:00,2026-08-01 00:00:00,2026-08-01,8.0598,3.00757,684.576,4.49695,0.449695,1011.43,175.211,0,1,11.5367,4821.48,1.48905,4.8326,106.929
727.00,1000538,PC,2023-07-10 12:00:00,2026-08-01 00:00:00,2026-08-01,47.5269,1.23133,12295.3,19.6328,1.96328,,16.4465,0,1,11.5367,4821.48,1.48905,4.8326,106.929
728.00,1000538,FP,2020-04-18 12:00:00,2026-08-01 00:00:00,2026-08-01,0.782536,4.14863,5226.69,13.4097,,2200.6,3926.33,0,1,11.5367,4821.48,1.48905,4.8326,106.929
729.00,1000539,FP,2021-01-12 12:00:00,2026-08-01 00:00:00,2026-08-01,15.5918,8.39773,2094.59,4.44747,0.444747,642.087,28.4575,0,1,10.2835,5375.79,0.749464,4.58165,266.687
730.00,1000540,APC,2020-03-14 12:00:00,2026-08-01 00:00:00,2026-08-01,2.3456,4.44168,1240.17,6.15579,0.615579,1990.48,2628.17,0,1,10.7467,6117.69,1.57312,4.37468,410.582
731.00,1000541,PC,2019-07-12 12:00:00,2026-08-01 00:00:00,2026-08-01,68.0981,5.06813,121.547,1.27894,0.127894,510.586,11.3788,0,1,12.0476,6038.66,,4.04368,195.424
732.00,1000542,PC,2022-03-14 12:00:00,2026-08-01 00:00:00,2026-08-01,,2.86519,673.454,4.71685,0.471685,1311.31,495.04,0,1,11.7042,4437.49,1.6271,4.45419,140.495
733.00,1000542,CP,2024-04-14 12:00:00,2026-08-01 00:00:00,2026-08-01,4.58217,,788.724,5.34127,,1174.61,318.714,0,1,11.7042,4437.49,1.6271,4.45419,140.495
734.00,1000543,FA,2021-08-16 12:00:00,2026-08-01 00:00:00,2026-08-01,1.54372,5.83761,15778,13.6514,1.36514,1395.5,634.954,0,1,9.66556,4910.95,0.907872,4.3587,116.66
735.00,1000543,PC,2019-01-18 12:00:00,2026-08-01 00:00:00,2026-08-01,1.59979,4.14552,1012.06,3.09255,0.309255,1379,605.453,0,1,9.66556,4910.95,0.907872,4.3587,116.66
736.00,1000544,FP,2022-05-12 12:00:00,2026-08-01 00:00:00,2026-08-01,10.5871,4.13274,2855.09,11.5063,1.15063,919.01,119.427,0,1,12.5116,4000.87,,4.81302,97.4967
737.00,1000545,CP,2019-06-15 12:00:00,2026-08-01 00:00:00,2026-08-01,4.40448,1.64276,3380.02,5.40793,0.540793,1128.94,271.964,0,1,9.96862,5504.82,0.951274,4.52417,107.201
738.00,1000546,FP,2020-05-15 12:00:00,2026-08-01 00:00:00,2026-08-01,3.47227,3.23853,22815.1,16.9634,1.69634,1021.05,,0,1,11.792,4351.65,1.06263,4.50587,332.408
739.00,1000546,PC,2025-08-17 12:00:00,2026-08-01 00:00:00,2026-08-01,14.8279,2.29734,1107.4,3.8161,0.38161,629.35,,0,1,11.792,4351.65,1.06263,4.50587,332.408
740.00,1000547,PC,2025-03-14 12:00:00,2026-08-01 00:00:00,2026-08-01,6.71859,2.91379,525.434,1.79397,0.179397,777.926,61.3162,0,1,8.45172,4643.2,,4.81309,191.156
741.00,1000548,PC,2020-04-10 12:00:00,2026-08-01 00:00:00,2026-08-01,6.15257,5.30635,920.61,2.32388,0.232388,1109.82,253.995,0,1,12.6197,6529.25,0.816578,4.46843,145.988
742.00,1000549,PC,2020-04-13 12:00:00,2026-08-01 00:00:00,2026-08-01,1.06179,4.54224,1485.09,2.7819,0.27819,1164.36,307.729,0,1,14.0722,4299.26,0.642583,4.2774,343.877
743.00,1000550,FP,2021-08-14 12:00:00,2026-08-01 00:00:00,2026-08-01,17.4286,3.1551,517.725,2.83219,0.283219,862.755,92.7623,0,1,8.15684,6313.52,1.05663,3.68191,144.997
744.00,1000551,CP,2021-03-16 12:00:00,2026-08-01 00:00:00,2026-08-01,2.7659,4.53319,654.71,3.25092,0.325092,1392.05,628.703,0,1,9.92857,5097.77,1.23678,4.4871,96.3415
745.00,1000552,PC,2021-01-10 12:00:00,2026-08-01 00:00:00,2026-08-01,26.6272,3.19421,,7.29348,0.729348,819.307,75.4412,0,1,8.74984,5679.59,1.56193,4.74727,110.722
746.00,1000553,PC,2019-03-15 12:00:00,2026-08-01 00:00:00,2026-08-01,12.0537,1.53457,,4.46953,0.446953,898.944,109.333,0,1,10.2181,5733.49,1.08782,4.27497,331.352
747.00,1000554,PC,2024-05-12 12:00:00,2026-08-01 00:00:00,2026-08-01,7.76565,4.95128,2024.38,4.011,0.4011,826.43,78.0989,0,1,9.93742,5251.55,0.817471,3.93305,483.938
748.00,1000555,APC,2020-04-13 12:00:00,2026-08-01 00:00:00,2026-08-01,53.8341,,17647.1,13.5081,1.35081,626.305,25.761,0,1,12.0615,,1.05682,4.5023,326.712
749.00,1000555,PC,2020-01-13 12:00:00,2026-08-01 00:00:00,2026-08-01,16.6332,3.66127,,16.3624,1.63624,926.43,123.331,0,1,12.0615,6674.14,1.05682,4.5023,326.712
750.00,1000555,PC,2020-07-16 12:00:00,2026-08-01 00:00:00,2026-08-01,10.6458,1.75456,1309.4,4.39861,0.439861,1075.01,,0,1,12.0615,6674.14,,4.5023,326.712
751.00,1000556,PC,2022-07-14 12:00:00,2026-08-01 00:00:00,2026-08-01,3.03678,1.88008,1421.68,7.70296,0.770296,2061.79,3025.54,0,1,11.7944,6485.83,1.78382,3.85435,332.563
752.00,1000557,PC,2023-08-12 12:00:00,2026-08-01 00:00:00,2026-08-01,10.8926,4.87923,1632.42,3.81557,0.381557,986.406,158.505,0,1,10.4375,6894.73,0.846605,4.35579,68.9294
753.00,1000558,PC,2025-08-14 12:00:00,2026-08-01 00:00:00,2026-08-01,5.89922,2.58492,814.957,3.64928,0.364928,1455.28,750.943,0,1,12.4481,6771.89,1.26917,4.02683,59.9141
754.00,1000559,FP,2024-06-16 12:00:00,2026-08-01 00:00:00,2026-08-01,0.646389,3.74828,4836.75,7.03601,0.703601,2898.29,11813.7,0,1,12.6983,6636.96,1.20002,4.43662,146.534
755.00,1000560,FP,2025-07-10 12:00:00,2026-08-01 00:00:00,2026-08-01,5.02235,5.35277,13540.4,10.1572,1.01572,1083.99,231.164,0,1,10.4463,5421.26,0.986969,4.27878,156.304
756.00,1000561,PC,2020-05-17 12:00:00,2026-08-01 00:00:00,2026-08-01,15.2639,1.27897,1517.7,2.94445,0.294445,799.439,68.3852,0,1,8.49507,6373.53,,4.42365,114.55
757.00,1000562,PC,2020-04-12 12:00:00,2026-08-01 00:00:00,2026-08-01,4.62491,6.45621,1335.77,2.96919,0.296919,1031.58,189.6,0,1,13.1928,5964.2,0.699019,4.18881,240.766
758.00,1000563,FP,2020-03-17 12:00:00,2026-08-01 00:00:00,2026-08-01,11.5114,3.15705,8963.85,10.0184,1.00184,802.513,69.443,0,1,10.5035,5390.25,0.951236,4.51786,185.13
759.00,1000564,FP,2024-03-11 12:00:00,2026-08-01 00:00:00,2026-08-01,1.26927,3.58715,211.296,1.72278,0.172278,,8757.48,0,1,10.4349,8029.04,1.10706,4.32564,117.961
760.00,1000565,PC,2019-05-16 12:00:00,2026-08-01 00:00:00,2026-08-01,41.2931,2.88129,1055.06,4.11234,0.411234,659.627,31.6968,0,1,9.74504,5913.73,1.25115,4.69101,167.935
761.00,1000566,PC,2025-07-18 12:00:00,2026-08-01 00:00:00,2026-08-01,11.2902,3.01768,1397.19,3.67541,0.367541,485.834,9.32764,0,1,12.1215,3405.95,0.861953,4.22751,125.466
762.00,1000567,PC,2022-04-15 12:00:00,2026-08-01 00:00:00,2026-08-01,21.9201,1.12204,1175.45,3.35037,0.335037,525.62,12.7793,0,1,10.9273,4542.55,0.88272,4.57252,451.507
763.00,1000568,PC,2025-08-18 12:00:00,2026-08-01 00:00:00,2026-08-01,1.39401,3.34111,1032.14,,0.290316,1667.16,1293.39,0,1,12.0004,,0.916321,4.19842,119.121
764.00,1000569,PC,2024-03-11 12:00:00,2026-08-01 00:00:00,2026-08-01,1.65809,2.62406,,3.17292,0.317292,1292.67,467.494,0,1,11.3833,5182.02,0.733786,4.71498,532.069
765.00,1000570,PC,2021-07-15 12:00:00,2026-08-01 00:00:00,2026-08-01,9.93302,2.30909,697.504,2.84074,0.284074,914.089,116.889,0,1,11.3069,5637.15,1.02273,4.35693,227.602
766.00,1000571,PC,2025-05-14 12:00:00,2026-08-01 00:00:00,2026-08-01,10.9573,8.94224,699.76,3.17006,0.317006,768.883,58.5143,0,1,13.1252,4707.61,1.10774,4.46538,208.384
767.00,1000572,PC,2020-06-13 12:00:00,2026-08-01 00:00:00,2026-08-01,2.00768,3.03755,4233.83,5.04117,0.504117,1137.49,280.291,0,1,14.019,5307.66,0.615273,4.92216,358.08
768.00,1000573,FP,2020-06-17 12:00:00,2026-08-01 00:00:00,2026-08-01,13.8412,2.55011,6826.78,7.48275,0.748275,656.071,31.0188,0,1,11.7013,4907.31,0.867324,4.46652,177.669
769.00,1000574,FP,2019-07-10 12:00:00,2026-08-01 00:00:00,2026-08-01,4.88974,6.59968,4346.26,11.7989,1.17989,1422.08,684.725,0,1,8.95243,5627.02,1.54881,4.2174,103.052
770.00,1000575,FA,2020-06-15 12:00:00,2026-08-01 00:00:00,2026-08-01,5.15615,1.55445,959.175,2.2384,0.22384,1077.24,225.458,0,1,10.8404,6396.64,0.712501,4.90105,97.3121
771.00,1000576,PC,2022-05-18 12:00:00,2026-08-01 00:00:00,2026-08-01,6.85393,2.28483,2034.03,5.7097,0.57097,958.215,141.147,0,1,11.2546,5183.29,1.03799,4.76719,103.244
772.00,1000577,PC,2020-07-12 12:00:00,2026-08-01 00:00:00,2026-08-01,4.09931,6.4263,1874.16,6.93115,0.693115,1725.99,1485.85,0,1,11.1649,6512.68,1.51431,4.23133,223.79
773.00,1000578,PC,2019-07-12 12:00:00,2026-08-01 00:00:00,2026-08-01,3.34323,2.87231,316.042,1.91621,,1349.48,555.242,0,1,10.1534,5746.38,1.03793,4.25833,209.077
774.00,1000579,PC,2020-04-11 12:00:00,2026-08-01 00:00:00,2026-08-01,12.0291,3.33855,3127.36,6.15306,0.615306,1051.49,204.667,0,1,,6760.36,1.06909,4.62202,147.307
775.00,1000580,PC,2020-02-13 12:00:00,2026-08-01 00:00:00,2026-08-01,5.50578,1.92226,1235.22,1.8918,0.18918,,99.7906,0,1,13.0529,5923.97,0.577393,4.737,443.529
776.00,1000581,FP,2019-02-11 12:00:00,2026-08-01 00:00:00,2026-08-01,0.687449,2.03571,2385.52,6.39045,0.639045,1683.85,1345.97,0,1,9.05615,3974.16,1.17705,4.69462,189.238
777.00,1000582,FP,2025-01-18 12:00:00,2026-08-01 00:00:00,2026-08-01,13.6541,3.87857,3724.42,9.09066,0.909066,1145.44,288.207,0,1,9.69485,6663.98,1.42069,4.31389,476.722
778.00,1000583,PC,2022-06-11 12:00:00,2026-08-01 00:00:00,2026-08-01,39.4079,2.48987,637.672,4.19465,0.419465,397.453,4.17796,0,1,11.3567,3341.91,1.37876,4.14253,244.18
779.00,1000583,PC,2020-01-18 12:00:00,2026-08-01 00:00:00,2026-08-01,37.5822,3.93001,682.051,4.48204,0.448204,403.788,4.45075,0,1,11.3567,3341.91,1.37876,4.14253,
780.00,1000583,APC,2024-07-12 12:00:00,2026-08-01 00:00:00,2026-08-01,6.37571,4.50068,607.646,4.24851,0.424851,729.409,47.3919,0,1,11.3567,3341.91,1.37876,4.14253,244.18
781.00,1000584,PC,2023-03-14 12:00:00,2026-08-01 00:00:00,2026-08-01,6.53878,2.58545,1016.23,6.67845,0.667845,1337.65,536.033,0,1,9.92037,5619.97,,3.97022,105.206
782.00,1000585,PC,2024-01-12 12:00:00,2026-08-01 00:00:00,2026-08-01,6.39572,5.92455,157.639,1.23427,,765.453,57.4772,0,1,,4145,0.989078,4.2156,
783.00,1000585,FP,2019-03-15 12:00:00,2026-08-01 00:00:00,2026-08-01,3.93083,3.26694,,18.471,1.8471,900.3,109.994,0,1,10.5322,4145,0.989078,4.2156,115.935
784.00,1000586,FP,2024-06-10 12:00:00,2026-08-01 00:00:00,2026-08-01,4.00753,2.50427,36686.2,23.0469,2.30469,1333.06,528.712,0,1,10.1165,,1.14275,4.54606,359.435
785.00,1000587,FP,2019-06-10 12:00:00,2026-08-01 00:00:00,2026-08-01,4.31067,6.51153,5094.24,6.5786,0.65786,909.68,114.651,0,1,10.4684,4407.05,0.94994,4.27504,306.962
786.00,1000588,PC,2020-01-11 12:00:00,2026-08-01 00:00:00,2026-08-01,21.9173,1.45165,132.846,0.683657,0.0683657,500.377,10.4957,0,1,8.42726,5154.95,0.621139,4.43007,48.3205
787.00,1000589,FP,2023-06-18 12:00:00,2026-08-01 00:00:00,2026-08-01,25.877,1.89563,18377.8,11.6724,1.16724,666.499,33.0383,0,1,10.1265,6434.33,0.790167,4.56363,396.488
788.00,1000590,PC,2019-03-11 12:00:00,2026-08-01 00:00:00,2026-08-01,1.28045,4.27419,,11.7022,1.17022,1754.34,1585.9,0,1,11.7152,5115.02,,4.18882,
789.00,1000591,PC,2019-07-14 12:00:00,2026-08-01 00:00:00,2026-08-01,5.55806,2.3954,1850.09,3.19247,0.319247,688.514,37.6247,0,1,12.9386,4293.51,0.679205,,74.573
790.00,1000592,PC,2020-06-17 12:00:00,2026-08-01 00:00:00,2026-08-01,9.99896,1.94145,774.253,3.3683,0.33683,974.896,151.235,0,1,10.967,5684.02,1.14928,4.59172,121.399
791.00,1000593,FP,2022-07-15 12:00:00,2026-08-01 00:00:00,2026-08-01,8.90184,5.05818,3509.42,3.89378,0.389378,740.913,50.4532,0,1,11.356,5577.61,0.637982,4.35136,267.496
792.00,1000594,PC,2020-07-12 12:00:00,2026-08-01 00:00:00,2026-08-01,11.9505,4.62157,707.403,3.49707,0.349707,1316.23,502.517,0,1,12.6339,8129.5,1.1534,,158.197
793.00,1000595,PC,2025-07-12 12:00:00,2026-08-01 00:00:00,2026-08-01,1.38238,3.44922,8154.39,9.47925,0.947925,1453.07,746.4,0,1,9.66193,,0.959919,4.0993,313.905
794.00,1000596,PC,2019-03-13 12:00:00,2026-08-01 00:00:00,2026-08-01,9.36786,1.55672,7562.95,10.6842,1.06842,984.369,157.2,0,1,10.1945,5728.06,1.1047,3.92332,232.665
795.00,1000597,APC,2025-03-18 12:00:00,2026-08-01 00:00:00,2026-08-01,,3.96584,9316.41,17.6905,1.76905,597.716,21.3698,0,1,11.0247,4537.5,1.77564,4.42703,129.383
796.00,1000598,KP,2024-04-18 12:00:00,2026-08-01 00:00:00,2026-08-01,10.94,2.84412,1380.86,5.0873,0.50873,985.982,158.233,0,1,10.397,5662.69,1.25764,4.11729,135.315
797.00,1000599,PC,2025-07-18 12:00:00,2026-08-01 00:00:00,2026-08-01,2.09186,3.8059,347.884,1.35515,0.135515,1161.73,304.961,0,1,11.5821,5005.24,0.741712,4.32493,138.484
798.00,1000600,PC,2019-08-14 12:00:00,2026-08-01 00:00:00,2026-08-01,1.26141,2.1156,188.586,0.922329,0.0922329,1382.39,611.422,0,1,14.9149,5331.81,0.660592,4.87986,137.478
799.00,1000601,PC,2022-06-17 12:00:00,2026-08-01 00:00:00,2026-08-01,26.8568,3.07398,629.922,,0.229323,609.607,,0,1,7.39297,5480.95,0.933843,3.98895,
800.00,1000602,PC,2021-01-17 12:00:00,2026-08-01 00:00:00,2026-08-01,18.5596,3.53618,751.668,3.39194,0.339194,928.091,124.218,0,1,11.7069,7034.55,1.02708,4.49615,282.723
801.00,1000603,PC,2021-05-11 12:00:00,2026-08-01 00:00:00,2026-08-01,12.6562,4.20821,2972.97,3.36767,0.336767,,38.4183,0,1,12.3251,5695.74,,4.22054,189.229
802.00,1000603,PC,2022-04-16 12:00:00,2026-08-01 00:00:00,2026-08-01,8.46596,6.34027,1570.12,3.18457,0.318457,791.386,65.671,0,1,,5695.74,0.67501,4.22054,189.229
803.00,1000604,PC,2024-02-14 12:00:00,2026-08-01 00:00:00,2026-08-01,5.36405,4.58649,4206.74,9.17039,0.917039,901.177,110.424,0,1,12.9043,4178.65,1.19967,4.10055,82.6258
804.00,1000605,PC,2023-02-18 12:00:00,2026-08-01 00:00:00,2026-08-01,8.60641,5.31689,4306.61,9.13728,0.913728,,173.174,0,1,12.4192,5205.22,1.32694,4.76278,311.034
805.00,1000606,CP,2023-02-13 12:00:00,2026-08-01 00:00:00,2026-08-01,0.843387,3.49408,825.622,4.05726,0.405726,2231.87,4154.26,0,1,10.6575,5720.63,1.14371,,153.24
806.00,1000607,CP,2024-01-10 12:00:00,2026-08-01 00:00:00,2026-08-01,8.95437,2.88241,1435.49,6.96129,0.696129,729.412,47.3928,0,1,11.6022,3687.97,1.41985,4.53281,139.371
807.00,1000607,PC,2025-02-10 12:00:00,2026-08-01 00:00:00,2026-08-01,8.25215,4.69847,959.349,,0.50459,749.542,52.845,0,1,11.6022,3687.97,1.41985,4.53281,139.371
808.00,1000608,CP,2021-06-10 12:00:00,2026-08-01 00:00:00,2026-08-01,16.6248,2.45856,989.224,4.91356,,1141.77,284.532,0,1,10.595,7637.34,1.22544,4.34118,215.585
809.00,1000609,PC,2025-06-10 12:00:00,2026-08-01 00:00:00,2026-08-01,10.2333,2.33771,1265.67,3.30112,0.330112,902.743,111.193,0,1,12.1655,6036.13,0.887435,4.85345,271.133
810.00,1000610,FA,2020-05-17 12:00:00,2026-08-01 00:00:00,2026-08-01,13.1814,,6737.01,5.00591,0.500591,568.293,17.4627,0,1,12.3679,4826.43,0.651204,4.27503,171.224
811.00,1000611,PC,2019-05-11 12:00:00,2026-08-01 00:00:00,2026-08-01,1.70486,1.47099,2992.55,6.01712,0.601712,1421.38,683.381,0,1,12.838,4924.38,1.00083,4.53953,150.103
812.00,1000612,PC,2024-06-12 12:00:00,2026-08-01 00:00:00,2026-08-01,7.25563,3.1465,1025.6,4.9014,0.49014,1228.87,381.81,0,1,9.20814,5669.65,1.48207,4.50509,148.907
813.00,1000613,FP,2019-08-16 12:00:00,2026-08-01 00:00:00,2026-08-01,27.9461,1.97555,6532.24,8.84123,0.884123,291.726,1.21261,0,1,8.75397,2676.74,0.920738,4.52604,140.199
814.00,1000614,PC,2021-02-14 12:00:00,2026-08-01 00:00:00,2026-08-01,11.6144,2.8307,4871.12,6.89368,0.689368,1035.74,192.675,0,1,10.2182,6466.22,1.1076,4.6226,130.775
815.00,1000615,PC,2023-03-10 12:00:00,2026-08-01 00:00:00,2026-08-01,0.857971,4.37943,930.062,2.61079,0.261079,1590.23,1070.67,0,1,10.6702,4853.21,0.816003,4.65789,224.892
816.00,1000615,PC,2021-01-16 12:00:00,2026-08-01 00:00:00,2026-08-01,39.7554,6.16046,2308.77,,0.413059,442.742,6.43316,0,1,10.6702,4853.21,0.816003,4.65789,224.892
817.00,1000615,PC,2019-08-13 12:00:00,2026-08-01 00:00:00,2026-08-01,5.12472,,5321.54,6.81865,0.681865,876.449,98.7931,0,1,10.6702,4853.21,0.816003,4.65789,
818.00,1000616,CP,2025-04-13 12:00:00,2026-08-01 00:00:00,2026-08-01,13.0225,2.04356,5271.62,12.6647,1.26647,728.88,47.2547,0,1,9.07692,4289.67,1.34517,4.76143,428.514
819.00,1000617,PC,2025-05-10 12:00:00,2026-08-01 00:00:00,2026-08-01,5.37835,3.84231,309.821,2.80553,0.280553,1210.54,359.529,0,1,12.4265,5332.89,1.33142,4.19378,101.603
820.00,1000618,PC,2022-07-18 12:00:00,2026-08-01 00:00:00,2026-08-01,8.22978,5.18814,6991.48,15.0811,1.50811,1541.52,945.405,0,1,12.7522,6772.16,1.77782,4.50367,173.479
821.00,1000619,FP,2019-07-10 12:00:00,2026-08-01 00:00:00,2026-08-01,20.9946,5.41129,2428.81,5.22491,0.522491,528.424,13.0542,0,1,11.1847,4301.98,0.96653,3.93806,162.883
822.00,1000620,FP,2022-02-16 12:00:00,2026-08-01 00:00:00,2026-08-01,0.967648,3.37265,24051.9,,0.699408,1167.33,310.879,0,1,8.63707,5323.96,0.395893,4.3307,112.221
823.00,1000621,PC,2023-02-10 12:00:00,2026-08-01 00:00:00,2026-08-01,16.8369,1.88539,5212.98,15.5251,1.55251,1037.75,194.171,0,1,12.9459,5488.24,1.977,4.09496,244.238
824.00,1000622,KP,2024-01-11 12:00:00,2026-08-01 00:00:00,2026-08-01,3.63954,4.12794,15988.2,11.0754,1.10754,998.825,166.64,0,1,,5045.33,0.780573,4.85803,186.819
825.00,1000623,APC,2024-08-17 12:00:00,2026-08-01 00:00:00,2026-08-01,1.96599,4.77398,2300.31,3.80307,0.380307,1468.63,778.876,0,1,11.5969,6190.94,0.743388,4.23984,100.423
826.00,1000624,PC,2025-02-12 12:00:00,2026-08-01 00:00:00,2026-08-01,5.63254,2.83209,1478.31,5.35885,0.535885,929.902,125.19,0,1,11.0518,4964.66,0.934862,4.1297,104.294
827.00,1000625,FP,2024-08-12 12:00:00,2026-08-01 00:00:00,2026-08-01,2.10063,5.71962,4550.7,6.382,0.6382,1738.67,1529.98,0,1,10.6589,7272.99,0.789024,4.7694,104.859
828.00,1000626,APC,2020-06-18 12:00:00,2026-08-01 00:00:00,2026-08-01,29.9996,3.20394,1232.56,2.83098,0.283098,472.606,8.35249,0,1,11.0225,4779.47,0.794632,4.05923,76.3942
829.00,1000627,PC,2025-07-16 12:00:00,2026-08-01 00:00:00,2026-08-01,5.71424,3.21662,2320.59,4.81498,0.481498,799.302,68.3384,0,1,10.2765,4288.68,0.934539,4.61569,172.705
830.00,1000628,APC,2022-04-10 12:00:00,2026-08-01 00:00:00,2026-08-01,8.42004,3.64003,5697.71,8.17175,0.817175,725.042,46.2673,0,1,9.25975,4419.84,0.937505,4.42492,168.787
831.00,1000629,PC,2023-07-18 12:00:00,2026-08-01 00:00:00,2026-08-01,6.93708,2.32169,2423.76,4.79373,0.479373,1047.7,201.731,0,1,11.2313,6504.49,0.794361,4.23827,108.877
832.00,1000630,FP,2020-06-14 12:00:00,2026-08-01 00:00:00,2026-08-01,9.75853,3.67923,812.787,2.59794,0.259794,953.837,138.585,0,1,8.53865,5641.02,1.09902,4.27244,98.5353
833.00,1000631,KP,2022-02-15 12:00:00,2026-08-01 00:00:00,2026-08-01,1.7305,5.40784,4940.56,4.62823,0.462823,930.375,125.445,0,1,10.0078,4415.67,0.538625,4.48465,292.211
834.00,1000631,FP,2025-05-18 12:00:00,2026-08-01 00:00:00,2026-08-01,0.628799,4.1488,1611.68,2.29903,,1303.8,483.8,0,1,10.0078,4415.67,0.538625,4.48465,292.211
835.00,1000631,PC,2024-07-14 12:00:00,2026-08-01 00:00:00,2026-08-01,11.3682,5.24199,21576.4,6.78951,,496.765,10.1959,0,1,10.0078,,0.538625,4.48465,292.211
836.00,1000632,PC,2022-05-18 12:00:00,2026-08-01 00:00:00,2026-08-01,1.26869,4.30159,3476.45,7.13307,0.713307,1389.25,623.653,0,1,11.3797,3995.26,1.19278,4.9298,508.977
837.00,1000633,PC,2023-08-15 12:00:00,2026-08-01 00:00:00,2026-08-01,2.10107,5.93221,1090.29,3.16222,0.316222,1393.99,632.205,0,1,11.6099,5240.37,0.9771,4.68437,164.434
838.00,1000634,PC,2025-08-18 12:00:00,2026-08-01 00:00:00,2026-08-01,17.8406,3.13696,1881.17,3.4621,0.34621,645.773,29.1165,0,1,9.9168,5828.56,0.705496,4.55205,206.599
839.00,1000635,PC,2020-07-12 12:00:00,2026-08-01 00:00:00,2026-08-01,14.6829,1.90683,398.409,2.88965,0.288965,859.766,91.4832,0,1,10.867,6188.94,0.974059,4.64603,132.426
840.00,1000636,PC,2025-06-15 12:00:00,2026-08-01 00:00:00,2026-08-01,4.30003,2.31651,1414.65,3.46452,0.346452,1322.04,511.447,0,1,10.693,6356.4,0.962865,4.29501,240.49
841.00,1000637,FP,2019-02-14 12:00:00,2026-08-01 00:00:00,2026-08-01,0.330952,3.60002,1024.94,1.98673,0.198673,1798.1,1750.16,0,1,12.7771,5032.72,0.514103,4.42556,230.468
842.00,1000637,PC,2024-04-12 12:00:00,2026-08-01 00:00:00,2026-08-01,1.47381,3.73951,1370.74,1.66807,0.166807,1092.92,238.879,0,1,12.7771,5032.72,0.514103,4.42556,230.468
843.00,1000638,PC,2024-02-13 12:00:00,2026-08-01 00:00:00,2026-08-01,48.4372,3.89734,2053.86,3.69937,0.369937,652.929,30.4288,0,1,11.1036,7757.69,0.792324,4.31177,190.393
844.00,1000639,PC,2020-03-17 12:00:00,2026-08-01 00:00:00,2026-08-01,4.32227,6.00052,1167.05,5.15453,0.515453,1072.7,221.687,0,1,12.5266,,1.20916,4.39949,284.952
845.00,1000639,PC,2020-07-10 12:00:00,2026-08-01 00:00:00,2026-08-01,6.77237,2.18471,1367.22,5.72998,0.572998,923.571,121.815,0,1,12.5266,4610.35,1.20916,4.39949,284.952
846.00,1000639,PC,2023-01-10 12:00:00,2026-08-01 00:00:00,2026-08-01,68.254,2.2135,355.348,2.90308,0.290308,427.57,5.59565,0,1,12.5266,4610.35,1.20916,4.39949,284.952
847.00,1000640,FP,2025-06-12 12:00:00,2026-08-01 00:00:00,2026-08-01,,3.02327,13446.7,16.5976,1.65976,1523.31,901.528,0,1,10.4489,5718.3,1.25999,4.34893,98.6092
848.00,1000640,PC,2022-06-16 12:00:00,2026-08-01 00:00:00,2026-08-01,8.64067,2.43117,5405.79,9.88226,0.988226,1078.14,226.219,0,1,10.4489,5718.3,1.25999,4.34893,98.6092
849.00,1000641,PC,2025-01-10 12:00:00,2026-08-01 00:00:00,2026-08-01,11.8724,8.44668,15365,14.9983,1.49983,872.764,97.1422,0,1,14.2677,5325.51,1.17656,4.50998,309.913
850.00,1000642,PC,2022-01-10 12:00:00,2026-08-01 00:00:00,2026-08-01,17.7649,6.8393,1743.55,,0.503647,895.608,107.719,0,1,10.9446,6383.49,1.12809,4.50471,366.455
851.00,1000643,PC,2022-03-10 12:00:00,2026-08-01 00:00:00,2026-08-01,2.56591,3.19943,6356.19,8.21495,0.821495,1324.21,514.809,0,1,11.2332,5290.13,0.988533,,57.2389
852.00,1000643,PC,2022-07-11 12:00:00,2026-08-01 00:00:00,2026-08-01,73.8193,3.80107,856.749,3.71556,0.371556,432.162,5.83994,0,1,11.2332,5290.13,0.988533,3.92777,57.2389
853.00,1000644,PC,2022-07-15 12:00:00,2026-08-01 00:00:00,2026-08-01,42.7355,,1641.23,1.7666,0.17666,414.187,4.92725,0,1,11.2206,6451.22,0.424117,4.46879,387.474
854.00,1000645,FP,2025-08-10 12:00:00,2026-08-01 00:00:00,2026-08-01,3.78032,4.92944,,22.4424,2.24424,1643.46,1221.4,0,1,11.5777,6474.15,1.3163,4.08348,93.8587
855.00,1000646,PC,2023-02-12 12:00:00,2026-08-01 00:00:00,2026-08-01,16.0305,2.07875,268.618,1.9562,0.19562,700.152,40.2337,0,1,11.293,5001.49,1.04874,4.18944,273.339
856.00,1000647,FP,2023-03-12 12:00:00,2026-08-01 00:00:00,2026-08-01,13.0986,2.08888,814.665,2.39425,0.239425,787.689,64.4526,0,1,9.83722,5827.39,0.854595,4.32569,151.602
857.00,1000648,PC,2024-04-10 12:00:00,2026-08-01 00:00:00,2026-08-01,8.8971,3.88949,1641.71,3.67126,0.367126,988.278,159.712,0,1,12.1227,,0.7421,4.54145,342.577
858.00,1000649,CP,2025-03-10 12:00:00,2026-08-01 00:00:00,2026-08-01,2.55145,3.52129,5229.69,7.94109,0.794109,1351.01,,0,1,9.80472,5063.88,1.11873,4.33663,55.0243
859.00,1000650,PC,2021-01-15 12:00:00,2026-08-01 00:00:00,2026-08-01,16.2075,2.57083,,,1.56579,1010.26,174.406,0,1,11.1707,5679.32,1.70584,4.64824,310.11
860.00,1000651,PC,2025-03-14 12:00:00,2026-08-01 00:00:00,2026-08-01,4.04074,2.21346,469.507,3.30432,0.330432,1923.34,2291.11,0,1,11.3382,7265.4,1.49653,4.27547,222.033
861.00,1000652,FP,2022-05-15 12:00:00,2026-08-01 00:00:00,2026-08-01,0.334267,3.64948,1810.14,2.77893,0.277893,1922,2284.71,0,1,9.80129,5145.08,0.565761,4.1335,134.207
862.00,1000653,FP,2024-03-16 12:00:00,2026-08-01 00:00:00,2026-08-01,29.2282,3.84696,10581.5,6.66667,0.666667,,,0,1,11.01,4143.82,0.57441,4.04732,166.102
863.00,1000654,APC,2023-01-15 12:00:00,2026-08-01 00:00:00,2026-08-01,8.04437,3.93649,2000.15,3.40634,0.340634,775.041,60.4114,0,1,13.0513,5287.96,0.725968,4.32525,104.395
864.00,1000654,PC,2019-01-10 12:00:00,2026-08-01 00:00:00,2026-08-01,49.0471,3.878,687.964,2.05783,0.205783,424.246,5.42364,0,1,13.0513,5287.96,0.725968,4.32525,104.395
865.00,1000655,PC,2019-02-16 12:00:00,2026-08-01 00:00:00,2026-08-01,3.53258,3.5444,741.165,4.00869,0.400869,1403.07,648.833,0,1,11.4987,5587.46,1.23113,4.39201,368.83
866.00,1000655,PC,2025-04-15 12:00:00,2026-08-01 00:00:00,2026-08-01,3.96403,4.96127,11161.5,12.5291,1.25291,1350.19,556.424,0,1,11.4987,5587.46,1.23113,4.39201,
867.00,1000656,PC,2022-03-12 12:00:00,2026-08-01 00:00:00,2026-08-01,13.0012,3.43065,7183.6,22.134,2.2134,1366.14,583.183,0,1,11.8605,6102.55,2.33243,4.45271,117.021
868.00,1000657,PC,2024-01-18 12:00:00,2026-08-01 00:00:00,2026-08-01,6.27158,2.80925,1231.24,6.47705,0.647705,1139.62,282.396,0,1,12.945,4844.39,1.5842,4.27537,330.268
869.00,1000658,PC,2021-02-12 12:00:00,2026-08-01 00:00:00,2026-08-01,26.7918,3.22418,519.668,2.21193,0.221193,819.352,75.4575,0,1,9.36874,7584.96,0.879466,4.8282,153.058
870.00,1000659,PC,2021-07-11 12:00:00,2026-08-01 00:00:00,2026-08-01,17.3711,2.56297,5339.48,9.6987,0.96987,799.552,68.4237,0,1,11.5176,5715.69,1.10482,4.54557,194.24
871.00,1000660,PC,2019-08-12 12:00:00,2026-08-01 00:00:00,2026-08-01,3.05795,6.61705,513.833,1.66125,0.166125,899.011,109.365,0,1,11.9607,4531.43,0.698014,4.34383,109.021
872.00,1000661,PC,2024-04-17 12:00:00,2026-08-01 00:00:00,2026-08-01,17.0702,1.37704,690.891,2.82647,0.282647,791.7,65.7755,0,1,11.527,6055.57,0.953867,4.51942,
873.00,1000662,PC,2022-07-13 12:00:00,2026-08-01 00:00:00,2026-08-01,55.1578,3.91942,1354.05,6.77594,0.677594,800.561,68.7698,0,1,,6833.82,1.67385,4.27254,191.685
874.00,1000662,FP,2022-08-10 12:00:00,2026-08-01 00:00:00,2026-08-01,20.8294,2.65088,8638.99,16.3906,1.63906,1107.57,251.945,0,1,10.0697,6833.82,1.67385,4.27254,191.685
875.00,1000663,PC,2021-06-15 12:00:00,2026-08-01 00:00:00,2026-08-01,8.72735,2.07545,637.432,3.22697,0.322697,1017.76,179.64,0,1,10.5448,5528.13,1.20941,4.63842,59.5326
876.00,1000664,FA,2023-01-13 12:00:00,2026-08-01 00:00:00,2026-08-01,2.59469,3.12411,1656.43,2.6045,0.26045,697.654,39.6626,0,1,10.2451,3886.17,0.512244,3.94927,296.518
877.00,1000665,CP,2020-06-17 12:00:00,2026-08-01 00:00:00,2026-08-01,11.8003,2.73466,4080.87,4.37637,,708.564,42.2025,0,1,9.24564,6363.62,0.540914,4.08406,191.388
878.00,1000666,PC,2023-05-15 12:00:00,2026-08-01 00:00:00,2026-08-01,28.475,4.9067,2199.28,2.43216,0.243216,499.699,10.4389,0,1,10.8056,6670.41,,4.18062,309.953
879.00,1000667,PC,2019-03-14 12:00:00,2026-08-01 00:00:00,2026-08-01,3.42269,4.59548,2626.09,5.13429,,1284.93,456.392,0,1,12.0481,5571.22,1.01692,4.51997,253.283
880.00,1000668,FP,2022-02-17 12:00:00,2026-08-01 00:00:00,2026-08-01,2.22301,5.98207,1141.2,5.68296,0.568296,1786.6,1705.81,0,1,10.2442,5529.59,1.49674,3.9749,289.543
881.00,1000669,PC,2025-04-13 12:00:00,2026-08-01 00:00:00,2026-08-01,2.69756,3.48664,2188.75,4.89511,0.489511,1609.67,,0,1,12.1173,6513.86,0.996085,4.8413,135.246
882.00,1000670,CP,2022-05-16 12:00:00,2026-08-01 00:00:00,2026-08-01,6.63155,3.48261,949.149,3.45904,,930.491,125.508,0,1,10.1565,5215.62,0.945671,4.44365,421.419
883.00,1000671,PC,2019-01-14 12:00:00,2026-08-01 00:00:00,2026-08-01,1.32704,2.72926,726.679,3.13818,0.313818,1261.05,423.396,0,1,9.41016,3824.79,1.10498,3.99262,271.588
884.00,1000672,PC,2023-01-18 12:00:00,2026-08-01 00:00:00,2026-08-01,32.222,1.62598,3392.31,5.29346,0.529346,555.953,15.9946,0,1,8.86714,5837.28,0.773169,4.54456,169.698
885.00,1000673,PC,2022-05-10 12:00:00,2026-08-01 00:00:00,2026-08-01,50.7494,9.4224,6300.12,8.10957,0.810957,454.472,7.1425,0,1,9.49612,5093,0.918765,4.54644,415.034
886.00,1000674,PC,2020-05-11 12:00:00,2026-08-01 00:00:00,2026-08-01,2.74377,3.33653,525.605,2.79334,0.279334,,1308.91,0,1,11.4199,6374.55,1.13517,4.25613,353.439
887.00,1000675,CP,2024-08-12 12:00:00,2026-08-01 00:00:00,2026-08-01,7.21851,4.01756,5998.14,6.2446,0.62446,993.233,162.939,0,1,11.4939,6150.11,0.820009,4.66886,148.784
888.00,1000676,APC,2019-08-15 12:00:00,2026-08-01 00:00:00,2026-08-01,13.3621,2.12209,556.045,3.93805,0.393805,1058.15,209.902,0,1,10.1997,5701.44,1.63266,4.17071,188.898
889.00,1000677,CP,2024-06-18 12:00:00,2026-08-01 00:00:00,2026-08-01,3.17283,1.39001,2031.82,4.48232,0.448232,1389.51,624.114,0,1,13.0838,5996.94,0.975762,4.25827,161.878
890.00,1000678,FP,2021-01-11 12:00:00,2026-08-01 00:00:00,2026-08-01,6.20421,,1448.81,3.01259,0.301259,872.08,96.8379,0,1,9.14456,5583.02,0.69345,4.461,143.225
891.00,1000679,PC,2025-01-14 12:00:00,2026-08-01 00:00:00,2026-08-01,3.21111,4.71053,513.405,3.35958,0.335958,992.955,162.757,0,1,11.6336,3851.29,1.21787,3.99812,173.547
892.00,1000680,PC,2020-07-14 12:00:00,2026-08-01 00:00:00,2026-08-01,6.70302,5.38141,1043.35,5.06424,,,595.305,0,1,13.9464,6672.8,1.26729,4.54229,219.7
893.00,1000681,PC,2024-07-17 12:00:00,2026-08-01 00:00:00,2026-08-01,3.93577,6.08393,3563.23,,1.48036,1840.84,1922.57,0,1,9.63902,5589.36,2.27602,4.41616,76.6412
894.00,1000681,PC,2025-01-14 12:00:00,2026-08-01 00:00:00,2026-08-01,2.52895,3.94411,531.408,5.7292,0.57292,2133.26,3467.36,0,1,9.63902,5589.36,2.27602,4.41616,76.6412
895.00,1000682,PC,2022-04-13 12:00:00,2026-08-01 00:00:00,2026-08-01,6.76822,3.74075,628.455,2.83187,0.283187,1050.31,203.748,0,1,10.3676,5989.82,,4.49962,423.049
896.00,1000682,PC,2024-01-11 12:00:00,2026-08-01 00:00:00,2026-08-01,7.00802,3.45209,2352.66,5.92256,0.592256,1038.19,194.506,0,1,10.3676,5989.82,0.926067,4.49962,423.049
897.00,1000683,PC,2020-08-11 12:00:00,2026-08-01 00:00:00,2026-08-01,3.13923,3.00582,1017.71,4.16743,0.416743,1263.14,426.212,0,1,11.0149,5082.89,,4.88927,196.58
898.00,1000684,FP,2019-02-18 12:00:00,2026-08-01 00:00:00,2026-08-01,6.52645,6.25174,1855.29,4.55464,0.455464,1324.79,515.71,0,1,12.3492,7342.32,0.957035,4.57635,70.2596
899.00,1000685,PC,2020-06-11 12:00:00,2026-08-01 00:00:00,2026-08-01,29.4646,2.76373,3528.87,,0.433347,399.164,4.25038,0,1,10.005,4570.2,0.612563,4.26048,140.822
900.00,1000686,PC,2025-05-17 12:00:00,2026-08-01 00:00:00,2026-08-01,1.99382,4.25784,4088.82,4.66563,0.466563,1346.31,550.048,0,1,11.1293,6440.41,0.58269,4.40317,339.288
901.00,1000686,APC,2025-02-15 12:00:00,2026-08-01 00:00:00,2026-08-01,6.09783,4.96501,4854.5,4.54439,0.454439,927.503,123.903,0,1,,6440.41,,4.40317,339.288
902.00,1000687,FP,2019-05-14 12:00:00,2026-08-01 00:00:00,2026-08-01,3.53519,,2212.55,6.94951,0.694951,1419.25,679.287,0,1,9.19689,5472.54,1.3138,4.14772,429.003
903.00,1000688,PC,2020-03-13 12:00:00,2026-08-01 00:00:00,2026-08-01,13.1437,4.58159,601.539,2.56861,0.256861,849.372,87.139,0,1,11.534,6090.18,0.911868,4.4995,160.376
904.00,1000689,PC,2022-03-15 12:00:00,2026-08-01 00:00:00,2026-08-01,,3.93108,447.075,3.17729,0.317729,845.543,85.5782,0,1,10.9825,,1.481,4.54177,210.529
905.00,1000690,FP,2020-07-12 12:00:00,2026-08-01 00:00:00,2026-08-01,5.27103,3.195,11210.6,13.9803,1.39803,815.794,74.1556,0,1,10.3613,3572.27,1.3296,4.65348,249.978
906.00,1000691,FP,2019-03-15 12:00:00,2026-08-01 00:00:00,2026-08-01,2.64475,5.78759,11886.3,,1.35346,1175.75,319.947,0,1,10.7481,4806.26,0.963356,4.21153,358.65
907.00,1000692,FP,2024-05-14 12:00:00,2026-08-01 00:00:00,2026-08-01,0.448824,3.08168,7714.69,16.2227,1.62227,4457.3,66085.9,0,1,10.3754,8039.7,1.51669,4.55684,221.601
908.00,1000693,PC,2023-06-18 12:00:00,2026-08-01 00:00:00,2026-08-01,2.52135,4.6481,1463.05,,0.51769,1517.4,887.614,0,1,12.9751,5931.77,1.0204,5.15171,298.213
909.00,1000694,CP,2020-04-16 12:00:00,2026-08-01 00:00:00,2026-08-01,5.13633,2.82793,762.584,5.44624,0.544624,1432.51,705.034,0,1,12.5266,5199.6,1.90198,4.70198,295.013
910.00,1000695,CP,2023-07-13 12:00:00,2026-08-01 00:00:00,2026-08-01,3.05189,3.01134,2722.56,6.3696,0.63696,1254.4,414.544,0,1,8.6467,4765.79,1.22697,3.90051,132.288
911.00,1000696,KP,2024-02-17 12:00:00,2026-08-01 00:00:00,2026-08-01,32.5026,1.92577,451.782,1.40774,0.140774,331.709,2.02699,0,1,9.30043,4173.78,0.541483,4.57798,182.348
912.00,1000697,PC,2022-08-13 12:00:00,2026-08-01 00:00:00,2026-08-01,1.55678,2.07572,1024.66,3.3639,0.33639,1577.78,1037.54,0,1,,5584.16,0.902634,4.21005,299.586
913.00,1000698,APC,2021-08-14 12:00:00,2026-08-01 00:00:00,2026-08-01,,3.29593,4784.2,9.02346,0.902346,2448.18,6014.42,0,1,13.8143,6555.28,1.20619,4.61383,198.034
914.00,1000699,PC,2025-08-16 12:00:00,2026-08-01 00:00:00,2026-08-01,2.90183,3.86736,882.6,2.17391,0.217391,860.148,,0,1,13.7653,4507,0.623738,3.59395,268.2
915.00,1000700,FP,2025-02-14 12:00:00,2026-08-01 00:00:00,2026-08-01,4.20347,3.66482,2151.36,2.02435,0.202435,800.75,68.835,0,1,11.7857,5704.05,0.432066,4.36848,
916.00,1000701,PC,2025-06-11 12:00:00,2026-08-01 00:00:00,2026-08-01,4.02455,4.64471,2060.27,3.4821,0.34821,1021.18,182.068,0,1,9.51383,5440.81,0.750253,4.11679,345.072
917.00,1000701,FP,2024-03-15 12:00:00,2026-08-01 00:00:00,2026-08-01,1.45648,4.09238,1352.56,3.18198,0.318198,1432.98,705.97,0,1,9.51383,5440.81,0.750253,4.11679,345.072
918.00,1000702,CP,2022-08-17 12:00:00,2026-08-01 00:00:00,2026-08-01,10.709,1.3143,1133.5,2.91858,0.291858,807.949,71.3437,0,1,10.0492,6037.21,0.732451,4.56078,222.559
919.00,1000703,CP,2024-03-15 12:00:00,2026-08-01 00:00:00,2026-08-01,9.68386,2.76049,1190.37,3.63543,0.363543,797.068,67.5776,0,1,11.7377,5519.14,0.797622,,
920.00,1000704,FP,2021-07-12 12:00:00,2026-08-01 00:00:00,2026-08-01,2.82049,5.02992,16245,10.724,1.0724,1223.23,374.841,0,1,12.7417,5641.86,0.789894,3.92433,526.607
921.00,1000705,PC,2020-02-13 12:00:00,2026-08-01 00:00:00,2026-08-01,5.70836,3.41386,1346.96,4.32888,0.432888,1094.43,240.197,0,1,10.0177,5629.74,1.01607,4.76388,244.502
922.00,1000706,PC,2021-04-12 12:00:00,2026-08-01 00:00:00,2026-08-01,19.3792,3.31914,2259.41,4.27519,0.427519,,88.4703,0,1,11.4654,7894.54,0.70834,4.32554,213.719
923.00,1000707,PC,2025-02-13 12:00:00,2026-08-01 00:00:00,2026-08-01,4.24807,3.47785,545.135,2.72155,,,335.078,0,1,10.1067,5147.61,1.17877,4.81318,189.398
924.00,1000707,CP,2019-08-18 12:00:00,2026-08-01 00:00:00,2026-08-01,32.152,2.07027,4128.98,8.04798,0.804798,605.795,22.5488,0,1,10.1067,5147.61,1.17877,4.81318,189.398
925.00,1000708,PC,2020-07-11 12:00:00,2026-08-01 00:00:00,2026-08-01,36.6884,2.68153,1580.34,5.10679,0.510679,715.21,43.8081,0,1,,,1.33767,4.35203,77.936
926.00,1000709,PC,2023-02-16 12:00:00,2026-08-01 00:00:00,2026-08-01,0.744327,3.46207,537.417,2.89584,0.289584,2213.97,4022.62,0,1,11.1934,5557.68,1.09711,4.15522,140.635
927.00,1000710,FP,2020-07-18 12:00:00,2026-08-01 00:00:00,2026-08-01,9.82828,,4427.99,8.54831,0.854831,934.733,127.812,0,1,10.2394,5095.59,,4.10946,189.03
928.00,1000710,FP,2020-01-15 12:00:00,2026-08-01 00:00:00,2026-08-01,4.09934,4.34848,3307.88,7.98434,0.798434,1251.05,410.13,0,1,10.2394,5095.59,1.29963,4.10946,189.03
929.00,1000711,PC,2020-02-17 12:00:00,2026-08-01 00:00:00,2026-08-01,1.56285,,1219.57,4.21322,0.421322,,4825.59,0,1,11.2194,7338.91,1.12996,4.33177,180.73
930.00,1000712,PC,2021-03-14 12:00:00,2026-08-01 00:00:00,2026-08-01,7.9204,2.31583,2431.47,2.86709,0.286709,619.426,24.6478,0,1,11.3639,4628.79,0.598953,4.02723,240.928
931.00,1000712,PC,2023-07-18 12:00:00,2026-08-01 00:00:00,2026-08-01,2.36487,2.80219,1030.63,2.30964,0.230964,926.764,123.509,0,1,11.3639,4628.79,,4.02723,240.928
932.00,1000712,PC,2025-01-17 12:00:00,2026-08-01 00:00:00,2026-08-01,11.3477,2.93015,1839.99,,0.343475,549.459,15.2603,0,1,11.3639,4628.79,0.598953,4.02723,240.928
933.00,1000713,PC,2023-03-16 12:00:00,2026-08-01 00:00:00,2026-08-01,10.2908,2.67894,1279.24,3.31182,0.331182,1034.09,191.448,0,1,9.48872,6814.99,0.916929,4.67736,618.166
934.00,1000714,FP,2019-08-13 12:00:00,2026-08-01 00:00:00,2026-08-01,3.08503,2.70682,1418.69,3.13737,0.313737,1612.81,1132.8,0,1,12.3157,6859.5,0.986136,4.43603,265.349
935.00,1000715,FP,2024-05-13 12:00:00,2026-08-01 00:00:00,2026-08-01,5.20256,2.47406,1475.98,3.48934,0.348934,1072.76,221.735,0,1,9.24735,6094.12,0.783152,,104.362
936.00,1000716,PC,2022-07-10 12:00:00,2026-08-01 00:00:00,2026-08-01,3.98106,4.10013,2514.36,4.56672,0.456672,,,0,1,14.3694,3398.57,0.804251,4.2004,176.093
937.00,1000717,FP,2024-05-11 12:00:00,2026-08-01 00:00:00,2026-08-01,6.2848,6.94164,12295.3,7.0013,,816.084,74.2608,0,1,10.7919,5719.93,0.583534,4.0701,101.546
938.00,1000718,PC,2020-01-13 12:00:00,2026-08-01 00:00:00,2026-08-01,1.72184,1.90467,,2.10799,0.210799,1613.73,1135.39,0,1,11.8097,6019.09,0.869186,4.34861,159.149
939.00,1000719,FP,2024-08-10 12:00:00,2026-08-01 00:00:00,2026-08-01,3.74999,3.3736,644.906,,0.506537,1995.9,2656.88,0,1,12.5157,6437.03,,4.65938,128.449
940.00,1000720,FP,2025-08-15 12:00:00,2026-08-01 00:00:00,2026-08-01,3.32298,6.36909,4861.16,10.8309,1.08309,1762.29,1614.84,0,1,10.9547,6382.62,1.42897,4.69536,166.927
941.00,1000721,APC,2024-01-12 12:00:00,2026-08-01 00:00:00,2026-08-01,11.2389,3.66874,1479.46,7.14455,0.714455,1264.36,427.863,0,1,11.026,6291.71,1.70558,3.98973,234.675
942.00,1000721,PC,2023-06-15 12:00:00,2026-08-01 00:00:00,2026-08-01,2.27585,1.48213,1797,7.64705,0.764705,2153.1,3598.15,0,1,11.026,6291.71,1.70558,3.98973,234.675
943.00,1000722,FP,2020-06-16 12:00:00,2026-08-01 00:00:00,2026-08-01,39.4609,5.78992,3220.53,9.71714,,645.45,29.0584,0,1,10.1704,5216.95,,4.15397,125.61
944.00,1000723,PC,2023-03-14 12:00:00,2026-08-01 00:00:00,2026-08-01,3.49244,2.17032,469.854,2.04235,0.204235,1193.26,339.434,0,1,10.9957,5786.05,0.824086,4.37726,110.635
945.00,1000724,PC,2021-07-15 12:00:00,2026-08-01 00:00:00,2026-08-01,1.75369,2.92744,7192.01,11.2786,1.12786,1514.54,880.924,0,1,13.2645,4665.82,1.2898,4.71214,614.312
946.00,1000725,APC,2022-04-15 12:00:00,2026-08-01 00:00:00,2026-08-01,6.77718,2.55513,,6.53362,0.653362,922.418,121.208,0,1,12.8012,5245.82,,4.25704,127.293
947.00,1000726,PC,2019-02-15 12:00:00,2026-08-01 00:00:00,2026-08-01,3.44914,4.35728,1959.62,5.37401,0.537401,1637.38,1203.43,0,1,10.7833,6936.54,1.07071,4.38221,445.232
948.00,1000727,PC,2022-08-17 12:00:00,2026-08-01 00:00:00,2026-08-01,8.45476,5.64251,3283.89,11.1357,1.11357,1369.42,588.807,0,1,13.6397,6155.26,1.72916,4.35732,284.035
949.00,1000728,PC,2025-05-15 12:00:00,2026-08-01 00:00:00,2026-08-01,1.86933,3.79994,1430.58,6.09696,0.609696,1551.67,970.543,0,1,10.3302,4636.52,1.43061,4.57071,78.1121
950.00,1000729,CP,2022-06-15 12:00:00,2026-08-01 00:00:00,2026-08-01,15.493,3.32307,629.935,2.30731,0.230731,926.003,123.103,0,1,8.86362,7001.29,0.915116,4.44702,390.858
951.00,1000730,PC,2025-03-14 12:00:00,2026-08-01 00:00:00,2026-08-01,2.81733,2.80112,3438.54,3.30295,,855.068,89.5001,0,1,11.0038,4724.42,0.550023,4.64255,71.395
952.00,1000730,PC,2024-08-11 12:00:00,2026-08-01 00:00:00,2026-08-01,4.22093,4.55525,1349.72,2.45382,0.245382,747.27,52.2073,0,1,,4724.42,0.550023,4.64255,71.395
953.00,1000731,PC,2025-03-13 12:00:00,2026-08-01 00:00:00,2026-08-01,4.68798,4.65029,537.419,,0.171283,1043.56,198.559,0,1,9.91909,6471.39,0.613123,4.47127,206.535
954.00,1000732,PC,2025-08-18 12:00:00,2026-08-01 00:00:00,2026-08-01,2.39511,4.2792,1536.35,6.33902,0.633902,,1652.39,0,1,9.91602,5305.22,1.68192,4.42811,412.353
955.00,1000732,PC,2019-04-14 12:00:00,2026-08-01 00:00:00,2026-08-01,4.95443,5.38253,22255.1,26.1863,2.61863,1391.07,626.933,0,1,9.91602,5305.22,1.68192,4.42811,
956.00,1000733,PC,2019-05-10 12:00:00,2026-08-01 00:00:00,2026-08-01,1.06393,8.01446,6258.39,9.78623,0.978623,1930.43,2325.07,0,1,10.8399,5696.67,1.00737,4.77465,174.249
957.00,1000733,PC,2023-02-12 12:00:00,2026-08-01 00:00:00,2026-08-01,2.81527,2.66225,10172,8.69961,0.869961,1395.68,635.271,0,1,10.8399,5696.67,1.00737,4.77465,174.249
958.00,1000734,PC,2025-08-14 12:00:00,2026-08-01 00:00:00,2026-08-01,1.11016,4.09947,274.566,1.83547,0.183547,1579.64,1042.44,0,1,10.9446,4420,1.15269,4.16837,134.086
959.00,1000735,FP,2020-02-15 12:00:00,2026-08-01 00:00:00,2026-08-01,2.31041,5.51542,5388.61,11.138,1.1138,1692.98,1375.39,0,1,11.4806,5574.55,1.35683,4.47997,356.988
960.00,1000736,PC,2022-04-18 12:00:00,2026-08-01 00:00:00,2026-08-01,0.757136,1.21139,7249.71,12.2399,1.22399,2633.74,8055.9,0,1,12.3896,5435.33,1.64183,4.27874,143.072
961.00,1000737,FP,2021-04-11 12:00:00,2026-08-01 00:00:00,2026-08-01,2.63754,3.85453,4641.08,6.54287,0.654287,,761.52,0,1,11.1116,5952.86,0.967078,4.47503,111.233
962.00,1000738,FP,2025-03-13 12:00:00,2026-08-01 00:00:00,2026-08-01,1.71041,2.59985,4591.85,3.62026,0.362026,1081.4,228.965,0,1,9.9519,5587.29,0.450978,4.29869,101.138
963.00,1000738,KP,2020-06-15 12:00:00,2026-08-01 00:00:00,2026-08-01,4.3031,2.1083,1571.38,2.16832,0.216832,795.108,,0,1,9.9519,5587.29,0.450978,4.29869,101.138
964.00,1000739,PC,2022-03-15 12:00:00,2026-08-01 00:00:00,2026-08-01,9.10429,4.33534,1459.3,2.82941,0.282941,882.701,101.642,0,1,11.2571,6552.68,0.665993,4.30948,157.179
965.00,1000740,PC,2023-01-17 12:00:00,2026-08-01 00:00:00,2026-08-01,72.2316,4.35268,1188.47,4.61241,0.461241,450.202,6.87784,0,1,10.5495,4756.84,1.30772,4.07082,214.544
966.00,1000741,PC,2025-06-12 12:00:00,2026-08-01 00:00:00,2026-08-01,17.1044,2.71719,4796.43,7.59298,0.759298,608.455,22.9475,0,1,8.2953,5032.44,0.816876,4.46064,241.631
967.00,1000742,PC,2025-03-16 12:00:00,2026-08-01 00:00:00,2026-08-01,8.43736,2.47829,648.266,2.78258,0.278258,1064.98,215.372,0,1,8.53321,,1.04516,4.40595,97.7269
968.00,1000743,FP,2022-07-16 12:00:00,2026-08-01 00:00:00,2026-08-01,2.45142,5.08472,2252.06,7.25009,0.725009,2096.85,3236.62,0,1,12.1497,6326.03,1.68139,4.13662,318.335
969.00,1000744,PC,2021-01-11 12:00:00,2026-08-01 00:00:00,2026-08-01,3.39991,1.77788,2900.03,3.50345,0.350345,694.632,38.9799,0,1,10.9346,3812.75,0.631726,4.10442,124.597
970.00,1000745,APC,2025-06-17 12:00:00,2026-08-01 00:00:00,2026-08-01,4.75763,3.86441,326.279,0.971859,0.0971859,1106.31,250.803,0,1,9.80446,7073.61,0.58244,4.65135,38.3604
971.00,1000745,CP,2025-04-13 12:00:00,2026-08-01 00:00:00,2026-08-01,11.2329,3.10839,3365.55,3.4434,0.34434,830.828,79.7746,0,1,9.80446,7073.61,0.58244,4.65135,38.3604
972.00,1000745,FP,2021-05-12 12:00:00,2026-08-01 00:00:00,2026-08-01,2.20788,2.98781,2630.19,3.08337,0.308337,1428.95,698.052,0,1,9.80446,7073.61,0.58244,4.65135,38.3604
973.00,1000746,APC,2024-01-14 12:00:00,2026-08-01 00:00:00,2026-08-01,18.3119,2.11853,2626.63,3.40349,0.340349,600.831,21.8187,0,1,10.6557,5544.81,0.686652,4.37825,272.424
974.00,1000747,CP,2025-06-10 12:00:00,2026-08-01 00:00:00,2026-08-01,3.50247,4.01595,727.47,5.11994,0.511994,1985.99,2604.52,0,1,,6448.69,,4.30447,282.885
975.00,1000748,FP,2024-06-17 12:00:00,2026-08-01 00:00:00,2026-08-01,7.59092,6.86028,1805.68,5.36152,0.536152,1161.13,304.33,0,1,8.83503,6508.52,1.03477,4.13771,157.596
976.00,1000749,PC,2021-06-16 12:00:00,2026-08-01 00:00:00,2026-08-01,22.9546,3.07421,1566.06,4.21037,0.421037,740.296,50.2854,0,1,11.5398,5746.57,1.1283,4.48137,135.425
977.00,1000750,PC,2022-01-15 12:00:00,2026-08-01 00:00:00,2026-08-01,10.7661,2.21691,1626.95,5.21291,0.521291,924.329,122.216,0,1,8.10631,5015.75,1.39381,4.249,118.622
978.00,1000751,CP,2019-08-15 12:00:00,2026-08-01 00:00:00,2026-08-01,6.95281,,503.896,2.47601,0.247601,1055.3,207.643,0,1,10.1947,6001.71,0.94803,4.19689,111.791
979.00,1000752,APC,2022-06-14 12:00:00,2026-08-01 00:00:00,2026-08-01,3.34679,1.76068,430.196,2.73499,0.273499,1252.49,412.016,0,1,11.1619,5023.19,1.17091,4.47373,94.5776
980.00,1000753,PC,2022-01-12 12:00:00,2026-08-01 00:00:00,2026-08-01,2.90962,2.46706,143.014,0.824948,0.0824948,1369.2,588.419,0,1,11.2881,6733.3,0.70939,3.98501,130.996
981.00,1000754,CP,2023-08-12 12:00:00,2026-08-01 00:00:00,2026-08-01,1.27037,2.96368,422.641,1.8714,0.18714,1145.18,287.951,0,1,10.3034,3932.8,0.837175,4.41483,123.65
982.00,1000755,PC,2023-05-11 12:00:00,2026-08-01 00:00:00,2026-08-01,25.4817,2.62576,4655.21,9.29672,0.929672,804.123,70.002,0,1,10.4751,6110.18,1.26243,4.71183,70.0265
983.00,1000756,FP,2020-05-12 12:00:00,2026-08-01 00:00:00,2026-08-01,10.54,3.06433,2954.9,2.42645,0.242645,712.356,43.1131,0,1,9.96553,6811.99,0.442509,3.95842,301.348
984.00,1000756,CP,2019-01-14 12:00:00,2026-08-01 00:00:00,2026-08-01,5.07537,1.62664,1354.43,1.82671,0.182671,,114.228,0,1,9.96553,6811.99,0.442509,3.95842,301.348
985.00,1000756,FA,2023-04-14 12:00:00,2026-08-01 00:00:00,2026-08-01,4.96497,2.20074,1923.94,2.2986,0.22986,915.527,117.627,0,1,9.96553,6811.99,0.442509,3.95842,301.348
986.00,1000757,PC,2021-08-17 12:00:00,2026-08-01 00:00:00,2026-08-01,5.48915,,1033.3,8.08292,0.808292,,2279.15,0,1,12.4414,,2.18853,4.36637,367.24
987.00,1000757,PC,2025-01-12 12:00:00,2026-08-01 00:00:00,2026-08-01,29.5737,1.89483,6792.18,19.3085,1.93085,1095.69,241.307,0,1,12.4414,6645.16,2.18853,4.36637,
988.00,1000757,FP,2023-02-14 12:00:00,2026-08-01 00:00:00,2026-08-01,1.67716,2.9553,8404.02,21.5497,2.15497,2851.88,11075,0,1,12.4414,6645.16,2.18853,4.36637,367.24
989.00,1000758,CP,2022-04-14 12:00:00,2026-08-01 00:00:00,2026-08-01,10.319,3.66078,730.246,3.34603,0.334603,1093.12,239.055,0,1,11.4325,6703.14,1.06102,4.28983,250.302
990.00,1000759,PC,2025-02-10 12:00:00,2026-08-01 00:00:00,2026-08-01,5.96028,4.33759,5504.29,7.94665,,1001.56,168.469,0,1,12.696,5513.65,0.913062,4.4972,
991.00,1000760,FP,2025-01-12 12:00:00,2026-08-01 00:00:00,2026-08-01,3.02709,7.69421,4175.09,4.30029,0.430029,908.213,113.913,0,1,10.7043,5220.05,0.533204,4.37628,
992.00,1000761,FP,2022-03-11 12:00:00,2026-08-01 00:00:00,2026-08-01,1.67811,4.03487,18369.6,19.6015,1.96015,1672.93,1311.4,0,1,10.7522,5308.61,1.18048,4.55928,224.708
993.00,1000762,PC,2024-02-18 12:00:00,2026-08-01 00:00:00,2026-08-01,19.2943,2.80926,2017.44,3.8056,0.38056,744.666,51.4832,0,1,10.7651,5977.44,0.939784,4.33297,419.429
994.00,1000763,PC,2021-02-10 12:00:00,2026-08-01 00:00:00,2026-08-01,2.94394,1.92266,652.213,1.73882,0.173882,1168.42,312.042,0,1,9.76081,5536.84,0.769972,5.07516,459.673
995.00,1000764,CP,2023-08-13 12:00:00,2026-08-01 00:00:00,2026-08-01,1.88715,3.11004,682.491,4.56484,0.456484,1312.37,496.646,0,1,10.3366,4012.95,1.3748,4.38553,233.148
996.00,1000765,PC,2021-08-14 12:00:00,2026-08-01 00:00:00,2026-08-01,2.56486,3.01963,17624.9,16.1902,1.61902,1393.98,632.184,0,1,14.1001,5550.55,0.994791,4.00599,254.172
997.00,1000766,PC,2021-05-12 12:00:00,2026-08-01 00:00:00,2026-08-01,71.8111,3.93452,2305.45,4.66642,0.466642,374.092,3.27896,0,1,11.2325,4746.71,0.903268,4.31561,271.585
998.00,1000766,PC,2020-07-18 12:00:00,2026-08-01 00:00:00,2026-08-01,27.009,1.94818,2603.72,4.77599,0.477599,518.25,12.0776,0,1,11.2325,4746.71,0.903268,4.31561,271.585
999.00,1000767,FP,2023-06-18 12:00:00,2026-08-01 00:00:00,2026-08-01,0.746345,4.71887,3383.05,4.29101,0.429101,,856.636,0,1,12.516,4840.8,0.668543,4.43123,297.067
1000.00,1000768,CP,2025-04-14 12:00:00,2026-08-01 00:00:00,2026-08-01,4.36138,2.53171,2324.97,4.04441,0.404441,1178.42,322.86,0,1,11.1575,6333.78,0.777803,4.15155,307.739
1001.00,1000769,PC,2021-04-10 12:00:00,2026-08-01 00:00:00,2026-08-01,2.34755,3.09058,8462.02,4.09825,0.409825,899.251,109.482,0,1,10.238,4971.35,0.486489,4.72182,324.953
1002.00,1000770,FP,2024-03-12 12:00:00,2026-08-01 00:00:00,2026-08-01,0.946109,1.26541,24322.8,17.7038,1.77038,1654.86,1255.63,0,1,9.01986,4788.47,0.968881,4.42367,95.2624
1003.00,1000771,PC,2025-03-15 12:00:00,2026-08-01 00:00:00,2026-08-01,2.74354,2.08924,2752.84,7.13109,0.713109,1609.14,1122.54,0,1,14.0049,5978,1.19528,4.36192,202.411
1004.00,1000772,FP,2021-02-18 12:00:00,2026-08-01 00:00:00,2026-08-01,2.00755,,1591.02,3.75109,0.375109,1003.81,169.992,0,1,9.69791,3906.02,0.884699,3.58346,128.984
1005.00,1000773,CP,2020-02-15 12:00:00,2026-08-01 00:00:00,2026-08-01,0.809224,2.79532,,3.78453,0.378453,1874.73,2068.12,0,1,10.1018,5750.43,0.776914,4.64354,170.059
1006.00,1000774,PC,2022-08-14 12:00:00,2026-08-01 00:00:00,2026-08-01,85.4897,3.09117,1055.93,2.7788,0.27788,381.709,3.55427,0,1,11.1984,5244.55,0.865316,3.67253,300.248
1007.00,1000775,CP,2025-03-13 12:00:00,2026-08-01 00:00:00,2026-08-01,2.4911,3.42707,1385.72,4.34466,0.434466,1320.94,509.742,0,1,11.0189,4653.24,1.24652,4.11321,219.562
1008.00,1000776,CP,2019-07-16 12:00:00,2026-08-01 00:00:00,2026-08-01,22.0013,1.29466,606.335,2.92817,0.292817,720.219,45.0484,0,1,13.2208,5734.95,1.04236,4.32492,377.304
1009.00,1000777,PC,2022-05-15 12:00:00,2026-08-01 00:00:00,2026-08-01,3.75692,2.08801,871.474,3.60095,0.360095,1613.52,1134.8,0,1,10.405,6733.72,1.168,4.63569,107.713
1010.00,1000778,PC,2021-04-17 12:00:00,2026-08-01 00:00:00,2026-08-01,11.7383,2.53252,,5.87984,0.587984,690.329,38.0228,0,1,13.7003,4902.62,0.862003,4.56197,191.254
1011.00,1000779,PC,2025-04-15 12:00:00,2026-08-01 00:00:00,2026-08-01,1.82699,2.68243,2301.68,7.84586,0.784586,1931.01,2327.87,0,1,9.78386,5936.33,1.33109,4.06485,59.0791
1012.00,1000780,FP,2024-06-11 12:00:00,2026-08-01 00:00:00,2026-08-01,2.75851,4.24808,6397.02,,1.2405,,1175.98,0,1,12.0048,5609.23,1.3946,4.90002,165.774
1013.00,1000781,APC,2023-02-10 12:00:00,2026-08-01 00:00:00,2026-08-01,54.5367,2.8143,1230.02,6.80567,0.680567,712.752,43.2089,0,1,12.1358,5671.73,1.91171,4.58546,243.123
1014.00,1000782,FP,2021-03-14 12:00:00,2026-08-01 00:00:00,2026-08-01,24.2564,2.93946,5097.45,6.93831,0.693831,527.2,12.9337,0,1,8.43806,4860.17,0.829945,4.13605,188.134
1015.00,1000783,PC,2024-08-11 12:00:00,2026-08-01 00:00:00,2026-08-01,8.18523,3.40145,2365.71,3.969,0.3969,957.689,140.838,0,1,10.7457,6379.07,,4.44059,270.307
1016.00,1000784,PC,2022-03-16 12:00:00,2026-08-01 00:00:00,2026-08-01,2.5975,1.65663,2838.1,5.67025,,1694.28,1379.61,0,1,8.30207,6199.99,1.18779,4.5456,78.1938
1017.00,1000785,PC,2025-03-13 12:00:00,2026-08-01 00:00:00,2026-08-01,10.702,2.55105,1037.53,3.95108,0.395108,,153.905,0,1,11.5562,5763.8,1.17976,4.14889,200.421
1018.00,1000786,PC,2020-03-13 12:00:00,2026-08-01 00:00:00,2026-08-01,3.82525,2.17498,1052.81,4.5215,0.45215,1395.15,634.306,0,1,12.1205,5997.2,1.11421,4.51038,142.283
1019.00,1000786,PC,2022-06-18 12:00:00,2026-08-01 00:00:00,2026-08-01,3.69981,3.2161,1081.07,4.78826,0.478826,1410.74,663.141,0,1,12.1205,5997.2,1.11421,4.51038,142.283
1020.00,1000787,FP,2020-06-12 12:00:00,2026-08-01 00:00:00,2026-08-01,14.9194,3.49717,766.988,3.21749,0.321749,723.547,45.8867,0,1,11.6957,4988.57,1.07316,3.92189,142.383
1021.00,1000788,PC,2023-08-16 12:00:00,2026-08-01 00:00:00,2026-08-01,1.29309,2.16573,198.323,0.872447,0.0872447,1350.77,557.372,0,1,13.2699,5348.39,0.637266,4.05388,335.612
1022.00,1000789,PC,2024-06-14 12:00:00,2026-08-01 00:00:00,2026-08-01,3.3536,2.89028,4183.69,6.70826,0.670826,1553.04,973.971,0,1,14.1403,6324.92,1.13704,4.14233,91.5619
1023.00,1000790,PC,2021-02-12 12:00:00,2026-08-01 00:00:00,2026-08-01,1.29787,2.63172,1521.76,3.59272,0.359272,1687.1,1356.4,0,1,10.4082,5855.28,0.831494,4.1406,103.033
1024.00,1000791,FP,2019-01-18 12:00:00,2026-08-01 00:00:00,2026-08-01,0.979088,1.40081,734.988,3.97797,0.397797,2159.83,3643.33,0,1,9.17719,5816.34,1.14447,4.62362,181.553
1025.00,1000792,PC,2019-06-14 12:00:00,2026-08-01 00:00:00,2026-08-01,15.6586,3.87211,1992.12,5.64287,0.564287,945.96,134.064,0,1,12.7075,6609.7,1.07911,4.3563,396.594
1026.00,1000792,PC,2024-08-11 12:00:00,2026-08-01 00:00:00,2026-08-01,,8.57614,1835.28,4.95111,0.495111,,1326.92,0,1,12.7075,6609.7,1.07911,4.3563,396.594
1027.00,1000792,PC,2020-07-18 12:00:00,2026-08-01 00:00:00,2026-08-01,4.00671,4.49536,893.565,3.41773,0.341773,1490.03,825.273,0,1,12.7075,6609.7,1.07911,4.3563,396.594
1028.00,1000793,FP,2020-02-14 12:00:00,2026-08-01 00:00:00,2026-08-01,10.5177,2.53725,10073.5,9.81651,0.981651,668.877,33.5125,0,1,10.6091,4683.91,0.824023,4.23134,251.025
1029.00,1000793,PC,2021-02-18 12:00:00,2026-08-01 00:00:00,2026-08-01,5.13293,2.91586,718.503,2.04781,0.204781,849.568,87.2194,0,1,,4683.91,0.824023,4.23134,251.025
1030.00,1000793,CP,2022-08-11 12:00:00,2026-08-01 00:00:00,2026-08-01,11.7007,1.34243,1100.49,3.10217,0.310217,645.528,29.0725,0,1,10.6091,4683.91,0.824023,4.23134,251.025
1031.00,1000794,PC,2025-04-10 12:00:00,2026-08-01 00:00:00,2026-08-01,51.5994,6.43004,,13.385,1.3385,525.304,12.7486,0,1,12.6283,6541.58,0.752318,4.01832,55.2845
1032.00,1000795,PC,2022-01-13 12:00:00,2026-08-01 00:00:00,2026-08-01,3.07315,2.6802,2742.74,7.63571,0.763571,1538.49,937.999,0,1,12.0042,5682.21,1.30436,4.1607,120.777
1033.00,1000796,PC,2020-02-17 12:00:00,2026-08-01 00:00:00,2026-08-01,16.195,4.25611,607.102,4.31096,0.431096,895.418,107.628,0,1,9.79437,,1.7455,4.60178,61.9427
1034.00,1000797,PC,2025-05-13 12:00:00,2026-08-01 00:00:00,2026-08-01,10.6813,3.17575,1377.94,2.91221,0.291221,879.552,100.2,0,1,9.97705,6310.96,0.792985,4.23834,275.63
1035.00,1000797,PC,2024-05-12 12:00:00,2026-08-01 00:00:00,2026-08-01,4.11227,2.36633,6184.35,6.90237,0.690237,1209.04,357.758,0,1,9.97705,6310.96,0.792985,4.23834,275.63
1036.00,1000798,FP,2019-07-10 12:00:00,2026-08-01 00:00:00,2026-08-01,10.7579,3.90692,3532.87,4.36175,0.436175,628.165,26.0685,0,1,10.7238,4753.49,0.716351,4.34606,213.42
1037.00,1000799,FP,2023-05-16 12:00:00,2026-08-01 00:00:00,2026-08-01,9.66225,7.24086,4343.15,10.7275,1.07275,1264.26,427.727,0,1,11.3627,6799.4,1.32018,4.77681,75.3408
1038.00,1000800,PC,2024-07-18 12:00:00,2026-08-01 00:00:00,2026-08-01,3.32351,6.0363,2102.22,3.03266,0.303266,882.895,101.732,0,1,11.7945,4451.56,0.737408,4.1779,129.816
1039.00,1000801,PC,2021-04-10 12:00:00,2026-08-01 00:00:00,2026-08-01,8.57481,3.38077,460.242,2.18692,0.218692,846.51,85.9706,0,1,7.58658,5759.67,0.761733,4.24017,
1040.00,1000802,PC,2025-06-18 12:00:00,2026-08-01 00:00:00,2026-08-01,2.93975,,1925.55,4.54081,0.454081,1043.98,198.879,0,1,12.8442,4265.63,1.03468,4.2684,341.971
1041.00,1000803,PC,2022-04-17 12:00:00,2026-08-01 00:00:00,2026-08-01,1.61023,5.61303,726.441,2.30895,0.230895,1647.7,1234.06,0,1,11.0499,6100.05,0.843723,4.80777,516.704
1042.00,1000804,PC,2024-01-12 12:00:00,2026-08-01 00:00:00,2026-08-01,1.27053,3.2963,3873.27,4.51787,0.451787,1567.48,1010.73,0,1,9.13665,6020.01,0.66945,4.21528,362.924
1043.00,1000805,PC,2019-07-11 12:00:00,2026-08-01 00:00:00,2026-08-01,11.0621,4.23081,880.319,4.5073,0.45073,795.189,,0,1,14.1564,4184.74,1.50896,4.52614,124.797
1044.00,1000806,PC,2023-02-16 12:00:00,2026-08-01 00:00:00,2026-08-01,2.90357,5.23088,1758.37,3.23981,0.323981,1257.43,418.561,0,1,12.0665,6249.23,0.693618,4.20353,116.633
1045.00,1000807,PC,2025-03-18 12:00:00,2026-08-01 00:00:00,2026-08-01,2.88448,3.60652,1740,4.04513,,909.741,114.681,0,1,11.559,4069.64,0.852349,4.42509,74.6274
1046.00,1000808,CP,2021-02-18 12:00:00,2026-08-01 00:00:00,2026-08-01,7.08489,3.59682,1266.83,4.52893,0.452893,970.876,148.757,0,1,11.9135,4963.35,1.18809,4.19065,160.111
1047.00,1000809,CP,2021-04-10 12:00:00,2026-08-01 00:00:00,2026-08-01,0.834779,4.3695,806.596,4.18393,0.418393,2243.25,4239.65,0,1,10.5615,5400.74,1.2875,4.24311,147.556
1048.00,1000810,PC,2024-07-15 12:00:00,2026-08-01 00:00:00,2026-08-01,,3.60236,672.861,4.80062,0.480062,886.163,103.247,0,1,13.1212,5454.66,1.74956,4.1182,154.485
1049.00,1000811,CP,2019-06-14 12:00:00,2026-08-01 00:00:00,2026-08-01,9.37028,1.4843,5655.15,4.6084,0.46084,834.527,81.205,0,1,10.3927,6632.79,0.592252,3.98484,63.5029
1050.00,1000811,FP,2020-07-15 12:00:00,2026-08-01 00:00:00,2026-08-01,2.49018,2.43968,6007.56,4.75967,0.475967,,475.275,0,1,10.3927,6632.79,0.592252,3.98484,63.5029
1051.00,1000812,FP,2022-05-13 12:00:00,2026-08-01 00:00:00,2026-08-01,2.79385,2.71634,7284.42,13.2337,1.32337,1688.51,1360.92,0,1,8.88815,5496.74,1.5756,4.01175,185.878
1052.00,1000813,PC,2023-03-16 12:00:00,2026-08-01 00:00:00,2026-08-01,2.1237,4.76695,210.811,1.25045,0.125045,1326.52,518.412,0,1,11.3029,5606.85,0.778456,,
1053.00,1000814,PC,2023-06-17 12:00:00,2026-08-01 00:00:00,2026-08-01,1.66727,2.04122,949.282,2.65864,0.265864,1144.38,287.147,0,1,15.1077,,0.79627,4.57518,163.999
1054.00,1000815,PC,2021-07-12 12:00:00,2026-08-01 00:00:00,2026-08-01,1.88421,,9562.86,9.20885,0.920885,1624.61,1166.33,0,1,10.9416,6000.33,0.941355,4.225,99.7591
1055.00,1000816,CP,2020-01-17 12:00:00,2026-08-01 00:00:00,2026-08-01,25.6234,2.21926,1375.15,3.40608,0.340608,809.137,71.7644,0,1,9.47823,6793.54,1.03783,4.44312,329.255
1056.00,1000816,FP,2019-02-13 12:00:00,2026-08-01 00:00:00,2026-08-01,4.1832,7.12899,2030.37,5.46937,0.546937,1480.47,804.292,0,1,9.47823,6793.54,1.03783,4.44312,329.255
1057.00,1000816,FP,2024-05-18 12:00:00,2026-08-01 00:00:00,2026-08-01,6.01311,5.94251,1464.84,4.40585,0.440585,1311.8,495.785,0,1,9.47823,6793.54,1.03783,4.44312,329.255
1058.00,1000817,PC,2020-07-10 12:00:00,2026-08-01 00:00:00,2026-08-01,3.2262,1.45592,1389.27,1.64337,0.164337,889.321,104.726,0,1,12.153,5704.66,0.446651,4.69341,91.4958
1059.00,1000817,FP,2019-06-12 12:00:00,2026-08-01 00:00:00,2026-08-01,12.6353,2.95402,,2.11899,0.211899,564.193,16.9641,0,1,12.153,5704.66,0.446651,4.69341,91.4958
1060.00,1000817,APC,2023-03-11 12:00:00,2026-08-01 00:00:00,2026-08-01,2.30016,5.02377,3026.44,2.55778,0.255778,995.488,164.424,0,1,12.153,5704.66,0.446651,4.69341,91.4958
1061.00,1000818,PC,2020-05-18 12:00:00,2026-08-01 00:00:00,2026-08-01,0.593948,6.40276,1196.72,5.18958,0.518958,2519.09,6742.08,0,1,9.5617,5308.84,1.33917,4.34709,322.003
1062.00,1000819,PC,2025-02-14 12:00:00,2026-08-01 00:00:00,2026-08-01,80.5204,4.32529,491.394,1.25837,0.125837,289.931,1.18305,0,1,11.3323,5154.04,0.496687,4.20988,
1063.00,1000820,PC,2019-08-15 12:00:00,2026-08-01 00:00:00,2026-08-01,3.7345,3.11424,5974.92,,1.17577,1487.7,820.121,0,1,12.2109,5637.09,1.41121,4.78703,196.453
1064.00,1000821,FP,2020-04-10 12:00:00,2026-08-01 00:00:00,2026-08-01,31.307,3.76832,2128.16,5.29957,0.529957,540.941,14.3357,0,1,8.15574,5160.86,0.918614,4.10047,210.449
1065.00,1000822,PC,2020-05-12 12:00:00,2026-08-01 00:00:00,2026-08-01,21.7868,2.28328,227.556,1.92153,0.192153,831.759,80.133,0,1,10.4558,6210.21,1.17787,4.62892,182.047
1066.00,1000823,CP,2020-07-15 12:00:00,2026-08-01 00:00:00,2026-08-01,3.46676,1.64265,438.61,1.52223,0.152223,904.603,112.112,0,1,8.88681,4910.11,0.654435,4.51711,126.58
1067.00,1000824,PC,2024-03-17 12:00:00,2026-08-01 00:00:00,2026-08-01,2.76378,2.1858,3564.88,5.78682,0.578682,1343.14,544.894,0,1,10.3717,5790.69,0.891874,4.07771,145.925
1068.00,1000825,FP,2025-06-12 12:00:00,2026-08-01 00:00:00,2026-08-01,0.867888,3.36622,,4.90435,0.490435,2456.93,6100.91,0,1,12.2764,7810.73,0.757815,4.36576,169.358
1069.00,1000825,APC,2023-03-17 12:00:00,2026-08-01 00:00:00,2026-08-01,2.7323,3.82776,8237.61,8.68982,0.868982,1676.38,1322.23,0,1,12.2764,7810.73,0.757815,4.36576,169.358
1070.00,1000825,APC,2019-05-14 12:00:00,2026-08-01 00:00:00,2026-08-01,6.69443,6.39278,706.298,2.40175,0.240175,1243.49,400.309,0,1,12.2764,7810.73,0.757815,4.36576,169.358
1071.00,1000826,PC,2022-01-13 12:00:00,2026-08-01 00:00:00,2026-08-01,5.04583,9.13826,3341.95,10.3384,1.03384,1294.88,470.692,0,1,10.829,4887.12,1.73843,4.80302,154.413
1072.00,1000827,PC,2025-05-16 12:00:00,2026-08-01 00:00:00,2026-08-01,82.6574,3.73909,2249.54,9.80447,0.980447,613.393,23.7015,0,1,10.4663,5340.27,2.10728,4.57588,375.856
1073.00,1000828,FP,2019-05-17 12:00:00,2026-08-01 00:00:00,2026-08-01,0.993767,6.26303,1329.12,2.7684,0.27684,1739.16,1531.74,0,1,12.4865,5979.09,0.709226,4.32872,308.734
1074.00,1000829,FP,2019-05-11 12:00:00,2026-08-01 00:00:00,2026-08-01,5.36055,2.9468,3860.51,5.11156,0.511156,999.924,167.374,0,1,11.4945,5881.21,0.745289,4.3661,
1075.00,1000830,FP,2021-01-13 12:00:00,2026-08-01 00:00:00,2026-08-01,8.10116,2.6333,13815.9,7.24949,0.724949,793.772,66.4667,0,1,11.3408,6770.09,0.46675,4.26344,381.597
1076.00,1000831,CP,2024-08-11 12:00:00,2026-08-01 00:00:00,2026-08-01,4.4795,2.31473,1142.68,4.33829,0.433829,1136.78,,0,1,9.44605,5253.12,1.07117,4.35201,698.245
1077.00,1000832,PC,2021-06-12 12:00:00,2026-08-01 00:00:00,2026-08-01,20.1955,2.94356,2035.22,5.14014,0.514014,763.569,56.9132,0,1,11.9584,5800.53,1.08171,4.28155,314.391
1078.00,1000833,PC,2022-04-17 12:00:00,2026-08-01 00:00:00,2026-08-01,3.67819,4.34137,812.52,4.67363,0.467363,1361.87,575.922,0,1,11.4009,5043.39,1.46251,4.42617,95.072
1079.00,1000834,FP,2021-05-10 12:00:00,2026-08-01 00:00:00,2026-08-01,4.46997,3.80111,6336.68,12.374,1.2374,1197.44,344.218,0,1,8.26112,4674.99,1.49853,4.44189,65.7578
1080.00,1000834,PC,2024-06-17 12:00:00,2026-08-01 00:00:00,2026-08-01,2.9947,3.11814,1930.27,6.77061,0.677061,1368.47,587.176,0,1,8.26112,4674.99,1.49853,4.44189,65.7578
1081.00,1000835,PC,2024-06-14 12:00:00,2026-08-01 00:00:00,2026-08-01,8.58638,4.32621,2047.69,4.75723,0.475723,932.671,126.688,0,1,11.1358,5573.96,,4.43922,129.683
1082.00,1000836,FP,2022-08-16 12:00:00,2026-08-01 00:00:00,2026-08-01,4.72957,1.94861,10045.5,9.05712,0.905712,1174.79,318.901,0,1,9.37382,6182.79,0.856275,4.4924,149.354
1083.00,1000836,KP,2020-08-13 12:00:00,2026-08-01 00:00:00,2026-08-01,6.95172,3.61636,7540.74,7.24414,0.724414,1033.24,190.822,0,1,9.37382,6182.79,0.856275,,149.354
1084.00,1000837,PC,2020-01-14 12:00:00,2026-08-01 00:00:00,2026-08-01,1.73355,3.9201,4658.46,8.11963,,1642.04,1217.19,0,1,12.7958,,1.05828,4.46494,271.006
1085.00,1000837,PC,2019-08-15 12:00:00,2026-08-01 00:00:00,2026-08-01,65.8168,4.50637,28252.2,20.152,2.0152,488.56,9.53877,0,1,12.7958,5563.17,1.05828,4.46494,271.006
1086.00,1000837,PC,2024-06-17 12:00:00,2026-08-01 00:00:00,2026-08-01,20.8903,2.74619,2652,5.87655,0.587655,716.224,44.0571,0,1,12.7958,5563.17,,4.46494,271.006
1087.00,1000838,PC,2025-06-18 12:00:00,2026-08-01 00:00:00,2026-08-01,6.87482,6.37476,3019.33,13.0419,1.30419,1406.8,655.77,0,1,11.705,5716.3,1.84329,4.4909,502.701
1088.00,1000839,FP,2022-06-16 12:00:00,2026-08-01 00:00:00,2026-08-01,15.6001,3.2909,,18.7247,1.87247,1098.73,243.998,0,1,8.50862,5798.51,1.88691,4.18243,173.511
1089.00,1000840,PC,2022-02-12 12:00:00,2026-08-01 00:00:00,2026-08-01,,5.2984,333.54,2.2543,0.22543,514.111,11.6963,0,1,10.2518,5544.96,0.958655,4.26053,125.665
1090.00,1000841,CP,2025-02-10 12:00:00,2026-08-01 00:00:00,2026-08-01,1.70295,2.76988,1432.96,3.88146,0.388146,1629.23,1179.64,0,1,10.261,5430.87,1.0803,4.53599,150.233
1091.00,1000842,CP,2021-05-13 12:00:00,2026-08-01 00:00:00,2026-08-01,2.79823,2.22279,627.378,2.35257,0.235257,1303.76,483.743,0,1,8.11483,5863.76,0.826323,4.42335,85.058
1092.00,1000843,PC,2019-07-10 12:00:00,2026-08-01 00:00:00,2026-08-01,9.33256,5.94072,2343.67,4.38138,0.438138,1053.97,206.604,0,1,11.77,7398.99,,4.27918,74.3223
1093.00,1000844,PC,2025-05-11 12:00:00,2026-08-01 00:00:00,2026-08-01,8.31104,2.9744,571.27,3.43662,0.343662,870.424,96.1045,0,1,10.7686,4283.75,1.42594,4.36732,60.8319
1094.00,1000845,PC,2019-07-13 12:00:00,2026-08-01 00:00:00,2026-08-01,0.520573,6.94705,4398.96,5.41426,0.541426,2792.34,10178.8,0,1,9.62238,7018.32,0.862269,4.3444,202.595
1095.00,1000846,PC,2023-05-14 12:00:00,2026-08-01 00:00:00,2026-08-01,2.53412,3.46929,996.817,5.97503,0.597503,2285.64,4569.34,0,1,10.2624,,1.68673,4.40524,129.052
1096.00,1000847,FA,2022-03-15 12:00:00,2026-08-01 00:00:00,2026-08-01,1.40257,4.94797,3124.79,7.59053,0.759053,1676.29,1321.94,0,1,10.5218,4815.4,1.2781,4.60194,360.682
1097.00,1000848,FP,2025-08-12 12:00:00,2026-08-01 00:00:00,2026-08-01,8.17965,4.89236,4520.17,7.99651,0.799651,995.808,164.635,0,1,8.64651,5386.34,1.16798,4.06926,195.588
1098.00,1000849,PC,2023-02-10 12:00:00,2026-08-01 00:00:00,2026-08-01,3.15751,6.97213,13016.1,12.1915,1.21915,1181.14,325.859,0,1,,4872.67,1.06451,4.57539,227.922
1099.00,1000850,FP,2021-02-11 12:00:00,2026-08-01 00:00:00,2026-08-01,1.55159,6.2739,848.49,3.51566,0.351566,1890.43,,0,1,8.44939,,1.03402,4.43441,46.1657
1100.00,1000851,PC,2023-06-16 12:00:00,2026-08-01 00:00:00,2026-08-01,6.70273,2.36176,844.882,4.02026,0.402026,664.309,32.6064,0,1,9.79274,,1.22802,4.22479,245.357
1101.00,1000852,FP,2023-08-12 12:00:00,2026-08-01 00:00:00,2026-08-01,12.2608,2.25315,8040.67,4.53798,0.453798,541.333,,0,1,10.3273,5411.15,0.447933,4.15985,203.234
1102.00,1000853,PC,2023-06-16 12:00:00,2026-08-01 00:00:00,2026-08-01,3.55723,5.94949,853,2.94957,0.294957,1359.46,571.855,0,1,10.6926,5906.42,1.03914,4.40237,189.755
1103.00,1000854,PC,2021-06-12 12:00:00,2026-08-01 00:00:00,2026-08-01,17.1174,4.20531,617.663,2.26734,0.226734,593.264,20.7402,0,1,9.77034,4766.31,0.866179,4.7732,
1104.00,1000855,PC,2024-06-18 12:00:00,2026-08-01 00:00:00,2026-08-01,1.14756,1.60056,1507.33,6.53811,0.653811,2565.98,7258.25,0,1,8.70001,6735.1,1.33922,4.16209,161.238
1105.00,1000856,PC,2022-06-15 12:00:00,2026-08-01 00:00:00,2026-08-01,15.6039,1.19942,1611.73,,0.640175,910.656,115.143,0,1,11.391,5454.27,1.46523,3.89002,263.942
1106.00,1000857,CP,2022-07-13 12:00:00,2026-08-01 00:00:00,2026-08-01,94.9099,2.95007,2040.57,7.56633,0.756633,420.542,5.23672,0,1,,4606.22,1.45989,4.13054,465.157
1107.00,1000858,PC,2020-05-16 12:00:00,2026-08-01 00:00:00,2026-08-01,1.28256,3.7434,18317.1,8.78518,0.878518,1106.35,250.835,0,1,12.4173,,,4.5827,65.2326
1108.00,1000859,FP,2025-03-13 12:00:00,2026-08-01 00:00:00,2026-08-01,2.75805,1.66153,6191.21,8.77275,0.877275,1249.85,408.553,0,1,10.213,5032.47,1.0211,4.76521,204.067
1109.00,1000860,PC,2022-04-11 12:00:00,2026-08-01 00:00:00,2026-08-01,12.8791,3.25436,18330.5,23.61,2.361,825.739,77.838,0,1,10.7215,4492.49,1.5625,4.96939,269.755
1110.00,1000861,PC,2025-02-11 12:00:00,2026-08-01 00:00:00,2026-08-01,4.32791,3.94045,1149.88,3.64237,0.364237,1271.32,437.362,0,1,,6090.24,0.974114,4.74375,307.155
1111.00,1000862,APC,2023-06-10 12:00:00,2026-08-01 00:00:00,2026-08-01,5.48679,,892.958,2.39865,0.239865,1138.38,281.174,0,1,11.6708,6591.98,0.780921,4.38019,198.372
1112.00,1000862,PC,2022-02-10 12:00:00,2026-08-01 00:00:00,2026-08-01,,3.16865,31709,14.1151,1.41151,1028.49,187.333,0,1,11.6708,6591.98,0.780921,4.38019,198.372
1113.00,1000862,PC,2023-02-18 12:00:00,2026-08-01 00:00:00,2026-08-01,17.8293,3.15128,410.02,1.81322,0.181322,768.57,58.4191,0,1,11.6708,6591.98,0.780921,4.38019,198.372
1114.00,1000863,FP,2019-01-12 12:00:00,2026-08-01 00:00:00,2026-08-01,3.06617,4.14493,4665.93,8.15099,0.815099,1408.57,659.081,0,1,9.97538,5667.74,,4.08222,314.319
1115.00,1000864,PC,2025-01-16 12:00:00,2026-08-01 00:00:00,2026-08-01,45.658,3.84343,762.062,2.71756,,477.039,8.67033,0,1,10.8786,5085.34,0.946229,4.45098,330.291
1116.00,1000865,KP,2024-08-13 12:00:00,2026-08-01 00:00:00,2026-08-01,1.60747,4.48204,532.441,1.89004,0.189004,1280.31,449.857,0,1,9.24322,4778.62,0.829153,3.91434,1053.64
1117.00,1000866,PC,2024-05-13 12:00:00,2026-08-01 00:00:00,2026-08-01,8.18415,3.42374,1754.12,2.87536,0.287536,746.518,51.9975,0,1,12.2175,,0.751478,4.49788,410.193
1118.00,1000867,PC,2023-02-11 12:00:00,2026-08-01 00:00:00,2026-08-01,9.12158,3.63841,172.65,1.89909,0.189909,1021.54,182.326,0,1,16.5119,5509.53,1.26333,4.26278,1490.79
1119.00,1000868,CP,2025-05-17 12:00:00,2026-08-01 00:00:00,2026-08-01,1.86921,1.76132,113.938,1.73318,,1433.41,706.815,0,1,9.80736,4053.46,1.59727,4.54443,112.565
1120.00,1000869,PC,2022-04-14 12:00:00,2026-08-01 00:00:00,2026-08-01,9.16066,4.49562,2963.03,4.68579,0.468579,,78.8731,0,1,12.8838,5537.96,0.824751,4.24467,82.9884
1121.00,1000870,FP,2022-07-18 12:00:00,2026-08-01 00:00:00,2026-08-01,,4.49897,,10.6247,1.06247,1032.59,190.34,0,1,8.16239,5729.42,1.03569,4.44117,136.059
1122.00,1000871,FP,2024-07-11 12:00:00,2026-08-01 00:00:00,2026-08-01,3.60586,6.3925,4444.94,4.4997,0.44997,1026.73,186.058,0,1,12.152,5564.44,0.673897,4.29446,594.441
1123.00,1000872,CP,2022-01-13 12:00:00,2026-08-01 00:00:00,2026-08-01,5.26921,2.5818,1203.71,3.91711,0.391711,1150.61,293.446,0,1,11.1628,5828.55,0.993297,4.11257,260.038
1124.00,1000873,PC,2022-06-16 12:00:00,2026-08-01 00:00:00,2026-08-01,5.28958,4.1803,5476.42,6.80992,0.680992,874.238,97.8003,0,1,11.6943,4602.66,0.921949,4.31362,872.208
1125.00,1000874,FP,2023-02-15 12:00:00,2026-08-01 00:00:00,2026-08-01,4.30976,3.0955,7743.71,10.0709,1.00709,1139.91,282.686,0,1,12.6446,4986.79,1.1648,4.5528,224.539
1126.00,1000875,PC,2020-06-13 12:00:00,2026-08-01 00:00:00,2026-08-01,16.0362,2.13426,968.425,4.17627,0.417627,696.07,39.3035,0,1,10.1088,4592.5,1.22968,4.53145,249.84
1127.00,1000876,PC,2020-08-17 12:00:00,2026-08-01 00:00:00,2026-08-01,21.4571,5.22025,1991.22,6.44822,0.644822,692.481,38.4993,0,1,12.4831,5165.38,1.16818,4.37446,289.688
1128.00,1000876,PC,2025-08-13 12:00:00,2026-08-01 00:00:00,2026-08-01,8.62448,3.29758,7534.32,10.1428,1.01428,938.327,129.789,0,1,12.4831,,1.16818,4.37446,289.688
1129.00,1000876,PC,2021-02-17 12:00:00,2026-08-01 00:00:00,2026-08-01,61.4344,,3568.65,7.39375,0.739375,487.672,9.46961,0,1,12.4831,5165.38,1.16818,4.37446,289.688
1130.00,1000877,PC,2023-03-16 12:00:00,2026-08-01 00:00:00,2026-08-01,13.3879,2.18582,1208.91,1.78685,,430.639,5.75804,0,1,10.5619,4248.63,0.487591,4.65757,302.35
1131.00,1000878,PC,2020-04-15 12:00:00,2026-08-01 00:00:00,2026-08-01,2.08381,6.55514,127.091,0.820717,0.0820717,1093.4,239.293,0,1,10.6775,4969.95,0.664672,4.3218,293.95
1132.00,1000879,KP,2022-07-15 12:00:00,2026-08-01 00:00:00,2026-08-01,4.56853,3.72859,3334.4,6.25817,0.625817,1113,256.918,0,1,9.7511,5641.31,0.902114,4.38475,177.878
1133.00,1000880,APC,2025-06-12 12:00:00,2026-08-01 00:00:00,2026-08-01,17.3421,4.81743,,11.9449,1.19449,1068.9,218.559,0,1,14.3134,5912.21,1.84343,4.78845,115.08
1134.00,1000880,PC,2022-05-12 12:00:00,2026-08-01 00:00:00,2026-08-01,3.40888,2.89854,2873.84,9.53222,0.953222,1838.37,1912.3,0,1,14.3134,,1.84343,4.78845,115.08
1135.00,1000881,PC,2019-05-10 12:00:00,2026-08-01 00:00:00,2026-08-01,,4.08814,4528.11,6.03825,0.603825,2503.29,6574.56,0,1,12.3546,5999.93,0.749112,4.09902,338.901
1136.00,1000882,CP,2019-03-10 12:00:00,2026-08-01 00:00:00,2026-08-01,34.0106,2.28148,1941.07,1.99261,0.199261,559.231,16.3751,0,1,9.12998,7067.06,0.553305,4.74558,311.755
1137.00,1000883,FP,2022-07-18 12:00:00,2026-08-01 00:00:00,2026-08-01,,4.28228,5684.15,6.26695,0.626695,1029.06,187.749,0,1,7.88244,5167.22,0.736809,3.70897,263.031
1138.00,1000884,FA,2024-03-18 12:00:00,2026-08-01 00:00:00,2026-08-01,14.8222,3.45161,8139.42,11.056,1.1056,782.413,62.7429,0,1,12.9346,5600.38,0.991352,4.59566,117.882
1139.00,1000884,FP,2023-08-13 12:00:00,2026-08-01 00:00:00,2026-08-01,6.31809,3.96379,9585.13,,1.20842,1039.63,195.584,0,1,12.9346,5600.38,0.991352,4.59566,117.882
1140.00,1000885,PC,2023-06-11 12:00:00,2026-08-01 00:00:00,2026-08-01,0.97593,3.06883,1285.55,4.94144,0.494144,2102.5,3271.64,0,1,13.141,5651.88,1.14608,4.35823,230.448
1141.00,1000886,PC,2019-03-10 12:00:00,2026-08-01 00:00:00,2026-08-01,4.38331,3.3327,166.179,1.56593,0.156593,963.868,144.508,0,1,13.6176,4428.07,1.06821,4.58366,474.311
1142.00,1000887,CP,2025-02-15 12:00:00,2026-08-01 00:00:00,2026-08-01,35.6834,2.78397,3536.51,4.42298,0.442298,287.621,1.14579,0,1,9.40696,3601.76,0.581801,4.47241,369.795
1143.00,1000887,FP,2021-03-12 12:00:00,2026-08-01 00:00:00,2026-08-01,5.57762,3.30368,4224.86,4.08646,0.408646,533.941,13.608,0,1,9.40696,3601.76,0.581801,4.47241,369.795
1144.00,1000888,PC,2024-02-15 12:00:00,2026-08-01 00:00:00,2026-08-01,8.36809,4.04881,8725.68,11.1907,1.11907,,128.094,0,1,13.2188,5047.94,1.19095,4.7428,464.443
1145.00,1000888,PC,2023-02-16 12:00:00,2026-08-01 00:00:00,2026-08-01,7.05285,7.90345,7391.59,11.9567,1.19567,990.103,160.895,0,1,13.2188,5047.94,1.19095,4.7428,464.443
1146.00,1000889,PC,2020-06-16 12:00:00,2026-08-01 00:00:00,2026-08-01,11.3666,3.24489,,15.7853,,1182.83,327.723,0,1,10.4792,6466.94,1.42359,4.4086,295.976
1147.00,1000890,KP,2021-06-16 12:00:00,2026-08-01 00:00:00,2026-08-01,2.60414,2.63825,260.329,1.73845,0.173845,1321.84,511.136,0,1,9.87481,5717.95,0.851472,4.21032,151.629
1148.00,1000891,PC,2021-05-15 12:00:00,2026-08-01 00:00:00,2026-08-01,23.6327,3.31097,,3.71212,0.371212,518.078,12.0615,0,1,10.1034,5517.9,0.611085,4.21376,265.601
1149.00,1000892,PC,2023-01-15 12:00:00,2026-08-01 00:00:00,2026-08-01,44.5196,3.78486,2839.95,7.41057,0.741057,563.894,16.9282,0,1,11.4069,5449.35,1.1322,4.65483,106.118
1150.00,1000893,FP,2020-07-16 12:00:00,2026-08-01 00:00:00,2026-08-01,0.534451,3.95794,10382.9,12.4603,1.24603,3456.71,23904.1,0,1,11.1243,7417.3,1.20399,4.52316,177.141
1151.00,1000894,PC,2024-04-10 12:00:00,2026-08-01 00:00:00,2026-08-01,3.36791,2.93567,924.228,3.10592,0.310592,1317.3,504.153,0,1,11.6989,5543.53,1.06796,4.49083,179.714
1152.00,1000895,PC,2023-05-10 12:00:00,2026-08-01 00:00:00,2026-08-01,1.99622,0.934207,2122.33,6.06393,0.606393,1474.69,791.81,0,1,9.85848,4994.54,1.16341,3.95237,345.83
1153.00,1000896,PC,2022-01-15 12:00:00,2026-08-01 00:00:00,2026-08-01,4.46891,2.68224,845.261,3.49798,0.349798,1562.64,998.298,0,1,15.6505,6176.61,1.46174,4.01012,144.189
1154.00,1000897,CP,2025-01-12 12:00:00,2026-08-01 00:00:00,2026-08-01,8.09598,1.93358,1404.14,2.65495,0.265495,808.479,71.5313,0,1,9.58975,6031.24,0.609846,4.60769,230.606
1155.00,1000898,PC,2021-04-18 12:00:00,2026-08-01 00:00:00,2026-08-01,4.85652,2.50643,1018.7,3.61199,0.361199,900.249,109.969,0,1,9.79819,4535.24,0.951172,4.89018,152.077
1156.00,1000899,PC,2019-01-16 12:00:00,2026-08-01 00:00:00,2026-08-01,2.08398,8.74543,9662.33,11.3555,1.13555,,1835.97,0,1,12.6258,6751.31,0.997759,4.37019,290.379
1157.00,1000900,FP,2024-05-14 12:00:00,2026-08-01 00:00:00,2026-08-01,3.03551,3.9056,1390.43,6.95573,0.695573,1000.77,167.945,0,1,9.03155,3421.71,1.50958,4.43334,126.465
1158.00,1000901,FP,2019-04-10 12:00:00,2026-08-01 00:00:00,2026-08-01,2.68657,3.81489,720.382,4.02878,0.402878,1401.95,646.765,0,1,7.9742,4817.79,1.37747,4.35615,170.165
1159.00,1000902,CP,2025-02-12 12:00:00,2026-08-01 00:00:00,2026-08-01,7.70527,2.03726,2420.47,11.0986,1.10986,1459.31,759.295,0,1,8.39874,5991.44,1.94808,4.44112,661.451
1160.00,1000903,PC,2022-05-16 12:00:00,2026-08-01 00:00:00,2026-08-01,4.52283,11.4543,13662,19.4484,1.94484,1652.31,1247.91,0,1,,6699.6,1.40025,4.25003,257.576
1161.00,1000904,KP,2022-06-17 12:00:00,2026-08-01 00:00:00,2026-08-01,8.03627,4.79735,9885.49,6.65044,0.665044,611.807,23.4574,0,1,10.4854,4485.06,0.628416,4.30569,161.582
1162.00,1000905,APC,2022-08-16 12:00:00,2026-08-01 00:00:00,2026-08-01,25.8177,2.32172,280.376,1.66407,0.166407,659.255,31.6254,0,1,10.0586,5906.78,0.915941,4.23543,79.5074
1163.00,1000906,CP,2023-06-16 12:00:00,2026-08-01 00:00:00,2026-08-01,9.72846,5.14033,477.317,,0.23731,1078.28,226.337,0,1,8.18579,7144.37,0.873813,,215.658
1164.00,1000907,APC,2021-05-13 12:00:00,2026-08-01 00:00:00,2026-08-01,8.73292,5.69762,1030.39,3.8254,0.38254,1145.9,288.672,0,1,10.5394,6971.45,0.964426,4.41984,151.8
1165.00,1000908,FP,2023-05-16 12:00:00,2026-08-01 00:00:00,2026-08-01,2.13752,4.98028,2865.92,7.53765,0.753765,1372.88,594.767,0,1,11.0609,4988.96,1.05771,4.24318,214.456
1166.00,1000909,CP,2022-01-16 12:00:00,2026-08-01 00:00:00,2026-08-01,8.71914,4.31665,404.1,1.24909,0.124909,909.335,114.477,0,1,9.73723,6894.57,0.620298,4.13676,68.23
1167.00,1000910,FP,2019-02-10 12:00:00,2026-08-01 00:00:00,2026-08-01,1.16919,,16408.2,9.29359,0.929359,1392.88,630.193,0,1,,5435.29,0.613508,4.3709,180.749
1168.00,1000911,PC,2023-01-13 12:00:00,2026-08-01 00:00:00,2026-08-01,3.82681,3.68151,6534.08,17.1433,1.71433,2010.15,2733.62,0,1,12.0918,6530.74,1.95108,4.52763,291.656
1169.00,1000912,PC,2021-03-18 12:00:00,2026-08-01 00:00:00,2026-08-01,8.38166,7.89909,399.664,1.04598,0.104598,541.675,14.4137,0,1,11.0404,4261.93,0.561052,4.11934,603.7
1170.00,1000913,PC,2020-08-16 12:00:00,2026-08-01 00:00:00,2026-08-01,24.6654,1.36333,747.152,3.93652,0.393652,609.771,23.1466,0,1,12.8001,4154.09,1.53682,4.48885,136.479
1171.00,1000914,PC,2022-05-14 12:00:00,2026-08-01 00:00:00,2026-08-01,22.6855,1.17054,412.504,2.34896,0.234896,731.624,,0,1,10.6308,6071.19,0.979588,4.39569,148.636
1172.00,1000915,CP,2024-04-15 12:00:00,2026-08-01 00:00:00,2026-08-01,2.6584,4.01635,2096.74,5.70877,0.570877,1467.83,777.194,0,1,,5478.24,1.15967,4.40256,155.056
1173.00,1000916,CP,2024-01-18 12:00:00,2026-08-01 00:00:00,2026-08-01,6.61592,2.18894,7751.94,,1.44892,1356.96,567.668,0,1,12.6868,5898.5,1.56999,4.49511,
1174.00,1000917,FP,2023-08-17 12:00:00,2026-08-01 00:00:00,2026-08-01,2.21427,2.7867,3954.48,7.12255,0.712255,1409.15,660.167,0,1,13.4176,5575.53,0.913443,4.39798,257.911
1175.00,1000918,CP,2022-03-16 12:00:00,2026-08-01 00:00:00,2026-08-01,2.47729,2.79963,749.158,2.29423,0.229423,1391.61,627.902,0,1,11.904,6160.57,0.786373,5.1292,128.178
1176.00,1000919,PC,2022-02-14 12:00:00,2026-08-01 00:00:00,2026-08-01,4.32222,4.6582,102.78,0.838863,0.0838863,755.191,54.4564,0,1,13.0342,4103.17,0.756595,4.49447,172.93
1177.00,1000920,APC,2019-05-15 12:00:00,2026-08-01 00:00:00,2026-08-01,5.66015,3.51188,618.533,2.33137,0.233137,,142.479,0,1,9.18436,5451.5,0.829855,4.19902,184.697
1178.00,1000921,PC,2021-04-15 12:00:00,2026-08-01 00:00:00,2026-08-01,27.5124,4.64546,2992.12,4.85903,0.485903,568.436,17.4802,0,1,11.9398,5806.39,0.735224,4.50717,163.23
1179.00,1000922,APC,2021-03-12 12:00:00,2026-08-01 00:00:00,2026-08-01,4.49231,2.7167,1277.55,6.30598,0.630598,1441.74,723.38,0,1,10.6194,5581.38,1.52916,4.82142,
1180.00,1000923,FP,2024-06-13 12:00:00,2026-08-01 00:00:00,2026-08-01,3.99523,4.69983,2296.78,,0.387801,1003.11,169.516,0,1,10.1528,5701.46,0.656046,3.84975,302.248
1181.00,1000924,PC,2020-08-18 12:00:00,2026-08-01 00:00:00,2026-08-01,34.8303,4.6028,4047.39,10.1614,1.01614,720.846,,0,1,12.9908,6056.97,1.27154,4.29208,171.093
1182.00,1000925,CP,2023-06-16 12:00:00,2026-08-01 00:00:00,2026-08-01,9.57643,2.08217,2142.44,6.66031,0.666031,1058.96,210.538,0,1,11.573,5690.68,1.31446,4.13746,58.6441
1183.00,1000926,PC,2023-02-12 12:00:00,2026-08-01 00:00:00,2026-08-01,3.34731,2.23841,1587.42,3.70864,0.370864,1413.93,,0,1,13.4488,6429.58,0.910897,4.58357,71.2768
1184.00,1000927,PC,2021-05-13 12:00:00,2026-08-01 00:00:00,2026-08-01,,2.26891,,1.86705,0.186705,1228.92,381.871,0,1,9.50699,5958.84,1.81942,4.36321,
1185.00,1000928,PC,2024-01-15 12:00:00,2026-08-01 00:00:00,2026-08-01,46.7942,1.06329,2533.27,6.99354,0.699354,659.526,31.6773,0,1,11.4967,6399.55,1.16094,4.37117,149.373
1186.00,1000929,CP,2021-07-16 12:00:00,2026-08-01 00:00:00,2026-08-01,1.99598,1.85554,2234.36,6.62438,0.662438,1792.8,1729.59,0,1,9.89607,5965.6,1.20515,4.35391,
1187.00,1000930,PC,2019-06-11 12:00:00,2026-08-01 00:00:00,2026-08-01,3.57866,2.18937,1332.23,3.20489,0.320489,1370.6,590.839,0,1,12.2456,6738.93,0.814652,4.69104,110.087
1188.00,1000931,PC,2020-01-10 12:00:00,2026-08-01 00:00:00,2026-08-01,11.3451,3.06853,3548.11,5.73865,0.573865,760.619,56.0389,0,1,12.8384,4866.59,1.03818,4.27402,179.534
1189.00,1000932,PC,2020-01-12 12:00:00,2026-08-01 00:00:00,2026-08-01,8.38032,1.54874,1708.24,7.26715,0.726715,929.082,124.749,0,1,11.2736,4112.13,1.77282,4.53618,281.674
1190.00,1000933,PC,2019-08-15 12:00:00,2026-08-01 00:00:00,2026-08-01,5.82138,7.92854,431.293,1.87022,0.187022,,197.963,0,1,13.2982,5967.94,0.831638,4.22036,376.856
1191.00,1000934,CP,2025-02-18 12:00:00,2026-08-01 00:00:00,2026-08-01,0.99633,4.37552,2858.15,7.85199,0.785199,1929.39,2320.07,0,1,13.1177,4683.09,1.42526,4.40067,85.4535
1192.00,1000935,FP,2021-03-16 12:00:00,2026-08-01 00:00:00,2026-08-01,1.31786,3.33135,5520.49,7.9762,0.79762,1825.56,1859.56,0,1,7.60111,5972.01,0.945475,4.4194,110.319
1193.00,1000936,FP,2021-02-17 12:00:00,2026-08-01 00:00:00,2026-08-01,3.60839,,6879.75,7.20724,0.720724,1199.46,346.55,0,1,10.3457,5642.54,0.894847,4.17529,269.326
1194.00,1000937,PC,2019-03-15 12:00:00,2026-08-01 00:00:00,2026-08-01,2.01539,2.55462,229.941,2.70289,0.270289,1711.15,1435.4,0,1,14.0205,4971.49,1.59108,4.3777,150.377
1195.00,1000938,PC,2022-07-12 12:00:00,2026-08-01 00:00:00,2026-08-01,9.37199,3.84468,2382.52,4.22342,0.422342,743.138,51.062,0,1,11.6734,5281.71,0.740731,4.19065,110.223
1196.00,1000938,PC,2024-03-12 12:00:00,2026-08-01 00:00:00,2026-08-01,2.1691,2.81678,1188.53,2.71695,0.271695,1210.38,359.337,0,1,11.6734,5281.71,0.740731,4.19065,110.223
1197.00,1000939,PC,2021-06-16 12:00:00,2026-08-01 00:00:00,2026-08-01,9.35663,3.43408,1143.49,4.00258,0.400258,794.111,66.5802,0,1,,4990.75,0.946295,4.27691,113.833
1198.00,1000940,APC,2021-04-16 12:00:00,2026-08-01 00:00:00,2026-08-01,5.50285,8.15616,1547.41,4.09553,0.409553,1166.62,310.123,0,1,13.3128,6276.81,0.906332,4.58872,223.104
1199.00,1000941,FP,2022-06-12 12:00:00,2026-08-01 00:00:00,2026-08-01,3.39206,7.75456,6273.96,7.81984,0.781984,1169.94,313.667,0,1,10.4215,,0.889904,3.96214,219.554
1200.00,1000941,PC,2019-08-12 12:00:00,2026-08-01 00:00:00,2026-08-01,4.1258,3.32865,1711.13,3.19718,0.319718,1096.01,241.588,0,1,10.4215,,0.889904,3.96214,219.554
1201.00,1000942,PC,2019-02-12 12:00:00,2026-08-01 00:00:00,2026-08-01,2.27866,3.17468,12468.9,9.51848,0.951848,1127.08,270.168,0,1,10.3643,4744.27,,4.48642,405.186
1202.00,1000943,PC,2024-06-15 12:00:00,2026-08-01 00:00:00,2026-08-01,4.52718,2.18035,3465.54,4.75974,0.475974,1035,192.127,0,1,11.1156,6092.95,0.664707,4.39844,366.156
1203.00,1000943,CP,2023-05-13 12:00:00,2026-08-01 00:00:00,2026-08-01,5.57294,1.76367,8109.48,7.09737,0.709737,965.731,145.628,0,1,11.1156,6092.95,0.664707,4.39844,366.156
1204.00,1000944,PC,2024-08-16 12:00:00,2026-08-01 00:00:00,2026-08-01,40.1517,5.08082,278.435,1.35143,0.135143,549.092,15.2195,0,1,10.144,6771.68,0.648958,4.80438,113.465
1205.00,1000945,CP,2023-04-15 12:00:00,2026-08-01 00:00:00,2026-08-01,16.0594,1.82053,1046.71,5.29417,0.529417,1024.63,,0,1,12.7445,,1.25305,4.55383,270.991
1206.00,1000946,FP,2022-05-14 12:00:00,2026-08-01 00:00:00,2026-08-01,4.00527,5.95172,1788.98,3.13096,0.313096,989.37,160.419,0,1,11.1323,5451.11,0.699337,4.38737,274.558
1207.00,1000947,PC,2022-06-11 12:00:00,2026-08-01 00:00:00,2026-08-01,13.7245,2.77228,1374.23,4.397,0.4397,761.405,56.271,0,1,8.64618,4997.02,,4.31036,544.773
1208.00,1000948,APC,2020-02-13 12:00:00,2026-08-01 00:00:00,2026-08-01,8.71439,4.38069,5898.32,6.59473,0.659473,1053.58,206.297,0,1,11.557,6811.46,0.852832,,507.61
1209.00,1000949,PC,2024-02-10 12:00:00,2026-08-01 00:00:00,2026-08-01,16.7965,4.93421,2839.42,7.55214,0.755214,888.971,104.561,0,1,10.6048,5732.2,1.32778,4.31339,115.295
1210.00,1000950,FP,2024-03-15 12:00:00,2026-08-01 00:00:00,2026-08-01,4.70174,3.26404,2987.19,5.67385,0.567385,973.217,,0,1,11.0698,5059.25,0.874185,4.57385,
1211.00,1000951,PC,2025-08-14 12:00:00,2026-08-01 00:00:00,2026-08-01,7.86586,2.08751,1057.29,4.0684,0.40684,1297.18,474.043,0,1,,6918.27,1.17044,4.44882,45.7145
1212.00,1000952,APC,2020-05-13 12:00:00,2026-08-01 00:00:00,2026-08-01,22.1087,2.32475,762.069,2.46959,0.246959,566.744,17.273,0,1,10.5612,5543.73,0.692991,4.19852,111.044
1213.00,1000953,PC,2019-05-11 12:00:00,2026-08-01 00:00:00,2026-08-01,9.40774,3.83114,3706.46,12.6738,,1394.73,633.546,0,1,10.7322,6188.5,1.90538,4.4739,266.743
1214.00,1000954,KP,2021-02-11 12:00:00,2026-08-01 00:00:00,2026-08-01,13.1738,3.1389,628.313,2.73903,0.273903,,41.7831,0,1,8.6716,5073.78,0.911138,4.31646,
1215.00,1000954,CP,2021-07-13 12:00:00,2026-08-01 00:00:00,2026-08-01,1.75769,3.77777,3184.13,5.86586,,1383.2,612.855,0,1,8.6716,5073.78,0.911138,4.31646,111.287
1216.00,1000955,CP,2020-04-15 12:00:00,2026-08-01 00:00:00,2026-08-01,15.395,1.86224,2480.74,9.74856,0.974856,1003.34,169.675,0,1,8.81868,5664.68,1.63425,4.70022,122.184
1217.00,1000956,CP,2023-07-11 12:00:00,2026-08-01 00:00:00,2026-08-01,,1.66558,2147.32,2.8856,0.28856,1039.01,195.119,0,1,10.8177,,0.619276,4.40032,149.794
1218.00,1000957,CP,2022-02-11 12:00:00,2026-08-01 00:00:00,2026-08-01,4.01038,1.5347,860.796,3.43189,0.343189,1121.09,264.477,0,1,11.9941,4883.91,,4.51522,
1219.00,1000958,PC,2022-08-15 12:00:00,2026-08-01 00:00:00,2026-08-01,8.43526,7.93664,14282.3,,2.4641,1341.52,542.267,0,1,14.0576,5542.97,2.04312,,221.596
1220.00,1000959,PC,2021-07-12 12:00:00,2026-08-01 00:00:00,2026-08-01,0.924752,2.1803,,3.4681,0.34681,1962.04,2481.17,0,1,10.3547,5524.92,1.00763,4.29385,295.155
1221.00,1000960,PC,2025-03-18 12:00:00,2026-08-01 00:00:00,2026-08-01,21.195,5.88165,956.409,4.34485,0.434485,823.109,76.8509,0,1,9.81089,5983.72,1.21986,4.09023,63.6893
1222.00,1000961,PC,2022-07-10 12:00:00,2026-08-01 00:00:00,2026-08-01,3.07268,4.12293,1647.76,5.03909,0.503909,1201.5,,0,1,12.9656,4925.21,1.05874,4.41272,118.21
1223.00,1000962,PC,2023-01-12 12:00:00,2026-08-01 00:00:00,2026-08-01,0.951203,2.05435,4092.8,,1.96325,3397.81,22315.9,0,1,11.3917,5994.32,2.61587,4.17254,132.266
1224.00,1000962,CP,2025-08-13 12:00:00,2026-08-01 00:00:00,2026-08-01,,2.61451,263.614,4.63753,0.463753,1507.4,864.43,0,1,11.3917,5994.32,2.61587,4.17254,132.266
1225.00,1000963,CP,2023-07-14 12:00:00,2026-08-01 00:00:00,2026-08-01,4.91579,3.05954,1594.27,7.88418,0.788418,1962.01,2481,0,1,10.8437,7382.98,1.71864,4.3346,171.256
1226.00,1000964,FP,2025-03-17 12:00:00,2026-08-01 00:00:00,2026-08-01,2.63588,3.53097,22843.7,10.8259,1.08259,,137.497,0,1,9.53609,4714.25,0.654955,4.31392,334.729
1227.00,1000964,PC,2019-06-18 12:00:00,2026-08-01 00:00:00,2026-08-01,1.17213,2.58837,332.795,1.26652,0.126652,1247.2,405.099,0,1,9.53609,4714.25,0.654955,4.31392,334.729
1228.00,1000964,PC,2025-01-10 12:00:00,2026-08-01 00:00:00,2026-08-01,11.1776,2.80395,9666.5,7.04294,0.704294,588.135,20.0322,0,1,9.53609,,0.654955,4.31392,334.729
1229.00,1000965,FP,2023-07-17 12:00:00,2026-08-01 00:00:00,2026-08-01,40.5873,2.31095,18680.5,11.0658,1.10658,564.083,16.9509,0,1,8.66708,6206.35,,4.17801,651.442
1230.00,1000966,PC,2025-07-18 12:00:00,2026-08-01 00:00:00,2026-08-01,7.54047,,919.375,3.19621,0.319621,1062.36,213.258,0,1,15.3819,5712.93,1.11929,4.55217,362.513
1231.00,1000967,FP,2019-03-11 12:00:00,2026-08-01 00:00:00,2026-08-01,0.813843,3.82887,2386.59,7.57921,0.757921,1992.72,2640.02,0,1,12.6986,4874.31,1.22634,4.38486,136.593
1232.00,1000968,PC,2025-07-18 12:00:00,2026-08-01 00:00:00,2026-08-01,,1.76063,1403.41,4.61859,0.461859,1814.04,1813.03,0,1,12.2763,7266.76,1.10096,4.33468,195.507
1233.00,1000969,CP,2023-04-11 12:00:00,2026-08-01 00:00:00,2026-08-01,2.02703,3.47191,1093.5,2.04316,0.204316,1357.77,569.02,0,1,7.19825,6183.81,0.649977,4.74725,346.454
1234.00,1000970,PC,2022-07-11 12:00:00,2026-08-01 00:00:00,2026-08-01,4.44907,3.07406,601.831,2.05645,0.205645,1018.84,180.405,0,1,7.09947,5538.55,0.770522,4.49353,94.2359
1235.00,1000971,CP,2021-04-10 12:00:00,2026-08-01 00:00:00,2026-08-01,34.4666,1.82883,273.77,1.13356,0.113356,481.729,9.01641,0,1,8.67059,6205.41,0.537255,4.41301,300.632
1236.00,1000972,PC,2019-04-13 12:00:00,2026-08-01 00:00:00,2026-08-01,19.3194,4.64722,9403.61,11.8761,1.18761,863.828,93.2243,0,1,9.69858,6589.31,1.04156,4.54324,79.392
1237.00,1000972,KP,2022-07-15 12:00:00,2026-08-01 00:00:00,2026-08-01,4.63318,7.21029,10075.7,11.0773,1.10773,1390.37,,0,1,9.69858,6589.31,1.04156,4.54324,79.392
1238.00,1000973,PC,2023-04-12 12:00:00,2026-08-01 00:00:00,2026-08-01,5.13542,4.95267,195.829,1.72548,0.172548,1363,577.834,0,1,10.6166,6395.77,1.13791,4.96838,51.9501
1239.00,1000974,FP,2022-06-17 12:00:00,2026-08-01 00:00:00,2026-08-01,1.34196,2.57357,,3.46698,0.346698,1485.4,815.07,0,1,7.8894,5318.74,0.798752,4.5152,99.9656
1240.00,1000975,PC,2022-04-10 12:00:00,2026-08-01 00:00:00,2026-08-01,4.58554,1.81206,10229.8,18.5707,1.85707,1906.17,2210.4,0,1,9.54418,,1.66726,4.49055,122.502
1241.00,1000976,PC,2023-03-13 12:00:00,2026-08-01 00:00:00,2026-08-01,5.56552,6.8445,618.561,1.6529,0.16529,728.04,47.0371,0,1,12.4016,4778.04,0.613758,4.56943,94.8352
1242.00,1000977,CP,2024-03-15 12:00:00,2026-08-01 00:00:00,2026-08-01,14.2505,2.95169,1142.57,1.87883,,549.529,15.2681,0,1,9.39857,5251.05,0.541868,4.89637,50.9106
1243.00,1000978,CP,2023-01-11 12:00:00,2026-08-01 00:00:00,2026-08-01,2.15775,1.21717,1245.58,3.62592,0.362592,1454.09,748.493,0,1,11.3745,5484.47,0.988018,4.5132,361.075
1244.00,1000979,PC,2025-05-12 12:00:00,2026-08-01 00:00:00,2026-08-01,,3.07109,4240.46,8.75158,0.875158,1023.26,183.557,0,1,14.5498,4656.12,1.15124,4.53301,119.766
1245.00,1000979,PC,2022-04-11 12:00:00,2026-08-01 00:00:00,2026-08-01,8.4482,3.53001,1828.43,6.06,0.606,845.463,85.5458,0,1,14.5498,4656.12,1.15124,4.53301,119.766
1246.00,1000980,PC,2020-04-15 12:00:00,2026-08-01 00:00:00,2026-08-01,20.9692,4.16433,654.325,3.68046,0.368046,595.333,21.031,0,1,8.1905,4325.84,1.21232,4.15421,77.4821
1247.00,1000981,FP,2022-03-17 12:00:00,2026-08-01 00:00:00,2026-08-01,3.53471,2.86881,3658.73,,0.633002,1349.48,555.24,0,1,12.5209,,0.936202,4.53342,193.962
1248.00,1000982,PC,2021-02-15 12:00:00,2026-08-01 00:00:00,2026-08-01,17.2933,3.06678,214.818,1.71954,0.171954,965.422,145.442,0,1,12.4686,7130.74,1.03181,4.53647,337.608
1249.00,1000983,APC,2021-06-12 12:00:00,2026-08-01 00:00:00,2026-08-01,6.60132,1.4617,304.136,1.63201,0.163201,940.713,131.114,0,1,9.81152,5518.71,0.860683,4.39196,745.326
1250.00,1000984,PC,2023-01-13 12:00:00,2026-08-01 00:00:00,2026-08-01,7.51154,3.18522,7687.64,5.7998,0.57998,734.234,48.6586,0,1,13.0088,4989.08,0.699247,4.26968,530.647
1251.00,1000985,CP,2020-05-14 12:00:00,2026-08-01 00:00:00,2026-08-01,4.63186,3.25776,4162.2,5.74795,0.574795,713.46,43.3809,0,1,10.9825,4107.07,0.705823,4.59439,655.243
1252.00,1000986,FP,2020-05-17 12:00:00,2026-08-01 00:00:00,2026-08-01,14.6144,2.9275,17342.2,,1.34154,428.655,5.65267,0,1,11.4917,3321.49,0.83802,4.49288,213.992
1253.00,1000987,CP,2021-07-14 12:00:00,2026-08-01 00:00:00,2026-08-01,,1.86601,151.608,1.68208,0.168208,1044.3,199.12,0,1,8.67775,5422.35,1.17745,4.59807,127.798
1254.00,1000988,APC,2022-02-15 12:00:00,2026-08-01 00:00:00,2026-08-01,11.0875,1.70329,362.998,2.45683,0.245683,1038.66,194.854,0,1,,5953.61,1.27386,,173.997
1255.00,1000989,PC,2024-07-15 12:00:00,2026-08-01 00:00:00,2026-08-01,6.73637,4.83363,328.94,1.79098,0.179098,1091.48,237.624,0,1,,5991.92,0.996254,3.97448,88.9288
1256.00,1000990,FP,2024-08-11 12:00:00,2026-08-01 00:00:00,2026-08-01,3.99738,7.34274,4686.8,4.38771,0.438771,1019.65,180.977,0,1,8.2232,5812.31,0.652484,4.59248,179.491
1257.00,1000991,FP,2024-02-13 12:00:00,2026-08-01 00:00:00,2026-08-01,6.49838,,5583.84,4.16288,0.416288,,39.7684,0,1,8.31039,5130.93,0.542651,4.52186,141.929
1258.00,1000992,PC,2024-07-18 12:00:00,2026-08-01 00:00:00,2026-08-01,8.93677,3.28598,725.277,1.93811,0.193811,951.901,137.464,0,1,12.036,6839.28,0.702211,4.01254,131.04
1259.00,1000993,FP,2021-07-13 12:00:00,2026-08-01 00:00:00,2026-08-01,4.21369,3.16904,582.275,1.22269,0.122269,985.155,157.703,0,1,9.4585,6260.93,0.543697,4.23836,
1260.00,1000994,CP,2019-03-16 12:00:00,2026-08-01 00:00:00,2026-08-01,4.4593,1.28603,1059.58,3.2072,0.32072,1229.67,382.808,0,1,7.06047,6207.86,0.894796,4.37916,267.568
1261.00,1000995,FP,2019-03-11 12:00:00,2026-08-01 00:00:00,2026-08-01,5.09818,3.70481,8179.43,8.84056,0.884056,1173.54,317.552,0,1,9.07953,5689.96,1.06065,4.11604,118.534
1262.00,1000996,FP,2025-03-13 12:00:00,2026-08-01 00:00:00,2026-08-01,20.4662,4.68963,3212.36,6.11644,0.611644,741.707,50.6701,0,1,10.5302,5834.05,1.01797,3.79384,328.765
1263.00,1000997,PC,2025-02-16 12:00:00,2026-08-01 00:00:00,2026-08-01,2.38657,,1308.32,6.6572,0.66572,2412.11,5667.71,0,1,11.0968,7203.83,1.68539,4.81063,178.793
1264.00,1000998,CP,2023-06-14 12:00:00,2026-08-01 00:00:00,2026-08-01,2.16465,1.76969,2319.5,5.11448,0.511448,1146.2,288.98,0,1,,4375.34,0.966663,4.6772,254.227
1265.00,1000999,APC,2023-07-18 12:00:00,2026-08-01 00:00:00,2026-08-01,7.11145,1.99848,1089.93,2.02919,0.202919,614.76,23.9135,0,1,14.6161,4411.95,0.604374,4.43787,346.002
1266.00,1001000,FP,2023-03-13 12:00:00,2026-08-01 00:00:00,2026-08-01,4.15877,3.74822,7042.25,7.65857,0.765857,1158.53,301.613,0,1,11.7385,5793.9,0.87036,4.48314,181.506
1267.00,1001001,FP,2020-06-17 12:00:00,2026-08-01 00:00:00,2026-08-01,1.08055,2.44931,3821.65,8.48942,0.848942,2017.84,2775.68,0,1,9.04267,5421.5,1.22786,4.61612,495.695
1268.00,1001001,PC,2023-06-10 12:00:00,2026-08-01 00:00:00,2026-08-01,15.4806,2.5649,3717.45,8.88489,0.888489,830.818,79.7708,0,1,9.04267,5421.5,1.22786,4.61612,495.695
1269.00,1001001,FP,2019-06-15 12:00:00,2026-08-01 00:00:00,2026-08-01,2.03754,2.50153,6921.8,10.838,1.0838,1633.3,,0,1,9.04267,5421.5,1.22786,4.61612,495.695
1270.00,1001002,PC,2025-08-14 12:00:00,2026-08-01 00:00:00,2026-08-01,3.63236,3.25524,680.747,2.216,0.2216,765.573,57.5132,0,1,8.97013,4057.17,0.708221,3.66646,132.304
1271.00,1001003,CP,2019-03-13 12:00:00,2026-08-01 00:00:00,2026-08-01,19.781,3.30452,1137.32,5.74442,,1096.22,241.776,0,1,9.59361,6907.98,1.5504,4.11773,81.6946
1272.00,1001004,PC,2019-07-13 12:00:00,2026-08-01 00:00:00,2026-08-01,2.77656,3.42556,1771.58,4.88295,0.488295,1320.75,509.457,0,1,9.32287,5208.09,1.0694,4.37318,223.33
1273.00,1001005,FP,2024-03-16 12:00:00,2026-08-01 00:00:00,2026-08-01,0.504667,2.49525,5178.98,5.58153,0.558153,2048.53,2948.41,0,1,10.7311,5844.78,0.655443,4.31987,219.246
1274.00,1001006,PC,2019-07-13 12:00:00,2026-08-01 00:00:00,2026-08-01,17.9199,4.60706,,6.67204,0.667204,682.939,36.4208,0,1,15.0389,5588.84,0.86072,3.94835,196.902
1275.00,1001007,PC,2024-03-16 12:00:00,2026-08-01 00:00:00,2026-08-01,18.2093,4.78135,2515.8,7.16231,0.716231,748.758,52.6243,0,1,11.1035,4729.36,1.46035,4.08694,503.416
1276.00,1001008,PC,2023-01-15 12:00:00,2026-08-01 00:00:00,2026-08-01,20.6498,2.63787,854.784,2.45607,,602.53,22.0666,0,1,11.9054,5295.96,0.820092,,350.149
1277.00,1001009,PC,2022-03-11 12:00:00,2026-08-01 00:00:00,2026-08-01,1.16509,4.10496,1474,,0.937736,2332.58,4956.41,0,1,9.84591,5035.03,2.00029,3.67046,262.024
1278.00,1001010,FP,2020-07-15 12:00:00,2026-08-01 00:00:00,2026-08-01,11.7152,4.23722,3125.43,9.20517,0.920517,979.137,153.885,0,1,13.4099,5602.38,1.32625,4.49917,1138.33
1279.00,1001011,PC,2023-07-11 12:00:00,2026-08-01 00:00:00,2026-08-01,9.09577,6.7873,83.8542,1.0981,0.10981,842.125,84.2031,0,1,7.83953,5094,1.00241,4.80877,60.6806
1280.00,1001012,PC,2025-02-18 12:00:00,2026-08-01 00:00:00,2026-08-01,4.61015,5.24878,1726.73,5.74097,0.574097,870.391,96.0902,0,1,12.5805,3882.11,1.17207,4.26404,
1281.00,1001013,PC,2022-08-15 12:00:00,2026-08-01 00:00:00,2026-08-01,4.41078,1.97684,687.242,3.67488,0.367488,1372.4,593.939,0,1,13.3657,5954.95,1.20244,4.84423,130.222
1282.00,1001014,PC,2022-02-17 12:00:00,2026-08-01 00:00:00,2026-08-01,4.83579,3.51957,563.343,2.80607,0.280607,1106.33,250.817,0,1,13.6249,5331.49,1.03649,4.46803,135.028
1283.00,1001015,PC,2020-08-17 12:00:00,2026-08-01 00:00:00,2026-08-01,2.81061,5.60523,5850.53,12.647,1.2647,1379.21,605.823,0,1,11.6023,4756.86,1.40931,4.55696,112.139
1284.00,1001016,FP,2024-05-16 12:00:00,2026-08-01 00:00:00,2026-08-01,2.08225,2.58775,8499.03,29.7095,2.97095,2830.1,10740.5,0,1,12.1085,6140.8,,4.30676,141.57
1285.00,1001017,PC,2025-01-10 12:00:00,2026-08-01 00:00:00,2026-08-01,13.2343,3.77042,1136.1,4.35505,0.435505,658.609,31.5015,0,1,13.4922,4225.88,1.14395,4.26019,90.7883
1286.00,1001018,PC,2024-02-14 12:00:00,2026-08-01 00:00:00,2026-08-01,11.0351,2.62446,4578.33,15.383,1.5383,1356.67,567.168,0,1,10.1317,5589.83,,4.611,129.035
1287.00,1001019,CP,2020-05-17 12:00:00,2026-08-01 00:00:00,2026-08-01,14.7102,,881.956,1.64687,0.164687,481.851,9.0255,0,1,,4496.72,0.580268,4.16543,
1288.00,1001020,FP,2024-05-16 12:00:00,2026-08-01 00:00:00,2026-08-01,6.22771,2.29434,4885.87,6.876,0.6876,766.788,57.8792,0,1,10.6205,4571.13,0.80175,4.31127,211.955
1289.00,1001021,PC,2025-06-15 12:00:00,2026-08-01 00:00:00,2026-08-01,22.4056,3.7425,4851.83,,1.14922,772.963,59.7663,0,1,9.81173,5331.09,1.40639,4.4952,123.466
1290.00,1001022,PC,2021-04-14 12:00:00,2026-08-01 00:00:00,2026-08-01,6.41575,3.37755,2667.23,4.4683,0.44683,918.734,119.284,0,1,10.0413,5565.44,0.792007,3.91683,157.528
1291.00,1001023,FP,2025-08-12 12:00:00,2026-08-01 00:00:00,2026-08-01,2.54622,4.67645,1885.37,4.92596,0.492596,1343.13,544.878,0,1,8.30908,5149.84,1.06766,4.26787,106.109
1292.00,1001024,PC,2025-01-16 12:00:00,2026-08-01 00:00:00,2026-08-01,13.7305,1.99364,442.95,2.47524,0.247524,1060.23,211.558,0,1,11.7146,6790.31,1.1767,4.23609,252.927
1293.00,1001025,FP,2019-05-15 12:00:00,2026-08-01 00:00:00,2026-08-01,1.26415,4.45483,1773.75,7.31081,0.731081,1726.21,1486.61,0,1,10.0045,4401.32,1.51381,4.68449,103.167
1294.00,1001026,PC,2024-01-18 12:00:00,2026-08-01 00:00:00,2026-08-01,4.71924,5.61326,3102.39,7.77517,0.777517,1299.29,477.141,0,1,9.66242,5577.16,1.28534,,
1295.00,1001027,PC,2025-07-14 12:00:00,2026-08-01 00:00:00,2026-08-01,4.35551,,2800.93,3.6692,0.36692,964.409,144.832,0,1,11.9484,6007.05,0.57864,4.4476,174.53
1296.00,1001028,FP,2021-04-12 12:00:00,2026-08-01 00:00:00,2026-08-01,2.00739,4.94961,20532.3,18.9663,1.89663,1171.59,315.441,0,1,9.65906,4120.37,1.08296,4.51969,209.358
1297.00,1001029,FP,2022-01-11 12:00:00,2026-08-01 00:00:00,2026-08-01,1.38601,6.22488,3107.65,8.00055,0.800055,1977.49,2560.23,0,1,10.8797,5737.25,1.24313,4.36129,197.452
1298.00,1001030,PC,2024-08-13 12:00:00,2026-08-01 00:00:00,2026-08-01,3.32052,4.99653,1892.57,,0.557993,1344.19,546.592,0,1,13.7935,5262.15,1.2225,4.4904,135.472
1299.00,1001031,FP,2023-06-14 12:00:00,2026-08-01 00:00:00,2026-08-01,,3.6412,4637,7.00133,0.700133,524.95,12.7143,0,1,10.3093,4746.74,0.83009,3.76597,379.293
1300.00,1001032,FP,2024-04-14 12:00:00,2026-08-01 00:00:00,2026-08-01,2.22425,2.83241,6367.45,12.633,1.2633,1453.15,746.56,0,1,10.5367,,1.41673,4.35418,175.605
1301.00,1001033,FA,2025-07-17 12:00:00,2026-08-01 00:00:00,2026-08-01,2.9236,2.84025,3483.65,13.4419,,1737.59,1526.2,0,1,12.4919,5523.51,1.70318,4.50655,52.0303
1302.00,1001034,FP,2020-04-11 12:00:00,2026-08-01 00:00:00,2026-08-01,2.25001,3.24338,2542.21,9.37677,,1447.38,734.777,0,1,12.2829,4428.12,1.54419,4.73949,148.94
1303.00,1001035,CP,2025-01-18 12:00:00,2026-08-01 00:00:00,2026-08-01,3.25807,1.75682,340.594,1.85013,0.185013,1688.17,1359.83,0,1,9.06045,7966.67,0.830684,4.71881,241.913
1304.00,1001036,KP,2025-07-17 12:00:00,2026-08-01 00:00:00,2026-08-01,17.8979,3.73628,3116.98,4.32646,0.432646,499.216,10.3986,0,1,10.0596,4486.25,0.713174,4.28538,51.2913
1305.00,1001037,CP,2019-05-11 12:00:00,2026-08-01 00:00:00,2026-08-01,3.54262,2.61486,2461.53,6.00235,0.600235,1046.01,200.428,0,1,10.9351,4501.46,1.05624,4.17453,1091.17
1306.00,1001038,KP,2019-07-15 12:00:00,2026-08-01 00:00:00,2026-08-01,0.863229,6.36489,2305.11,4.01861,0.401861,1008.28,173.041,0,1,9.81953,3236.15,0.74081,4.60858,422.621
1307.00,1001039,PC,2021-03-18 12:00:00,2026-08-01 00:00:00,2026-08-01,21.7375,2.75448,341.186,2.63021,0.263021,828.993,79.0724,0,1,9.50032,5748.78,1.36335,4.24774,374.857
1308.00,1001040,CP,2025-06-10 12:00:00,2026-08-01 00:00:00,2026-08-01,3.27025,4.07482,1227.54,4.39292,0.439292,,1903.23,0,1,12.1801,7641.88,1.07071,4.77843,451.898
1309.00,1001041,FP,2024-01-17 12:00:00,2026-08-01 00:00:00,2026-08-01,3.302,1.913,3435.22,5.02432,0.502432,1059.01,210.578,0,1,10.1364,5351.8,0.730857,4.19367,565.509
1310.00,1001042,CP,2019-05-10 12:00:00,2026-08-01 00:00:00,2026-08-01,1.26902,4.09325,275.901,1.98268,0.198268,1739.55,1533.08,0,1,,4770.8,1.31175,4.85478,222.117
1311.00,1001043,CP,2023-01-18 12:00:00,2026-08-01 00:00:00,2026-08-01,5.48215,2.45809,1049.21,6.53722,0.653722,1484.84,813.84,0,1,12.6559,6089.74,1.55589,4.78442,148.294
1312.00,1001044,PC,2022-06-12 12:00:00,2026-08-01 00:00:00,2026-08-01,0.993651,5.24841,1701.53,4.15148,0.415148,1911.61,2235.72,0,1,11.9682,5876.37,0.886991,4.63451,122.787
1313.00,1001045,PC,2024-05-18 12:00:00,2026-08-01 00:00:00,2026-08-01,6.06705,,1090.39,2.83563,0.283563,1078.61,226.613,0,1,10.441,6154.05,0.860159,4.54238,294.857
1314.00,1001046,PC,2025-07-14 12:00:00,2026-08-01 00:00:00,2026-08-01,9.23894,2.1278,989.279,3.37523,0.337523,717.495,44.3708,0,1,12.3958,4496.6,0.94363,4.5,270.288
1315.00,1001047,FP,2022-02-18 12:00:00,2026-08-01 00:00:00,2026-08-01,5.37433,4.84595,5083.16,5.31262,0.531262,975.886,151.851,0,1,11.9294,6116.15,0.657518,4.5738,466.965
1316.00,1001048,PC,2025-02-10 12:00:00,2026-08-01 00:00:00,2026-08-01,7.53715,3.40736,447.14,2.57051,0.257051,1072.82,221.785,0,1,11.5418,6365.31,0.919189,4.35089,184.408
1317.00,1001049,PC,2024-06-13 12:00:00,2026-08-01 00:00:00,2026-08-01,6.82575,5.14021,810.712,,0.481531,1542.68,948.256,0,1,11.9899,6719.99,1.59624,4.47778,180.293
1318.00,1001050,CP,2019-01-11 12:00:00,2026-08-01 00:00:00,2026-08-01,6.80963,1.95262,1295.94,2.03265,0.203265,,32.7314,0,1,,4788.86,0.583052,4.40062,225.733
1319.00,1001051,PC,2023-08-14 12:00:00,2026-08-01 00:00:00,2026-08-01,8.49604,7.18593,,4.52808,0.452808,754.377,54.2219,0,1,9.71547,4081.03,1.19756,4.17696,192.692
1320.00,1001052,FP,2021-04-14 12:00:00,2026-08-01 00:00:00,2026-08-01,7.86063,4.02279,4100.22,6.62988,0.662988,817.449,74.759,0,1,8.97902,4911.77,0.921723,4.12,149.849
1321.00,1001053,PC,2019-08-14 12:00:00,2026-08-01 00:00:00,2026-08-01,18.7169,3.01674,1311.56,4.93616,0.493616,785.063,63.5972,0,1,13.1598,5527.81,1.19686,4.60861,70.8419
1322.00,1001054,PC,2019-07-17 12:00:00,2026-08-01 00:00:00,2026-08-01,0.256915,5.908,6186.58,9.03926,0.903926,3292.14,19666.8,0,1,11.6482,5570.14,1.18832,4.67,126.737
1323.00,1001054,PC,2023-08-17 12:00:00,2026-08-01 00:00:00,2026-08-01,8.92963,3.97931,700.043,3.86775,0.386775,1008.78,173.383,0,1,11.6482,5570.14,1.18832,4.67,126.737
1324.00,1001055,PC,2024-04-17 12:00:00,2026-08-01 00:00:00,2026-08-01,2.71484,2.24472,4109.59,6.58284,0.658284,1383.29,613.021,0,1,12.95,5848.76,0.916318,4.69433,125.195
1325.00,1001055,CP,2021-03-17 12:00:00,2026-08-01 00:00:00,2026-08-01,2.98278,1.79637,515.018,2.54567,0.254567,1340.56,540.719,0,1,12.95,5848.76,0.916318,4.69433,125.195
1326.00,1001056,CP,2023-01-14 12:00:00,2026-08-01 00:00:00,2026-08-01,11.4013,1.68627,2481.61,4.36529,0.436529,693.526,38.7323,0,1,10.8157,4953.25,0.835918,4.23647,69.3936
1327.00,1001056,FP,2022-06-13 12:00:00,2026-08-01 00:00:00,2026-08-01,10.0774,2.4751,,1.96578,0.196578,722.655,,0,1,10.8157,4953.25,0.835918,4.23647,69.3936
1328.00,1001057,PC,2021-07-16 12:00:00,2026-08-01 00:00:00,2026-08-01,0.518584,,,13.5605,1.35605,3008.72,13719.7,0,1,11.9378,5354.72,1.71535,4.48602,167.083
1329.00,1001058,KP,2019-02-10 12:00:00,2026-08-01 00:00:00,2026-08-01,113.612,5.99663,2254.61,6.44952,0.644952,428.14,5.62555,0,1,,5209.66,1.33358,4.50656,130.589
1330.00,1001059,FP,2020-02-18 12:00:00,2026-08-01 00:00:00,2026-08-01,5.1843,1.44945,2004.1,6.47379,0.647379,1341.44,542.128,0,1,11.5003,5661.39,1.41559,4.21903,89.3301
1331.00,1001060,FP,2020-02-10 12:00:00,2026-08-01 00:00:00,2026-08-01,5.58357,5.39011,1503.75,3.56381,0.356381,910.237,114.931,0,1,11.0464,5481.38,0.730557,4.2052,466.081
1332.00,1001061,PC,2024-04-13 12:00:00,2026-08-01 00:00:00,2026-08-01,10.9246,5.66307,3342.9,11.3808,1.13808,1449.56,739.209,0,1,11.0328,7034.12,1.75998,4.8569,372.573
1333.00,1001062,PC,2019-01-16 12:00:00,2026-08-01 00:00:00,2026-08-01,18.0112,1.65558,1750.08,4.51116,0.451116,1071.88,221.004,0,1,10.0312,7965.5,1.04731,4.30423,223.946
1334.00,1001063,FA,2024-01-16 12:00:00,2026-08-01 00:00:00,2026-08-01,19.2075,5.52979,3636.12,2.57754,0.257754,422.066,5.31303,0,1,11.0636,5118.87,0.410435,3.90947,534.687
1335.00,1001064,PC,2020-05-13 12:00:00,2026-08-01 00:00:00,2026-08-01,39.6866,6.61589,1190.18,6.0229,0.60229,318.217,1.71678,0,1,9.88646,2527.23,1.55275,4.66814,82.1516
1336.00,1001065,FP,2025-04-12 12:00:00,2026-08-01 00:00:00,2026-08-01,6.7751,6.54743,5038.17,8.56842,0.856842,1321.78,511.043,0,1,12.3133,6554.1,1.2258,4.14615,138.848
1337.00,1001066,FP,2020-06-14 12:00:00,2026-08-01 00:00:00,2026-08-01,7.0472,6.12579,1954.34,5.75235,0.575235,950.322,136.554,0,1,6.52312,,1.21321,4.47776,273.017
1338.00,1001067,PC,2020-05-18 12:00:00,2026-08-01 00:00:00,2026-08-01,18.5767,3.51937,3162.51,10.1215,1.01215,1101.61,246.568,0,1,13.2934,6819.47,1.54071,4.13649,431.815
1339.00,1001068,PC,2019-04-15 12:00:00,2026-08-01 00:00:00,2026-08-01,6.28485,2.72187,2294.85,5.99066,0.599066,900.135,109.914,0,1,9.47559,4879.92,0.975372,4.04068,151.948
1340.00,1001069,PC,2019-06-17 12:00:00,2026-08-01 00:00:00,2026-08-01,13.7976,5.34329,6714.8,6.88659,0.688659,783.296,63.0268,0,1,10.4735,5816.13,0.878285,,99.0901
1341.00,1001070,PC,2025-01-15 12:00:00,2026-08-01 00:00:00,2026-08-01,3.78069,3.17659,1699.62,5.18812,0.518812,1327.9,520.579,0,1,9.1772,5986.67,,4.49543,93.3889
1342.00,1001071,FP,2025-08-14 12:00:00,2026-08-01 00:00:00,2026-08-01,25.7153,4.64449,13673.5,23.7205,2.37205,859.602,91.4135,0,1,9.72972,5501.05,1.79067,4.38638,101.075
1343.00,1001071,PC,2021-03-14 12:00:00,2026-08-01 00:00:00,2026-08-01,52.6892,2.67538,2117.51,,0.828052,676.79,35.1267,0,1,9.72972,5501.05,1.79067,4.38638,101.075
1344.00,1001071,PC,2025-07-13 12:00:00,2026-08-01 00:00:00,2026-08-01,22.8133,2.36607,1091.01,5.21564,0.521564,894.606,107.238,0,1,9.72972,5501.05,1.79067,4.38638,101.075
1345.00,1001072,FP,2025-03-16 12:00:00,2026-08-01 00:00:00,2026-08-01,,4.33725,5341.6,16.8682,1.68682,,916.238,0,1,9.64079,5649.04,2.0062,4.71629,410.162
1346.00,1001073,CP,2019-03-15 12:00:00,2026-08-01 00:00:00,2026-08-01,14.675,3.53969,1640.53,2.70813,0.270813,560.652,16.5422,0,1,9.97305,5363.69,0.551268,3.98692,245.44
1347.00,1001074,PC,2021-04-11 12:00:00,2026-08-01 00:00:00,2026-08-01,8.85661,3.39579,3632.3,4.10268,0.410268,809.138,71.7648,0,1,12.4627,6289.1,0.596436,4.68188,390.848
1348.00,1001075,PC,2023-01-16 12:00:00,2026-08-01 00:00:00,2026-08-01,8.68825,4.11596,258.163,1.21917,0.121917,,15.0691,0,1,12.5683,3892.78,0.704289,4.67081,418.519
1349.00,1001076,CP,2025-01-13 12:00:00,2026-08-01 00:00:00,2026-08-01,2.25857,2.0915,1348.38,2.48244,0.248244,1233.49,387.58,0,1,12.103,5600.47,0.7029,4.16776,307.654
1350.00,1001077,CP,2022-01-13 12:00:00,2026-08-01 00:00:00,2026-08-01,8.17955,3.4107,4248.04,6.06366,0.606366,1002.8,169.305,0,1,13.3723,6778.2,0.747938,4.13432,340.068
1351.00,1001078,PC,2022-08-11 12:00:00,2026-08-01 00:00:00,2026-08-01,49.9756,1.85347,1551.53,2.82033,0.282033,317.154,1.69396,0,1,9.95023,4281.32,0.626723,4.10964,95.5268
1352.00,1001078,APC,2020-03-15 12:00:00,2026-08-01 00:00:00,2026-08-01,2.076,7.02798,1385.99,2.72473,0.272473,915.758,117.746,0,1,9.95023,4281.32,0.626723,4.10964,95.5268
1353.00,1001079,PC,2019-06-12 12:00:00,2026-08-01 00:00:00,2026-08-01,5.93316,3.5074,3017.45,4.92228,0.492228,798.795,,0,1,11.1565,4787.27,0.768072,4.09573,165.339
1354.00,1001080,PC,2023-01-13 12:00:00,2026-08-01 00:00:00,2026-08-01,10.1136,3.78187,817.994,,0.305544,1100.49,245.566,0,1,15.2748,6721.1,1.05539,3.87452,137.862
1355.00,1001080,PC,2025-03-15 12:00:00,2026-08-01 00:00:00,2026-08-01,7.25732,2.2306,14265.6,14.5868,1.45868,1229.22,382.245,0,1,15.2748,6721.1,1.05539,3.87452,137.862
1356.00,1001081,APC,2022-08-16 12:00:00,2026-08-01 00:00:00,2026-08-01,14.9253,4.92864,,3.97088,0.397088,1098.45,243.746,0,1,11.2681,7133.99,1.20974,4.09251,419.655
1357.00,1001082,PC,2025-07-10 12:00:00,2026-08-01 00:00:00,2026-08-01,15.333,7.4325,1252.57,3.68886,0.368886,941.663,131.644,0,1,11.9612,6992.31,0.942215,4.52372,124.953
1358.00,1001082,PC,2019-05-15 12:00:00,2026-08-01 00:00:00,2026-08-01,2.50914,2.78327,2872.89,5.89009,0.589009,1721.59,1470.75,0,1,11.9612,6992.31,0.942215,4.52372,124.953
1359.00,1001083,PC,2025-08-16 12:00:00,2026-08-01 00:00:00,2026-08-01,30.8863,3.03266,,2.23783,0.223783,552.127,15.5588,0,1,12.4125,5503.81,0.833895,4.6107,182.459
1360.00,1001084,FP,2019-03-10 12:00:00,2026-08-01 00:00:00,2026-08-01,4.40601,3.65431,13768.8,12.0702,1.20702,1081.95,229.431,0,1,9.41096,5509,0.872606,4.1729,221.933
1361.00,1001085,FP,2023-06-13 12:00:00,2026-08-01 00:00:00,2026-08-01,1.02037,2.97483,5419.53,3.33489,0.333489,,553.647,0,1,11.7478,5535.73,,4.5949,228.348
1362.00,1001086,CP,2023-08-14 12:00:00,2026-08-01 00:00:00,2026-08-01,1.01388,1.98437,632.612,2.1422,0.21422,1429.76,699.641,0,1,9.84589,,0.774523,4.16601,235.51
1363.00,1001087,FP,2019-04-10 12:00:00,2026-08-01 00:00:00,2026-08-01,2.15969,4.35834,4564.73,,0.757429,1870.18,2048.1,0,1,10.0428,6711.12,1.09216,4.08387,280.06
1364.00,1001088,FA,2019-01-10 12:00:00,2026-08-01 00:00:00,2026-08-01,4.10842,4.2372,4616.53,6.55824,,935.696,128.339,0,1,12.6862,4487.16,0.938915,4.67702,334.991
1365.00,1001088,PC,2019-03-15 12:00:00,2026-08-01 00:00:00,2026-08-01,9.21817,1.79577,530.05,2.69504,0.269504,714.734,43.6918,0,1,12.6862,4487.16,0.938915,4.67702,334.991
1366.00,1001089,PC,2019-07-17 12:00:00,2026-08-01 00:00:00,2026-08-01,4.99653,3.88139,6192.88,12.6755,1.26755,927.911,124.121,0,1,11.163,4305.29,1.1428,3.76471,
1367.00,1001090,PC,2025-02-17 12:00:00,2026-08-01 00:00:00,2026-08-01,13.1095,0.961817,4015.37,7.60708,0.760708,839.576,,0,1,11.6633,5952.98,0.930875,4.29032,146.45
1368.00,1001091,PC,2019-08-13 12:00:00,2026-08-01 00:00:00,2026-08-01,7.80345,,2008.93,7.92446,0.792446,1604.3,1109.08,0,1,11.6756,7838.6,1.38719,4.55858,310.091
1369.00,1001092,PC,2022-03-13 12:00:00,2026-08-01 00:00:00,2026-08-01,,3.56166,788.647,2.44365,0.244365,904.863,112.241,0,1,12.3574,5876.81,0.803121,4.28359,265.206
1370.00,1001093,FP,2024-07-17 12:00:00,2026-08-01 00:00:00,2026-08-01,7.60148,2.91659,1640.19,7.80636,0.780636,345.906,2.39692,0,1,10.3164,1548,1.62489,4.7406,111.632
1371.00,1001094,PC,2022-06-17 12:00:00,2026-08-01 00:00:00,2026-08-01,34.1454,2.38596,2760.18,5.64952,0.564952,549.433,15.2574,0,1,11.5235,5427.33,0.907949,4.38275,944.699
1372.00,1001095,PC,2023-02-11 12:00:00,2026-08-01 00:00:00,2026-08-01,17.9292,4.47516,1876.03,4.94248,0.494248,838.889,82.9163,0,1,10.8012,5867.45,1.17869,4.40967,66.1712
1373.00,1001096,KP,2019-03-13 12:00:00,2026-08-01 00:00:00,2026-08-01,5.4117,2.23816,13017.5,12.8319,1.28319,1120.22,263.657,0,1,8.72092,5545.42,1.0588,4.09486,52.4592
1374.00,1001097,PC,2024-05-13 12:00:00,2026-08-01 00:00:00,2026-08-01,8.31017,3.22537,7843,10.9307,1.09307,945.066,,0,1,12.6202,5190.02,1.1451,4.36913,214.313
1375.00,1001098,FP,2021-03-14 12:00:00,2026-08-01 00:00:00,2026-08-01,3.68964,3.93971,4927.82,7.56483,0.756483,1394.55,633.225,0,1,9.86403,6054.25,1.0664,4.92991,457.944
1376.00,1001099,PC,2025-05-16 12:00:00,2026-08-01 00:00:00,2026-08-01,,4.10742,1986.67,6.6816,0.66816,784.296,63.3491,0,1,11.7863,4590.73,1.29111,4.0847,208.996
1377.00,1001099,PC,2025-02-17 12:00:00,2026-08-01 00:00:00,2026-08-01,,2.25814,121.648,1.39239,0.139239,1080.53,228.226,0,1,11.7863,4590.73,1.29111,4.0847,208.996
1378.00,1001100,CP,2025-02-16 12:00:00,2026-08-01 00:00:00,2026-08-01,6.97589,4.10435,404.622,2.00796,0.200796,1107.32,251.718,0,1,8.72093,6527.65,0.884335,4.27159,71.9807
1379.00,1001101,FP,2024-04-15 12:00:00,2026-08-01 00:00:00,2026-08-01,1.21917,5.88359,1969.67,,0.609463,2357.21,5169.09,0,1,10.45,6422.51,1.29404,4.59548,139.502
1380.00,1001101,PC,2021-01-15 12:00:00,2026-08-01 00:00:00,2026-08-01,56.3714,4.04651,10771.2,14.7537,1.47537,656.751,31.1475,0,1,10.45,6422.51,1.29404,4.59548,139.502
1381.00,1001102,FA,2020-06-13 12:00:00,2026-08-01 00:00:00,2026-08-01,6.02247,4.74077,5492.69,4.65355,0.465355,662.489,32.2504,0,1,9.50643,4672.21,0.560205,4.68613,421.835
1382.00,1001103,PC,2025-02-15 12:00:00,2026-08-01 00:00:00,2026-08-01,0.73379,3.88994,6645.61,5.2306,0.52306,1402.08,647.018,0,1,9.83251,,0.556634,4.11568,129.53
1383.00,1001103,CP,2024-05-17 12:00:00,2026-08-01 00:00:00,2026-08-01,6.83401,2.3781,2496.13,3.58639,0.358639,666.407,33.0201,0,1,9.83251,4917.8,0.556634,4.11568,129.53
1384.00,1001104,PC,2021-08-13 12:00:00,2026-08-01 00:00:00,2026-08-01,3.31965,2.63721,6598.49,8.68071,0.868071,1156.57,299.58,0,1,12.0001,5199.82,0.926719,4.53057,152.663
1385.00,1001105,PC,2021-03-17 12:00:00,2026-08-01 00:00:00,2026-08-01,3.26249,2.4065,10728.9,,1.06148,1293.79,469.107,0,1,12.954,5327.93,1.09184,4.54334,388.204
1386.00,1001106,PC,2023-06-10 12:00:00,2026-08-01 00:00:00,2026-08-01,11.0567,2.89829,1768.73,5.03264,0.503264,884.31,102.386,0,1,,5307.4,1.15979,4.5445,379.301
1387.00,1001107,FP,2024-06-15 12:00:00,2026-08-01 00:00:00,2026-08-01,13.8997,3.51014,3079.84,5.94655,0.594655,844.452,85.1373,0,1,12.1356,5478.65,1.15608,,136.319
1388.00,1001108,CP,2024-08-17 12:00:00,2026-08-01 00:00:00,2026-08-01,14.9207,1.70177,1184.5,2.95608,0.295608,691.828,38.3543,0,1,10.1788,5193.64,0.905238,4.3,97.951
1389.00,1001109,PC,2021-07-12 12:00:00,2026-08-01 00:00:00,2026-08-01,8.91026,6.78112,2266.54,10.392,1.0392,1497.63,842.236,0,1,11.538,6000.12,2.25388,4.57328,130.439
1390.00,1001110,PC,2022-08-18 12:00:00,2026-08-01 00:00:00,2026-08-01,1.17604,1.58655,,1.42075,0.142075,,1484.34,0,1,14.1056,6605.59,0.639981,4.30274,261.045
1391.00,1001111,CP,2019-07-15 12:00:00,2026-08-01 00:00:00,2026-08-01,3.69911,2.58017,2308.53,8.29283,0.829283,1669.88,1301.86,0,1,11.0974,5756.53,1.6942,4.93343,224.396
1392.00,1001112,FP,2019-07-14 12:00:00,2026-08-01 00:00:00,2026-08-01,34.5868,2.97928,5913.57,4.78698,0.478698,597.222,21.2992,0,1,8.90701,,0.646112,4.1405,55.7268
1393.00,1001113,PC,2020-03-18 12:00:00,2026-08-01 00:00:00,2026-08-01,18.8516,3.77189,793.006,4.04623,0.404623,942.236,131.965,0,1,9.82511,6363.29,1.30729,4.20002,497.586
1394.00,1001114,PC,2023-02-10 12:00:00,2026-08-01 00:00:00,2026-08-01,6.79479,1.80954,1580,3.63196,0.363196,1006.14,171.572,0,1,10.3783,6156.1,0.806622,4.37646,221.024
1395.00,1001115,CP,2020-07-18 12:00:00,2026-08-01 00:00:00,2026-08-01,1.33961,4.90328,1416.09,3.40265,0.340265,1246.91,404.727,0,1,10.0082,4355.26,0.838454,4.15569,318.567
1396.00,1001116,APC,2020-08-15 12:00:00,2026-08-01 00:00:00,2026-08-01,8.90653,6.84357,488.336,2.54337,0.254337,804.175,70.0201,0,1,12.1634,5245.7,0.849994,,115.378
1397.00,1001117,CP,2023-07-15 12:00:00,2026-08-01 00:00:00,2026-08-01,1.79853,3.36624,5547.97,8.07548,0.807548,2127.6,3430.69,0,1,12.55,7540.32,0.991127,4.45923,156.425
1398.00,1001118,CP,2019-02-17 12:00:00,2026-08-01 00:00:00,2026-08-01,6.01596,2.93363,595.012,3.56958,0.356958,1278.55,447.398,0,1,10.9076,6095.19,1.22513,4.28383,55.6713
1399.00,1001119,PC,2022-02-14 12:00:00,2026-08-01 00:00:00,2026-08-01,2.47732,2.89758,1086.36,4.76991,0.476991,1633.06,1190.77,0,1,14.9587,5630.41,1.29647,4.07023,144.559
1400.00,1001120,PC,2019-03-11 12:00:00,2026-08-01 00:00:00,2026-08-01,41.8695,6.27863,1011.06,3.77818,0.377818,580.587,19.0235,0,1,10.6024,5365.85,1.18825,3.92104,136.353
1401.00,1001121,PC,2024-05-10 12:00:00,2026-08-01 00:00:00,2026-08-01,2.27998,1.97992,989.775,2.45547,0.245547,1208.04,356.57,0,1,11.391,5319.02,0.752146,4.55334,193.569
1402.00,1001122,CP,2023-01-13 12:00:00,2026-08-01 00:00:00,2026-08-01,7.25633,4.76019,1980.23,3.89774,0.389774,900.53,110.107,0,1,9.08569,6035.76,0.702309,4.42171,371.31
1403.00,1001123,PC,2023-05-16 12:00:00,2026-08-01 00:00:00,2026-08-01,4.80876,1.99158,5093.56,15.4447,1.54447,1913.28,,0,1,11.9378,6854.04,1.86868,4.09456,142.834
1404.00,1001124,FP,2021-06-10 12:00:00,2026-08-01 00:00:00,2026-08-01,16.8642,,22028.3,16.08,1.608,875.217,98.2391,0,1,11.3191,6614.4,0.969196,4.40341,221.97
1405.00,1001125,CP,2025-08-15 12:00:00,2026-08-01 00:00:00,2026-08-01,14.0046,5.59304,,2.55708,0.255708,901.67,110.665,0,1,9.52392,5945.67,1.12476,4.52801,229.748
1406.00,1001126,APC,2024-01-11 12:00:00,2026-08-01 00:00:00,2026-08-01,0.773241,2.37661,1278.63,4.23441,0.423441,2473.49,6267.01,0,1,12.9717,5394.71,1.49077,4.55089,114.472
1407.00,1001127,PC,2019-06-16 12:00:00,2026-08-01 00:00:00,2026-08-01,30.3584,2.33787,3690.81,7.17037,0.717037,673.557,34.4603,0,1,12.6571,5416.8,1.26658,4.02814,137.893
1408.00,1001128,APC,2021-03-18 12:00:00,2026-08-01 00:00:00,2026-08-01,0.704427,3.15175,9360.87,10.6987,1.06987,2782.65,10038.2,0,1,11.2383,6785.69,1.12065,4.32879,
1409.00,1001129,FP,2025-03-15 12:00:00,2026-08-01 00:00:00,2026-08-01,1.7992,2.49399,17779.7,18.3057,1.83057,2311.07,4776.07,0,1,10.7704,6968.44,1.36959,4.82862,78.0712
1410.00,1001130,PC,2023-06-18 12:00:00,2026-08-01 00:00:00,2026-08-01,7.48849,2.18483,1574.94,4.5768,0.45768,804.006,69.9613,0,1,13.8449,4877.16,0.875584,4.26756,290.115
1411.00,1001131,PC,2022-04-11 12:00:00,2026-08-01 00:00:00,2026-08-01,3.61267,4.13942,10523.5,18.0902,1.80902,1620.18,1153.66,0,1,11.6711,5730.43,1.58425,4.2998,105.79
1412.00,1001132,PC,2025-08-12 12:00:00,2026-08-01 00:00:00,2026-08-01,8.1923,3.5435,556.147,5.8694,0.58694,1176.3,320.551,0,1,11.2754,4702.78,2.14017,4.45537,
1413.00,1001133,PC,2024-06-18 12:00:00,2026-08-01 00:00:00,2026-08-01,0.905404,5.51404,1117.69,5.47406,0.547406,2885.02,11598.9,0,1,13.4779,7021.54,1.32998,4.45138,167.88
1414.00,1001134,FP,2020-05-12 12:00:00,2026-08-01 00:00:00,2026-08-01,12.3621,6.3216,5423.15,10.8616,1.08616,986.582,158.619,0,1,9.17497,6041.58,1.20008,3.88785,171.841
1415.00,1001135,FA,2019-01-17 12:00:00,2026-08-01 00:00:00,2026-08-01,4.67229,2.47381,7647.06,9.10383,0.910383,1117.42,261.027,0,1,6.82998,5606.92,0.934372,4.58124,182.143
1416.00,1001136,PC,2022-01-11 12:00:00,2026-08-01 00:00:00,2026-08-01,0.799631,4.42779,1321.75,4.46483,0.446483,2010.25,2734.17,0,1,8.0486,5076.94,1.13695,4.07354,199.184
1417.00,1001137,PC,2023-06-13 12:00:00,2026-08-01 00:00:00,2026-08-01,24.8892,3.61748,15284.5,12.804,1.2804,659.931,31.7553,0,1,9.96407,5907.27,0.895534,,235.498
1418.00,1001138,FP,2022-05-10 12:00:00,2026-08-01 00:00:00,2026-08-01,13.6886,3.19035,898.326,2.46377,0.246377,735.232,48.9235,0,1,12.6876,5947.28,0.736154,4.3588,81.7469
1419.00,1001138,PC,2019-04-14 12:00:00,2026-08-01 00:00:00,2026-08-01,4.25905,0.955635,1775.77,3.74607,0.374607,1085.03,232.05,0,1,12.6876,5947.28,0.736154,4.3588,81.7469
1420.00,1001139,PC,2024-06-14 12:00:00,2026-08-01 00:00:00,2026-08-01,23.0569,6.53371,4069.26,13.3771,1.33771,886.443,103.377,0,1,9.73516,5627.8,1.69177,4.36142,
1421.00,1001140,FA,2023-05-11 12:00:00,2026-08-01 00:00:00,2026-08-01,1.06454,2.55388,3935.01,4.14091,0.414091,1596.64,1088.05,0,1,7.35241,6062.97,0.608604,4.92661,110.631
1422.00,1001141,PC,2022-08-13 12:00:00,2026-08-01 00:00:00,2026-08-01,8.30961,1.56208,4783.6,6.62107,0.662107,904.646,112.133,0,1,13.589,5867.11,0.821006,4.19208,134.501
1423.00,1001142,PC,2023-07-13 12:00:00,2026-08-01 00:00:00,2026-08-01,15.5498,4.44369,1560.62,5.88622,0.588622,1090.55,236.81,0,1,10.9264,6873.86,1.31995,4.41641,326.568
1424.00,1001143,FP,2023-04-12 12:00:00,2026-08-01 00:00:00,2026-08-01,2.11643,2.41385,30284.9,,2.78136,2074.4,3100.2,0,1,8.95356,5839.71,1.75088,4.04834,169.885
1425.00,1001144,PC,2021-06-13 12:00:00,2026-08-01 00:00:00,2026-08-01,3.69419,6.08583,4961.67,7.97261,0.797261,1425.75,691.819,0,1,11.7947,6450.25,0.982794,4.19066,630.827
1426.00,1001145,PC,2019-02-16 12:00:00,2026-08-01 00:00:00,2026-08-01,22.7836,2.87286,931.532,3.38624,0.338624,629.089,26.2223,0,1,11.7718,5304.57,,3.90352,86.4693
1427.00,1001146,CP,2023-05-14 12:00:00,2026-08-01 00:00:00,2026-08-01,0.618042,5.35088,7665.6,18.079,1.8079,2716.63,,0,1,10.4474,5282.57,1.61522,4.3296,179.021
1428.00,1001147,PC,2019-03-18 12:00:00,2026-08-01 00:00:00,2026-08-01,0.72342,4.16372,15429.1,13.8833,1.38833,2205.12,3958.68,0,1,12.7562,5483.08,1.09713,3.95082,196.773
1429.00,1001148,APC,2025-05-17 12:00:00,2026-08-01 00:00:00,2026-08-01,11.6076,3.365,2038.13,7.42135,0.742135,1241.17,397.33,0,1,12.8952,,1.35538,4.05051,114.14
1430.00,1001149,PC,2023-05-17 12:00:00,2026-08-01 00:00:00,2026-08-01,5.47953,4.74872,337.114,1.23454,0.123454,770.781,59.0941,0,1,10.7006,,0.551932,4.3601,162.756
1431.00,1001150,PC,2024-03-11 12:00:00,2026-08-01 00:00:00,2026-08-01,25.7034,3.61294,1051.94,2.96478,0.296478,646.699,29.2839,0,1,10.0533,5964.65,0.861808,4.59163,203.374
1432.00,1001151,FP,2023-01-13 12:00:00,2026-08-01 00:00:00,2026-08-01,10.6797,4.64448,,10.8728,1.08728,1074.53,223.199,0,1,10.0527,5729.75,1.43566,4.37777,229.994
1433.00,1001152,FP,2023-04-10 12:00:00,2026-08-01 00:00:00,2026-08-01,2.2232,2.87612,817.547,2.26669,0.226669,1440.93,721.761,0,1,8.10551,,0.885699,3.91831,201.507
1434.00,1001153,FP,2019-05-18 12:00:00,2026-08-01 00:00:00,2026-08-01,15.6663,5.52757,19400.3,8.39172,0.839172,567.295,17.3403,0,1,7.72936,5365.8,0.589084,4.60466,71.3279
1435.00,1001154,CP,2021-07-15 12:00:00,2026-08-01 00:00:00,2026-08-01,4.42282,1.69624,3386.66,16.8087,1.68087,1932.22,2333.71,0,1,7.92635,6059.51,2.30615,4.56153,441.925
1436.00,1001155,PC,2020-02-18 12:00:00,2026-08-01 00:00:00,2026-08-01,2.01015,2.36536,344.346,8.76718,0.876718,3193.9,17422.3,0,1,11.1707,6110.74,3.6626,,141.014
1437.00,1001155,PC,2021-03-11 12:00:00,2026-08-01 00:00:00,2026-08-01,15.0764,6.66489,3805.47,26.7519,2.67519,1631.66,1186.7,0,1,11.1707,6110.74,3.6626,4.38631,141.014
1438.00,1001156,PC,2022-03-15 12:00:00,2026-08-01 00:00:00,2026-08-01,16.903,,709.06,4.21984,0.421984,1033.49,191.002,0,1,12.0842,6094.35,1.59434,4.08365,163.111
1439.00,1001157,PC,2023-06-12 12:00:00,2026-08-01 00:00:00,2026-08-01,58.478,3.22733,827.958,3.28519,0.328519,477.973,8.73846,0,1,9.9273,5331.16,1.0194,4.2796,611.942
1440.00,1001158,PC,2019-06-16 12:00:00,2026-08-01 00:00:00,2026-08-01,31.0501,1.73429,1790.89,3.36221,0.336221,450.13,6.87344,0,1,8.33195,4959.9,0.684893,3.89184,633.178
1441.00,1001159,PC,2020-01-15 12:00:00,2026-08-01 00:00:00,2026-08-01,12.1187,2.33944,1283.74,3.5907,0.35907,754.286,54.1958,0,1,11.9331,5508.28,0.832776,4.15647,163.623
1442.00,1001159,FP,2025-08-12 12:00:00,2026-08-01 00:00:00,2026-08-01,1.25347,7.39609,7538.8,7.62804,0.762804,1606.88,1116.23,0,1,11.9331,5508.28,0.832776,4.15647,163.623
1443.00,1001160,PC,2021-04-11 12:00:00,2026-08-01 00:00:00,2026-08-01,3.64414,4.8887,501.601,1.60884,,1024.3,184.305,0,1,14.3725,5669.81,0.650581,4.07864,60.7373
1444.00,1001160,PC,2024-06-16 12:00:00,2026-08-01 00:00:00,2026-08-01,2.55019,2.99488,388.36,1.4382,0.14382,1153.73,296.644,0,1,14.3725,5669.81,0.650581,4.07864,60.7373
1445.00,1001161,FP,2020-07-13 12:00:00,2026-08-01 00:00:00,2026-08-01,14.0671,3.71187,2103.05,6.55852,0.655852,823.024,76.8195,0,1,12.3343,5095.15,1.27986,,95.8575
1446.00,1001162,PC,2021-06-12 12:00:00,2026-08-01 00:00:00,2026-08-01,30.2566,4.1435,1048.07,2.33466,0.233466,507.591,11.1142,0,1,11.4976,5815.12,0.62274,4.10838,100.467
1447.00,1001163,PC,2024-01-11 12:00:00,2026-08-01 00:00:00,2026-08-01,27.3895,1.3085,434.428,2.79166,0.279166,,70.1873,0,1,11.3535,6382.75,1.21556,3.9027,178.054
1448.00,1001163,FP,2020-05-15 12:00:00,2026-08-01 00:00:00,2026-08-01,13.0134,2.25826,3375.1,7.98045,,1031.19,189.313,0,1,11.3535,6382.75,1.21556,3.9027,178.054
1449.00,1001164,PC,2023-08-10 12:00:00,2026-08-01 00:00:00,2026-08-01,14.7109,3.33517,1524.61,3.3088,0.33088,609.693,23.1349,0,1,11.6503,4708.69,0.847288,4.41226,154.988
1450.00,1001165,FP,2019-01-13 12:00:00,2026-08-01 00:00:00,2026-08-01,7.08541,5.41513,3239.84,7.57191,0.757191,1483.76,811.466,0,1,6.89705,7547.7,1.20002,4.40633,165.743
1451.00,1001166,FP,2022-06-15 12:00:00,2026-08-01 00:00:00,2026-08-01,0.44929,2.19874,247.854,1.47247,0.147247,1647.74,1234.17,0,1,10.7084,3677.9,0.991089,4.51451,197.741
1452.00,1001167,CP,2022-05-15 12:00:00,2026-08-01 00:00:00,2026-08-01,1.25444,4.5242,3181.56,11.3487,1.13487,2205.93,3964.46,0,1,12.0443,5250.97,1.72791,4.23148,124.091
1453.00,1001168,PC,2019-04-11 12:00:00,2026-08-01 00:00:00,2026-08-01,25.2268,2.34143,701.232,2.83267,0.283267,716.829,44.2063,0,1,14.5643,6197.73,0.968555,4.53262,140.032
1454.00,1001169,CP,2024-05-13 12:00:00,2026-08-01 00:00:00,2026-08-01,23.1026,2.17935,739.158,4.43925,0.443925,811.685,72.6725,0,1,9.85568,,1.33869,4.63528,204.033
1455.00,1001169,KP,2021-06-18 12:00:00,2026-08-01 00:00:00,2026-08-01,7.57967,4.2064,340.51,3.02096,0.302096,1176.86,321.157,0,1,9.85568,5796.85,1.33869,4.63528,204.033
1456.00,1001170,PC,2025-01-15 12:00:00,2026-08-01 00:00:00,2026-08-01,16.1884,1.62775,3758.34,4.52015,0.452015,663.626,,0,1,14.3234,6130.25,0.631264,4.55941,194.775
1457.00,1001171,CP,2020-03-12 12:00:00,2026-08-01 00:00:00,2026-08-01,1.64826,4.31812,2256.48,5.43365,,1514.08,879.874,0,1,11.0468,4993.33,1.07991,4.07002,94.4454
1458.00,1001172,CP,2022-06-14 12:00:00,2026-08-01 00:00:00,2026-08-01,12.305,,661.4,2.82157,0.282157,,24.0414,0,1,9.16975,4298.67,0.920038,,103.969
1459.00,1001173,PC,2024-07-12 12:00:00,2026-08-01 00:00:00,2026-08-01,132.101,4.90449,2478.41,4.32902,0.432902,312.284,1.59229,0,1,10.8845,4936.53,0.873729,3.9406,271.653
1460.00,1001174,FP,2020-05-17 12:00:00,2026-08-01 00:00:00,2026-08-01,27.5571,2.68071,5716.14,7.54707,,442.947,6.44508,0,1,9.40204,4283.39,0.821236,4.72644,278.921
1461.00,1001175,FA,2019-06-17 12:00:00,2026-08-01 00:00:00,2026-08-01,18.6472,2.5223,5453.54,6.66582,0.666582,841.616,83.9996,0,1,14.0963,7203.95,0.807881,4.16121,227.426
1462.00,1001176,CP,2025-06-13 12:00:00,2026-08-01 00:00:00,2026-08-01,4.48435,1.26118,1683.69,3.72408,0.372408,1096.87,242.353,0,1,9.17208,5447.64,0.927996,4.7314,174.443
1463.00,1001177,FP,2022-06-15 12:00:00,2026-08-01 00:00:00,2026-08-01,0.602688,8.57219,11892.6,11.8002,1.18002,1329.15,522.533,0,1,14.7179,,1.11049,4.68071,214.865
1464.00,1001178,CP,2019-03-15 12:00:00,2026-08-01 00:00:00,2026-08-01,27.6257,1.49968,898.606,5.1349,0.51349,863.026,92.8786,0,1,10.9269,6737.53,1.26213,4.34658,48.2674
1465.00,1001179,PC,2024-01-18 12:00:00,2026-08-01 00:00:00,2026-08-01,5.07181,2.11708,1682.21,,0.386447,1092.32,238.357,0,1,12.5876,5819.89,0.875319,4.44756,240.307
1466.00,1001180,CP,2020-03-17 12:00:00,2026-08-01 00:00:00,2026-08-01,1.88661,2.16778,2371.78,7.36884,0.736884,,1651.47,0,1,12.4137,5255.2,1.46156,4.10392,475.738
1467.00,1001180,PC,2020-03-12 12:00:00,2026-08-01 00:00:00,2026-08-01,2.58581,3.57834,5175.89,9.89282,0.989282,1595.42,1084.72,0,1,12.4137,5255.2,1.46156,4.10392,475.738
1468.00,1001180,FP,2021-03-17 12:00:00,2026-08-01 00:00:00,2026-08-01,1.69834,2.42537,5959.2,13.5408,1.35408,1835.4,1899.97,0,1,12.4137,,1.46156,4.10392,475.738
1469.00,1001181,PC,2024-01-10 12:00:00,2026-08-01 00:00:00,2026-08-01,9.48811,,1251.66,2.87188,0.287188,774.236,60.1608,0,1,7.90608,5202.69,0.835465,4.68729,371.553
1470.00,1001182,CP,2025-06-11 12:00:00,2026-08-01 00:00:00,2026-08-01,8.20258,3.72688,1217.8,7.24346,0.724346,1184.95,330.079,0,1,8.23882,4814.24,2.07409,4.47388,297.612
1471.00,1001183,CP,2025-03-13 12:00:00,2026-08-01 00:00:00,2026-08-01,1.90481,5.17004,1239.3,9.56241,0.956241,1882.09,2100.78,0,1,11.1849,4674.01,2.09726,4.1456,82.538
1472.00,1001184,PC,2021-05-15 12:00:00,2026-08-01 00:00:00,2026-08-01,22.4967,2.39386,2201.46,3.58294,0.358294,699.372,40.0546,0,1,11.5191,6840.52,0.701187,4.82073,365.627
1473.00,1001185,PC,2023-06-16 12:00:00,2026-08-01 00:00:00,2026-08-01,4.3473,1.2996,686.805,1.44987,0.144987,,225.521,0,1,11.1213,7066.39,0.521136,4.62391,188.69
1474.00,1001186,PC,2021-02-17 12:00:00,2026-08-01 00:00:00,2026-08-01,7.79941,4.84353,3113.33,6.20691,0.620691,1238.35,393.72,0,1,12.4905,7052.97,1.02054,4.33946,217.898
1475.00,1001187,CP,2019-07-15 12:00:00,2026-08-01 00:00:00,2026-08-01,21.0698,2.26797,520.012,4.27747,0.427747,804.618,70.1744,0,1,11.9059,5164.81,1.55846,4.13335,52.2387
1476.00,1001187,PC,2022-03-16 12:00:00,2026-08-01 00:00:00,2026-08-01,30.6231,3.59276,1488.35,6.2676,0.62676,710.33,42.6246,0,1,11.9059,5164.81,1.55846,4.13335,52.2387
1477.00,1001188,KP,2025-01-12 12:00:00,2026-08-01 00:00:00,2026-08-01,2.57408,1.67771,11934.6,17.0127,,1302.14,481.339,0,1,6.36864,4329.09,1.43039,4.50637,105.003
1478.00,1001189,PC,2019-08-13 12:00:00,2026-08-01 00:00:00,2026-08-01,7.91617,4.95197,4718.21,3.21919,0.321919,810.616,72.2904,0,1,11.4318,6758.07,0.481037,4.55553,
1479.00,1001190,PC,2023-08-12 12:00:00,2026-08-01 00:00:00,2026-08-01,0.915054,6.19774,5122.63,11.7869,1.17869,2569.24,7295.29,0,1,11.8017,5751.34,1.58327,4.40696,173.16
1480.00,1001191,PC,2021-08-13 12:00:00,2026-08-01 00:00:00,2026-08-01,1.35786,2.25041,6197.76,15.4939,1.54939,2261.54,4379.61,0,1,11.3496,5573.5,1.69944,4.50335,198.622
1481.00,1001192,CP,2024-08-15 12:00:00,2026-08-01 00:00:00,2026-08-01,5.89612,3.78202,7797.51,,0.908344,1118.14,261.704,0,1,10.149,6140.66,0.910878,4.25361,268.776
1482.00,1001193,CP,2024-04-13 12:00:00,2026-08-01 00:00:00,2026-08-01,6.89866,6.318,1117.1,6.7761,0.67761,1587.81,1064.18,0,1,11.4279,6735,1.69544,4.30288,194.319
1483.00,1001193,PC,2021-07-15 12:00:00,2026-08-01 00:00:00,2026-08-01,0.85609,5.15807,1460.94,7.64068,0.764068,3183.32,17192.7,0,1,11.4279,6735,1.69544,4.30288,194.319
1484.00,1001193,PC,2024-08-18 12:00:00,2026-08-01 00:00:00,2026-08-01,19.7566,4.6083,9805.12,20.1686,2.01686,1118.11,261.669,0,1,11.4279,6735,1.69544,4.30288,194.319
1485.00,1001194,FP,2024-01-15 12:00:00,2026-08-01 00:00:00,2026-08-01,4.11867,2.62769,11938.3,9.84037,0.984037,1128.22,271.269,0,1,11.8669,5592.05,0.880378,4.61663,615.985
1486.00,1001195,PC,2019-04-16 12:00:00,2026-08-01 00:00:00,2026-08-01,13.9993,2.10414,1161.02,4.05145,0.405145,907.853,113.732,0,1,12.5621,5783.06,1.20495,4.12947,492.573
1487.00,1001196,FP,2024-02-14 12:00:00,2026-08-01 00:00:00,2026-08-01,5.99377,3.14038,9990.18,21.967,2.1967,1419.21,679.216,0,1,12.4802,5462.12,1.87508,4.43954,120.142
1488.00,1001197,PC,2025-02-17 12:00:00,2026-08-01 00:00:00,2026-08-01,13.8114,3.39899,2305.85,10.0584,1.00584,979.81,154.308,0,1,11.521,5050.45,1.82375,4.49962,327.058
1489.00,1001198,FP,2024-04-16 12:00:00,2026-08-01 00:00:00,2026-08-01,12.4125,2.01741,1098.44,2.71111,0.271111,585.622,19.692,0,1,12.0899,4637.85,0.71949,4.4197,178.019
1490.00,1001199,PC,2020-08-17 12:00:00,2026-08-01 00:00:00,2026-08-01,1.15462,3.27577,1006.08,2.81896,0.281896,1720.54,1467.17,0,1,11.0487,6018.2,0.757196,4.12725,99.5621
1491.00,1001200,FP,2021-04-14 12:00:00,2026-08-01 00:00:00,2026-08-01,1.21631,4.57564,11458.2,10.8093,1.08093,2165.76,3683.5,0,1,11.708,6946.37,0.932361,4.54588,132.92
1492.00,1001201,PC,2024-06-13 12:00:00,2026-08-01 00:00:00,2026-08-01,6.08646,,1833.76,1.53087,0.153087,583.285,19.3795,0,1,11.6184,5069.42,0.371482,4.63895,244.726
1493.00,1001202,PC,2022-02-16 12:00:00,2026-08-01 00:00:00,2026-08-01,16.8955,3.58275,5207.12,10.1388,1.01388,1102.82,247.655,0,1,,7261.35,1.27843,4.84819,135.026
1494.00,1001203,PC,2022-07-10 12:00:00,2026-08-01 00:00:00,2026-08-01,4.78199,2.97085,650.154,4.16287,0.416287,1203.37,351.09,0,1,11.588,5276.16,1.24285,4.37539,191.517
1495.00,1001203,APC,2023-08-15 12:00:00,2026-08-01 00:00:00,2026-08-01,3.00655,4.70154,,13.6721,1.36721,1404.69,651.837,0,1,11.588,5276.16,1.24285,4.37539,191.517
1496.00,1001203,FP,2022-02-14 12:00:00,2026-08-01 00:00:00,2026-08-01,0.265416,3.76656,4045.55,8.43967,0.843967,3154.72,16582.9,0,1,11.588,5276.16,1.24285,4.37539,191.517
1497.00,1001204,PC,2021-04-12 12:00:00,2026-08-01 00:00:00,2026-08-01,3.28905,4.36641,3159.07,3.77524,0.377524,1108.91,253.17,0,1,10.264,6009.56,0.63388,4.18304,73.3544
1498.00,1001205,PC,2022-06-10 12:00:00,2026-08-01 00:00:00,2026-08-01,3.2505,3.98088,458.42,2.10475,0.210475,1093.84,239.683,0,1,9.10682,4832.21,0.946454,4.19741,83.3357
1499.00,1001206,APC,2022-01-14 12:00:00,2026-08-01 00:00:00,2026-08-01,1.77971,2.18475,,3.13447,0.313447,1552.56,972.776,0,1,9.42297,5893.85,0.85779,4.73122,250.582
1500.00,1001207,PC,2019-08-13 12:00:00,2026-08-01 00:00:00,2026-08-01,1.78756,4.00845,14001,29.0365,2.90365,1859.41,2001.34,0,1,13.3903,4713.22,1.92962,4.2812,165.774
1501.00,1001208,FA,2021-03-15 12:00:00,2026-08-01 00:00:00,2026-08-01,,3.847,1866.94,7.02793,0.702793,1325.92,517.473,0,1,10.365,4226.08,1.59422,4.27281,96.5027
1502.00,1001209,CP,2019-04-14 12:00:00,2026-08-01 00:00:00,2026-08-01,3.14558,5.7322,2179.27,3.8461,0.38461,1593.17,1078.63,0,1,10.7374,7661.33,0.781451,3.93135,346.054
1503.00,1001210,CP,2022-08-18 12:00:00,2026-08-01 00:00:00,2026-08-01,3.91396,1.91159,1232.96,2.55255,0.255255,1045.62,200.128,0,1,9.89908,5630.52,,4.53039,151.435
1504.00,1001210,FP,2024-08-12 12:00:00,2026-08-01 00:00:00,2026-08-01,8.10672,,4939.8,5.65613,0.565613,820.281,75.8003,0,1,9.89908,5630.52,0.720957,4.53039,151.435
1505.00,1001211,PC,2020-04-14 12:00:00,2026-08-01 00:00:00,2026-08-01,1.06383,5.97615,2044.81,4.7508,0.47508,1672.14,1308.93,0,1,10.3824,5183.14,0.912979,4.66483,284.411
1506.00,1001211,FP,2022-03-12 12:00:00,2026-08-01 00:00:00,2026-08-01,13.3819,2.19691,4847.1,7.26356,0.726356,718.994,44.7426,0,1,10.3824,5183.14,0.912979,4.66483,284.411
1507.00,1001212,APC,2021-02-15 12:00:00,2026-08-01 00:00:00,2026-08-01,8.89701,1.77962,950.414,4.982,0.4982,1057.51,209.393,0,1,11.2075,4942.16,1.65482,4.01032,456.341
1508.00,1001213,FP,2023-03-12 12:00:00,2026-08-01 00:00:00,2026-08-01,6.33608,3.9525,5406.89,5.27167,0.527167,836.448,81.955,0,1,8.84194,5908.77,0.577582,4.27979,161.238
1509.00,1001214,CP,2021-08-18 12:00:00,2026-08-01 00:00:00,2026-08-01,1.04088,2.50583,2415.39,4.85804,0.485804,2307.03,4742.77,0,1,8.8031,6510.06,1.08572,4.33431,94.237
1510.00,1001215,FP,2023-04-14 12:00:00,2026-08-01 00:00:00,2026-08-01,9.25678,,1005.44,2.84371,0.284371,519.182,12.1646,0,1,10.3558,3702.23,0.729797,4.84482,184.575
1511.00,1001216,PC,2021-06-11 12:00:00,2026-08-01 00:00:00,2026-08-01,23.7343,2.40283,158.21,2.05424,0.205424,837.181,82.2429,0,1,13.0231,5865.07,1.41643,4.39626,57.872
1512.00,1001217,CP,2025-06-15 12:00:00,2026-08-01 00:00:00,2026-08-01,6.20682,3.03673,825.99,4.8163,0.48163,1374.31,597.258,0,1,9.26775,5898.05,1.54354,4.37809,88.7984
1513.00,1001218,FP,2020-06-11 12:00:00,2026-08-01 00:00:00,2026-08-01,0.362041,6.29605,2047.57,4.56365,0.456365,2591.65,7553.1,0,1,10.7868,5749.94,0.868656,4.39131,114.482
1514.00,1001219,FP,2020-02-15 12:00:00,2026-08-01 00:00:00,2026-08-01,6.79069,1.95793,4674.23,13.3624,1.33624,1273.5,440.37,0,1,10.1966,5762.95,1.47401,4.45033,79.7999
1515.00,1001220,PC,2024-05-12 12:00:00,2026-08-01 00:00:00,2026-08-01,5.57909,7.66609,1807.61,4.43655,0.443655,990.475,161.137,0,1,10.4217,5077.88,1.00743,3.81085,
1516.00,1001221,FP,2021-06-15 12:00:00,2026-08-01 00:00:00,2026-08-01,16.5118,2.25246,9455.69,9.13934,0.913934,,48.6368,0,1,9.20442,6277.62,0.746498,4.13503,342.904
1517.00,1001222,PC,2025-05-17 12:00:00,2026-08-01 00:00:00,2026-08-01,9.57866,4.75199,1966.08,6.0815,0.60815,,192.45,0,1,10.5704,5410.73,,4.58465,55.0843
1518.00,1001223,PC,2023-03-11 12:00:00,2026-08-01 00:00:00,2026-08-01,3.17799,7.81572,16208.2,27.7965,2.77965,1524.88,905.245,0,1,9.86554,4570.23,2.02558,,178.673
1519.00,1001224,PC,2020-05-15 12:00:00,2026-08-01 00:00:00,2026-08-01,6.96142,2.38392,291.843,3.902,0.3902,1351.06,557.857,0,1,8.74452,5548.37,1.81971,4.36801,399.961
1520.00,1001225,PC,2020-01-15 12:00:00,2026-08-01 00:00:00,2026-08-01,6.45988,2.16677,708.516,3.89314,0.389314,1412.93,667.264,0,1,9.29914,7041.26,1.17563,4.48377,
1521.00,1001226,PC,2019-05-17 12:00:00,2026-08-01 00:00:00,2026-08-01,2.85792,1.3021,5986.63,10.9092,1.09092,1316.31,502.642,0,1,11.4216,5000.29,1.17475,4.70585,237.167
1522.00,1001227,PC,2019-08-17 12:00:00,2026-08-01 00:00:00,2026-08-01,15.1692,3.6082,2867.53,5.67722,0.567722,678.817,35.5494,0,1,9.61498,4606.68,1.12001,,239.485
1523.00,1001227,PC,2025-03-14 12:00:00,2026-08-01 00:00:00,2026-08-01,29.0835,4.54234,1188.9,3.18183,0.318183,546.418,14.9252,0,1,9.61498,4606.68,,4.61847,239.485
1524.00,1001228,PC,2024-04-18 12:00:00,2026-08-01 00:00:00,2026-08-01,16.337,5.33325,355.261,1.67166,0.167166,982.721,156.15,0,1,11.9067,7268.55,0.990673,4.54679,205.996
1525.00,1001229,CP,2023-07-16 12:00:00,2026-08-01 00:00:00,2026-08-01,40.8104,,871.47,2.86487,0.286487,490.73,,0,1,11.7633,5459.59,0.806113,4.45625,160.813
1526.00,1001229,PC,2019-03-13 12:00:00,2026-08-01 00:00:00,2026-08-01,35.8131,2.49356,16064.6,11.1168,,512.569,11.5566,0,1,11.7633,5459.59,0.806113,4.45625,160.813
1527.00,1001229,CP,2019-02-16 12:00:00,2026-08-01 00:00:00,2026-08-01,95.8173,2.39013,4023.58,5.08021,0.508021,369.219,3.11142,0,1,11.7633,5459.59,0.806113,4.45625,
1528.00,1001230,PC,2022-06-18 12:00:00,2026-08-01 00:00:00,2026-08-01,0.510397,5.66788,5124.04,17.7777,1.77777,4698.03,,0,1,10.0685,7062.32,2.37899,4.19987,238.329
1529.00,1001231,APC,2019-01-15 12:00:00,2026-08-01 00:00:00,2026-08-01,38.7044,5.90057,580.031,3.7895,0.37895,731.154,47.8472,0,1,11.5178,6006.67,1.42705,4.66359,853.622
1530.00,1001232,FP,2019-07-18 12:00:00,2026-08-01 00:00:00,2026-08-01,5.6151,3.9954,23244,21.227,2.1227,1445,729.942,0,1,11.4038,6372.21,1.36744,4.31515,243.697
1531.00,1001233,FP,2019-01-16 12:00:00,2026-08-01 00:00:00,2026-08-01,32.7169,2.04285,3296.04,5.86066,0.586066,596.941,21.2592,0,1,9.67209,5715.87,0.93914,4.49732,161.506
1532.00,1001234,FP,2020-04-12 12:00:00,2026-08-01 00:00:00,2026-08-01,,2.9293,1286.78,3.50759,0.350759,1499.07,845.494,0,1,11.262,7701.68,0.698081,4.71911,212.191
1533.00,1001234,PC,2024-01-17 12:00:00,2026-08-01 00:00:00,2026-08-01,1.73297,5.45009,1147.75,2.77761,0.277761,1846.5,,0,1,,7701.68,0.698081,4.71911,212.191
1534.00,1001234,PC,2019-07-11 12:00:00,2026-08-01 00:00:00,2026-08-01,10.6207,2.11788,,3.26494,0.326494,1009.01,173.541,0,1,11.262,7701.68,0.698081,4.71911,212.191
1535.00,1001235,PC,2022-05-13 12:00:00,2026-08-01 00:00:00,2026-08-01,5.24921,1.31682,394.881,2.22736,0.222736,844.462,85.1415,0,1,8.12326,4238.37,1.00928,4.19537,
1536.00,1001235,FA,2024-08-13 12:00:00,2026-08-01 00:00:00,2026-08-01,4.27344,4.36566,6382.75,10.7421,1.07421,904.383,112.003,0,1,8.12326,4238.37,1.00928,4.19537,288.63
1537.00,1001236,PC,2020-02-15 12:00:00,2026-08-01 00:00:00,2026-08-01,12.4133,2.75558,1583.95,7.82445,0.782445,1070.27,219.683,0,1,11.658,5358.28,1.80043,4.08467,139.601
1538.00,1001237,FP,2025-01-17 12:00:00,2026-08-01 00:00:00,2026-08-01,17.244,4.08505,7903.95,16.3372,1.63372,1150.14,292.969,0,1,12.5793,7297.57,1.39557,4.49049,
1539.00,1001238,PC,2019-02-17 12:00:00,2026-08-01 00:00:00,2026-08-01,6.08746,3.05612,5425.78,7.03088,0.703088,873.986,97.6874,0,1,10.822,,1.02035,4.62903,182.465
1540.00,1001239,APC,2020-04-13 12:00:00,2026-08-01 00:00:00,2026-08-01,15.4095,5.10787,5224.51,6.27327,0.627327,745.032,51.5846,0,1,11.0327,5588.58,,4.37145,237.305
1541.00,1001240,PC,2023-07-14 12:00:00,2026-08-01 00:00:00,2026-08-01,2.30617,,2449.91,3.41138,0.341138,1060.7,211.927,0,1,13.4843,5414.25,0.563921,3.70728,390.762
1542.00,1001241,PC,2019-07-12 12:00:00,2026-08-01 00:00:00,2026-08-01,13.0097,3.77985,5392.07,8.59049,0.859049,854.236,89.1521,0,1,11.1473,5389.84,1.16958,4.60663,64.4212
1543.00,1001242,FP,2025-03-14 12:00:00,2026-08-01 00:00:00,2026-08-01,3.21381,2.90819,,6.0345,0.60345,1058.57,210.23,0,1,9.2611,3831.68,1.39912,4.48755,452.846
1544.00,1001243,PC,2019-03-17 12:00:00,2026-08-01 00:00:00,2026-08-01,,3.87746,1791.4,4.17676,0.417676,,,0,1,10.5064,5242.93,0.953953,4.29884,148.243
1545.00,1001244,PC,2025-05-15 12:00:00,2026-08-01 00:00:00,2026-08-01,13.6662,3.67344,1048.63,2.90031,,760.727,56.0707,0,1,8.99025,5919.95,0.794517,4.45532,142.371
1546.00,1001244,PC,2020-07-14 12:00:00,2026-08-01 00:00:00,2026-08-01,5.57787,2.35549,1865.13,4.01302,0.401302,1025.55,185.201,0,1,8.99025,,0.794517,4.45532,142.371
1547.00,1001244,FP,2021-01-15 12:00:00,2026-08-01 00:00:00,2026-08-01,2.87786,2.27342,2887.67,4.40066,0.440066,1278.66,447.548,0,1,8.99025,5919.95,0.794517,4.45532,142.371
1548.00,1001245,FP,2023-01-13 12:00:00,2026-08-01 00:00:00,2026-08-01,13.0171,5.27905,3551.38,6.39171,0.639171,690.921,38.1535,0,1,9.72528,4775.8,0.974894,4.68554,186.367
1549.00,1001245,CP,2020-07-10 12:00:00,2026-08-01 00:00:00,2026-08-01,4.77624,1.42356,1026.26,3.05601,0.305601,965.097,145.246,0,1,9.72528,4775.8,0.974894,4.68554,186.367
1550.00,1001246,FP,2019-06-13 12:00:00,2026-08-01 00:00:00,2026-08-01,2.45303,3.16812,4039.88,3.24444,0.324444,877.358,99.2036,0,1,10.8693,4622.18,0.551626,4.28476,374.294
1551.00,1001246,FA,2023-02-16 12:00:00,2026-08-01 00:00:00,2026-08-01,24.7626,4.1711,1217.16,2.42909,,405.955,4.5471,0,1,10.8693,4622.18,0.551626,4.28476,374.294
1552.00,1001247,PC,2022-02-10 12:00:00,2026-08-01 00:00:00,2026-08-01,1.6224,7.09621,2855.79,4.94733,0.494733,1199.58,,0,1,10.0371,4559.83,0.804364,4.33018,601.063
1553.00,1001248,PC,2024-06-15 12:00:00,2026-08-01 00:00:00,2026-08-01,,3.54984,488.622,2.64291,0.264291,1218.62,369.225,0,1,10.9967,6113.53,0.92048,4.72018,92.3679
1554.00,1001248,FP,2024-05-11 12:00:00,2026-08-01 00:00:00,2026-08-01,2.89897,3.54314,5695.62,7.72011,0.772011,1417.84,676.59,0,1,10.9967,6113.53,0.92048,4.72018,92.3679
1555.00,1001248,FP,2024-06-18 12:00:00,2026-08-01 00:00:00,2026-08-01,9.81598,4.51315,3308.8,5.84302,0.584302,944.198,133.068,0,1,10.9967,6113.53,0.92048,4.72018,92.3679
1556.00,1001249,CP,2022-01-12 12:00:00,2026-08-01 00:00:00,2026-08-01,9.80614,4.41288,1397.57,2.1737,0.21737,709.637,42.4586,0,1,9.72431,5578.08,0.624144,4.79384,203.863
1557.00,1001250,PC,2021-03-17 12:00:00,2026-08-01 00:00:00,2026-08-01,12.8443,1.5278,1688.12,3.90935,0.390935,798.904,68.2024,0,1,14.8129,5396.02,1.01197,4.64814,83.7906
1558.00,1001251,FP,2023-04-11 12:00:00,2026-08-01 00:00:00,2026-08-01,12.2212,5.91793,2453.87,5.41101,0.541101,742.219,50.8101,0,1,10.1093,5067.74,0.957992,,123.737
1559.00,1001252,CP,2025-06-15 12:00:00,2026-08-01 00:00:00,2026-08-01,10.6674,1.46244,1231.76,2.73088,0.273088,758.466,55.4071,0,1,9.32017,5941.96,0.664613,4.84205,234.909
1560.00,1001253,PC,2024-01-10 12:00:00,2026-08-01 00:00:00,2026-08-01,0.818418,5.59198,5373.28,6.3153,0.63153,1640.28,1211.97,0,1,10.077,4840.9,0.845574,5.14276,242.802
1561.00,1001254,PC,2019-03-17 12:00:00,2026-08-01 00:00:00,2026-08-01,6.98447,4.67886,2904.92,4.41675,0.441675,779.056,61.673,0,1,12.5986,4790.64,0.813373,4.55803,372.317
1562.00,1001255,FP,2024-08-12 12:00:00,2026-08-01 00:00:00,2026-08-01,3.43812,4.53765,1489.76,4.1811,0.41811,1293.92,469.298,0,1,11.3654,5692.65,0.990638,4.44986,429.653
1563.00,1001256,FP,2020-06-10 12:00:00,2026-08-01 00:00:00,2026-08-01,5.08141,5.41073,4459.5,9.65206,0.965206,1439.31,718.512,0,1,11.5646,6064.96,1.40117,4.29381,207.661
1564.00,1001257,FP,2024-06-18 12:00:00,2026-08-01 00:00:00,2026-08-01,5.49865,3.35542,2711.6,9.04694,0.904694,1564.83,1003.89,0,1,8.8442,6596.23,1.47581,4.11214,118.794
1565.00,1001258,PC,2024-04-14 12:00:00,2026-08-01 00:00:00,2026-08-01,29.3936,3.91219,1045.73,2.1938,0.21938,438.955,6.21585,0,1,12.8487,4745.5,0.685954,,210.476
1566.00,1001259,FP,2024-02-13 12:00:00,2026-08-01 00:00:00,2026-08-01,2.0763,1.20291,6693.96,9.23168,0.923168,1505.04,859.045,0,1,11.1734,5578.53,0.997168,4.80986,96.7571
1567.00,1001260,APC,2022-03-12 12:00:00,2026-08-01 00:00:00,2026-08-01,11.2269,3.16478,2704.65,6.64472,0.664472,999.536,167.115,0,1,9.63004,6581.26,0.973501,4.46096,503.877
1568.00,1001261,FP,2021-07-15 12:00:00,2026-08-01 00:00:00,2026-08-01,1.92174,5.23028,13750.5,12.6042,1.26042,1416.88,674.759,0,1,7.93344,5164.13,0.979448,4.28218,157.608
1569.00,1001262,PC,2022-02-17 12:00:00,2026-08-01 00:00:00,2026-08-01,12.883,3.32548,1851.4,4.1645,0.41645,356.695,2.71024,0,1,11.6034,2755.96,0.774891,4.57198,145.666
1570.00,1001262,PC,2022-01-10 12:00:00,2026-08-01 00:00:00,2026-08-01,6.37197,4.58064,13379.7,10.1274,1.01274,,6.92887,0,1,11.6034,2755.96,0.774891,4.57198,145.666
1571.00,1001263,PC,2023-07-10 12:00:00,2026-08-01 00:00:00,2026-08-01,17.6412,2.90018,1354.5,4.51566,,657.636,31.3158,0,1,9.27428,4980.08,0.994721,4.57987,120.688
1572.00,1001264,APC,2020-08-11 12:00:00,2026-08-01 00:00:00,2026-08-01,10.0485,3.07141,2457.09,4.84869,0.484869,664.285,32.6016,0,1,10.6734,4393.57,0.896036,4.4487,198.493
1573.00,1001265,FP,2021-06-16 12:00:00,2026-08-01 00:00:00,2026-08-01,1.19474,4.46305,15214,9.51321,0.951321,1347.73,552.369,0,1,10.1635,5241.72,0.626549,4.42501,285.829
1574.00,1001266,PC,2023-07-17 12:00:00,2026-08-01 00:00:00,2026-08-01,8.26856,2.25903,,6.02498,0.602498,695.156,39.0976,0,1,13.2445,5573.71,0.535402,4.54544,76.2287
1575.00,1001266,PC,2025-01-10 12:00:00,2026-08-01 00:00:00,2026-08-01,15.4867,2.58403,1033.47,2.26406,0.226406,563.948,16.9347,0,1,13.2445,5573.71,0.535402,4.54544,76.2287
1576.00,1001267,PC,2022-04-12 12:00:00,2026-08-01 00:00:00,2026-08-01,20.328,4.23242,4181.84,4.50163,0.450163,,7.77026,0,1,8.31301,5129.15,0.513408,4.88983,475.684
1577.00,1001268,PC,2021-03-10 12:00:00,2026-08-01 00:00:00,2026-08-01,68.0938,2.7539,4655.7,8.48798,0.848798,503.993,10.8023,0,1,11.2261,5703.34,1.09609,4.07559,272.969
1578.00,1001269,PC,2020-05-13 12:00:00,2026-08-01 00:00:00,2026-08-01,42.5185,6.75015,2079.57,6.96282,0.696282,616.406,,0,1,11.0381,5030.19,1.53981,3.95698,187.502
1579.00,1001270,FA,2020-07-12 12:00:00,2026-08-01 00:00:00,2026-08-01,0.638022,5.00543,4606.32,9.85423,0.985423,3265.56,19039.4,0,1,14.1633,7124.17,1.31075,4.12204,115.488
1580.00,1001271,FP,2019-06-11 12:00:00,2026-08-01 00:00:00,2026-08-01,,6.19529,4580.09,5.84934,0.584934,1164.19,307.553,0,1,9.50434,4907.21,,4.25141,279.338
1581.00,1001272,PC,2020-01-11 12:00:00,2026-08-01 00:00:00,2026-08-01,51.85,4.22546,1727.89,4.39145,0.439145,471.87,8.30063,0,1,11.6431,4922.84,1.07538,4.29462,442.078
1582.00,1001273,PC,2020-05-10 12:00:00,2026-08-01 00:00:00,2026-08-01,41.3704,2.1201,807.873,3.7131,0.37131,635.094,27.2379,0,1,10.0168,5918.02,1.15958,4.28837,201.599
1583.00,1001273,PC,2023-07-12 12:00:00,2026-08-01 00:00:00,2026-08-01,1.31973,1.59944,795.859,3.99721,0.399721,2002.5,2692.23,0,1,10.0168,5918.02,1.15958,4.28837,201.599
1584.00,1001274,FP,2020-04-11 12:00:00,2026-08-01 00:00:00,2026-08-01,7.12818,3.22298,2365.35,5.08859,0.508859,1173.97,318.016,0,1,11.5495,7325.26,0.800763,4.35679,179.335
1585.00,1001275,FP,2021-08-15 12:00:00,2026-08-01 00:00:00,2026-08-01,12.8377,7.8411,2949.67,4.11601,0.411601,598.824,21.5288,0,1,9.00368,5184.41,0.615708,4.77122,472.309
1586.00,1001276,PC,2020-03-15 12:00:00,2026-08-01 00:00:00,2026-08-01,41.1602,1.90748,3109.88,3.6281,0.36281,431.657,5.81265,0,1,9.55191,5140.75,0.707498,4.79768,217.298
1587.00,1001277,PC,2022-06-12 12:00:00,2026-08-01 00:00:00,2026-08-01,14.1032,4.97868,1955.27,5.65653,0.565653,871.991,96.7984,0,1,10.9738,5532.74,1.2205,,228.907
1588.00,1001278,FP,2022-01-12 12:00:00,2026-08-01 00:00:00,2026-08-01,5.66201,4.94526,4577.74,5.72981,0.572981,,257.88,0,1,,6551.13,0.773268,4.51117,127.391
1589.00,1001279,PC,2020-08-13 12:00:00,2026-08-01 00:00:00,2026-08-01,0.964187,2.43705,1137.93,3.21098,0.321098,1299.14,476.914,0,1,9.3423,3975.15,0.877457,4.1994,243.757
1590.00,1001280,FP,2021-01-18 12:00:00,2026-08-01 00:00:00,2026-08-01,12.0222,7.48686,3548.48,8.73024,0.873024,626.061,25.721,0,1,12.5937,3669.67,1.28574,4.82438,173.283
1591.00,1001281,FP,2024-02-14 12:00:00,2026-08-01 00:00:00,2026-08-01,12.873,3.30738,12315.6,19.2966,,1262.91,425.903,0,1,10.4729,6631.83,,4.82497,367.884
1592.00,1001282,PC,2025-05-18 12:00:00,2026-08-01 00:00:00,2026-08-01,6.58483,4.9833,642.693,2.90857,0.290857,,191.64,0,1,,5449.84,1.06524,4.45524,132.052
1593.00,1001283,PC,2021-06-15 12:00:00,2026-08-01 00:00:00,2026-08-01,6.2749,5.89125,2375.7,10.159,1.0159,1148.28,291.075,0,1,11.0222,4441.72,1.91387,,223.429
1594.00,1001284,PC,2019-01-15 12:00:00,2026-08-01 00:00:00,2026-08-01,6.07513,2.72634,1928.47,6.35544,0.635544,1241.32,397.519,0,1,9.32184,6257.22,1.10296,,263.079
1595.00,1001285,PC,2025-04-15 12:00:00,2026-08-01 00:00:00,2026-08-01,,3.85336,1023.48,1.97918,0.197918,401.682,4.35863,0,1,11.0358,5858.64,0.571999,4.39964,183.547
1596.00,1001285,FP,2019-07-18 12:00:00,2026-08-01 00:00:00,2026-08-01,18.8683,4.0837,7700.95,5.52722,0.552722,573.666,18.1325,0,1,11.0358,5858.64,0.571999,4.39964,183.547
1597.00,1001286,PC,2023-06-16 12:00:00,2026-08-01 00:00:00,2026-08-01,3.84085,2.0451,1980.29,3.36144,0.336144,,79.8106,0,1,9.63434,4554.42,0.687157,4.36981,
1598.00,1001287,CP,2025-06-15 12:00:00,2026-08-01 00:00:00,2026-08-01,9.80077,3.18541,1611.77,3.23551,0.323551,668.44,33.425,0,1,7.70302,5233.26,0.628934,4.31049,145.665
1599.00,1001288,CP,2025-05-14 12:00:00,2026-08-01 00:00:00,2026-08-01,1.87647,3.59123,852.809,3.90564,0.390564,1699.53,1396.8,0,1,9.3752,5693.25,1.14116,4.42065,266.712
1600.00,1001289,PC,2019-02-18 12:00:00,2026-08-01 00:00:00,2026-08-01,6.24441,3.10544,1435.79,3.57184,0.357184,1273.99,441.04,0,1,12.4035,7035.82,0.935861,4.43183,121.835
1601.00,1001289,PC,2024-08-10 12:00:00,2026-08-01 00:00:00,2026-08-01,29.5543,1.85264,854.338,3.49946,0.349946,758.789,55.5016,0,1,12.4035,7035.82,0.935861,4.43183,121.835
1602.00,1001290,PC,2023-04-15 12:00:00,2026-08-01 00:00:00,2026-08-01,16.762,1.57986,2402.82,6.31172,0.631172,955.459,139.53,0,1,11.6479,6362.59,1.24324,4.45774,163.079
1603.00,1001291,CP,2025-08-13 12:00:00,2026-08-01 00:00:00,2026-08-01,1.88145,2.58439,369.565,0.548586,0.0548586,854.125,89.1061,0,1,8.83996,5844.84,0.273954,4.40633,168.659
1604.00,1001292,PC,2019-08-17 12:00:00,2026-08-01 00:00:00,2026-08-01,7.97092,4.25505,514.788,3.06298,0.306298,824.62,77.4169,0,1,10.9152,4529.39,1.11331,4.4372,258.295
1605.00,1001293,PC,2020-05-17 12:00:00,2026-08-01 00:00:00,2026-08-01,21.5427,2.27616,390.982,2.26204,0.226204,613.508,23.7193,0,1,11.2238,4776.1,1.07534,4.32096,80.2461
1606.00,1001294,PC,2025-05-17 12:00:00,2026-08-01 00:00:00,2026-08-01,4.5832,2.41171,19947,34.1785,3.41785,1822.64,1847.67,0,1,14.944,5625.33,2.43819,4.37011,359.566
1607.00,1001295,CP,2022-05-15 12:00:00,2026-08-01 00:00:00,2026-08-01,1.15436,3.79942,2488.63,3.97479,0.397479,1495.8,838.138,0,1,11.0843,5404.93,0.709434,3.89451,216.489
1608.00,1001296,FP,2023-01-16 12:00:00,2026-08-01 00:00:00,2026-08-01,4.44899,6.44341,1615.69,5.93081,,1713.63,1443.75,0,1,9.94473,6641.62,1.51581,4.36428,92.4683
1609.00,1001297,PC,2025-07-13 12:00:00,2026-08-01 00:00:00,2026-08-01,2.35183,3.48175,1434.65,2.46688,0.246688,1151.79,294.656,0,1,12.015,,0.674863,4.24626,125.763
1610.00,1001298,KP,2022-05-18 12:00:00,2026-08-01 00:00:00,2026-08-01,6.11472,3.8107,1535.34,3.96213,,988.592,159.915,0,1,10.0415,5747.86,0.832637,,130.157
1611.00,1001299,PC,2024-07-11 12:00:00,2026-08-01 00:00:00,2026-08-01,3.38128,7.2028,1858.15,6.96211,0.696211,1473.83,789.964,0,1,11.0322,5186.19,1.53145,4.28921,209.501
1612.00,1001299,PC,2021-06-12 12:00:00,2026-08-01 00:00:00,2026-08-01,13.1305,5.85775,3337.15,9.48282,0.948282,937.662,,0,1,11.0322,5186.19,1.53145,4.28921,209.501
1613.00,1001300,CP,2020-04-17 12:00:00,2026-08-01 00:00:00,2026-08-01,18.818,2.87943,1473.96,5.72658,,791.511,65.7125,0,1,10.7836,5370.4,1.2936,4.17169,198.311
1614.00,1001301,CP,2020-08-14 12:00:00,2026-08-01 00:00:00,2026-08-01,42.2169,3.04667,559.191,2.23705,0.223705,613.816,23.767,0,1,9.52307,6362.17,0.949965,4.14279,286.837
1615.00,1001302,PC,2022-08-13 12:00:00,2026-08-01 00:00:00,2026-08-01,4.07432,2.02672,702.936,2.54374,0.254374,1125.36,268.528,0,1,10.8821,,0.828065,4.19767,63.182
1616.00,1001303,APC,2021-01-17 12:00:00,2026-08-01 00:00:00,2026-08-01,3.01337,2.38557,4716.07,8.11084,0.811084,1061.19,212.321,0,1,12.6621,4224.21,1.10827,4.46365,229.857
1617.00,1001304,PC,2021-05-16 12:00:00,2026-08-01 00:00:00,2026-08-01,3.32404,4.1554,4024,4.64839,0.464839,1047.86,201.852,0,1,13.4325,5078.25,0.798252,4.57027,121.665
1618.00,1001305,FP,2021-06-17 12:00:00,2026-08-01 00:00:00,2026-08-01,12.7795,8.41367,23231.4,29.4499,2.94499,1282.73,453.276,0,1,8.81051,6920.57,1.58069,4.24163,309.987
1619.00,1001306,PC,2021-03-10 12:00:00,2026-08-01 00:00:00,2026-08-01,2.55852,2.54445,,3.66728,0.366728,1319.86,508.082,0,1,10.9432,5102.06,1.05376,4.37561,192.424
1620.00,1001307,KP,2022-06-12 12:00:00,2026-08-01 00:00:00,2026-08-01,13.5949,2.69798,5676.03,5.40598,0.540598,737.756,49.5988,0,1,9.61974,5966.34,0.733121,4.43035,450.151
1621.00,1001308,FA,2022-01-15 12:00:00,2026-08-01 00:00:00,2026-08-01,4.13675,6.83474,2258.65,5.5824,0.55824,1414.38,,0,1,9.45748,6279.31,1.10052,4.19909,487.886
1622.00,1001309,PC,2022-01-16 12:00:00,2026-08-01 00:00:00,2026-08-01,20.0766,3.97127,588.142,5.44933,0.544933,977.075,152.593,0,1,11.2741,5384.25,2.04762,4.75133,311.23
1623.00,1001309,PC,2023-02-14 12:00:00,2026-08-01 00:00:00,2026-08-01,4.98174,2.42528,300.033,4.14055,0.414055,1554.88,978.615,0,1,11.2741,,2.04762,4.75133,311.23
1624.00,1001310,FP,2022-03-16 12:00:00,2026-08-01 00:00:00,2026-08-01,0.341402,4.12191,2860.84,4.51259,0.451259,2512.3,6669.74,0,1,10.4979,5892.38,0.747464,4.30068,256.791
1625.00,1001311,PC,2024-07-18 12:00:00,2026-08-01 00:00:00,2026-08-01,0.887454,1.60808,2462.13,,0.667179,2574.24,7352.21,0,1,11.1781,7175.52,1.00047,4.04347,291.7
1626.00,1001312,PC,2025-01-10 12:00:00,2026-08-01 00:00:00,2026-08-01,3.64625,2.68607,1477.62,2.3993,0.23993,1024.46,184.415,0,1,10.7935,,0.6503,3.89051,363.596
1627.00,1001312,PC,2019-03-12 12:00:00,2026-08-01 00:00:00,2026-08-01,,1.65979,2074.85,2.9827,0.29827,646.222,29.1976,0,1,10.7935,5672.98,0.6503,3.89051,363.596
1628.00,1001313,CP,2024-07-11 12:00:00,2026-08-01 00:00:00,2026-08-01,2.41223,2.2078,1646.32,2.77869,0.277869,1225.19,377.255,0,1,11.3484,6111.85,0.608401,4.19338,167.892
1629.00,1001314,PC,2024-04-10 12:00:00,2026-08-01 00:00:00,2026-08-01,3.51253,9.18564,1791.77,3.20754,0.320754,1219.43,370.214,0,1,11.1001,5841.09,,4.17305,373.868
1630.00,1001315,APC,2021-03-10 12:00:00,2026-08-01 00:00:00,2026-08-01,8.52813,2.46466,6018.27,10.3188,1.03188,1149.8,292.623,0,1,12.2925,5559.57,1.50285,4.44007,214.684
1631.00,1001316,FP,2021-06-16 12:00:00,2026-08-01 00:00:00,2026-08-01,19.6034,4.236,1549.44,3.45967,0.345967,626.172,25.7392,0,1,9.72429,5530.64,0.784466,4.62423,223.914
1632.00,1001317,APC,2021-08-17 12:00:00,2026-08-01 00:00:00,2026-08-01,28.5771,2.49297,287.405,,0.154219,551.346,15.471,0,1,9.62182,5347.38,0.83643,4.44192,186.032
1633.00,1001318,PC,2025-05-14 12:00:00,2026-08-01 00:00:00,2026-08-01,9.45261,4.48364,340.239,4.00443,,1358.59,570.394,0,1,10.1515,6432.05,1.67892,4.07867,92.3327
1634.00,1001319,PC,2021-01-14 12:00:00,2026-08-01 00:00:00,2026-08-01,3.92238,2.0828,897.319,3.89183,0.389183,1136.82,279.63,0,1,8.6923,4607.39,1.27455,4.2224,374.338
1635.00,1001320,PC,2024-01-14 12:00:00,2026-08-01 00:00:00,2026-08-01,14.4755,2.15979,348.406,1.48169,0.148169,536.57,13.878,0,1,8.9533,4072.85,0.867752,4.49161,316.113
1636.00,1001321,PC,2019-07-16 12:00:00,2026-08-01 00:00:00,2026-08-01,4.5781,2.1003,1768.14,6.3657,0.63657,1143.25,286.014,0,1,11.0478,4594.83,1.43676,4.188,
1637.00,1001321,FP,2025-01-11 12:00:00,2026-08-01 00:00:00,2026-08-01,8.97292,3.65879,8016.15,13.2398,1.32398,913.536,,0,1,11.0478,4594.83,1.43676,4.188,228.93
1638.00,1001322,PC,2020-07-11 12:00:00,2026-08-01 00:00:00,2026-08-01,2.22183,6.17218,722.205,3.25497,0.325497,1410.08,661.909,0,1,13.635,5236.02,1.03946,4.54493,324.526
1639.00,1001323,PC,2022-02-14 12:00:00,2026-08-01 00:00:00,2026-08-01,2.82011,3.05159,4398.01,6.30183,0.630183,1561.32,994.93,0,1,12.3647,6373.46,1.00831,4.45288,138.754
1640.00,1001324,PC,2025-02-18 12:00:00,2026-08-01 00:00:00,2026-08-01,21.2711,1.90636,920.012,2.36127,0.236127,711.466,42.898,0,1,11.5495,6557.49,0.760694,4.2386,468.097
1641.00,1001325,PC,2023-05-12 12:00:00,2026-08-01 00:00:00,2026-08-01,2.79267,3.37812,8126.69,9.45563,0.945563,1423.84,688.121,0,1,14.2193,5749.8,1.02364,4.521,312.922
1642.00,1001326,FP,2021-04-17 12:00:00,2026-08-01 00:00:00,2026-08-01,2.85305,3.66552,1739.8,6.69873,0.669873,1615.14,1139.36,0,1,10.892,5437.25,1.49412,4.15345,141.218
1643.00,1001326,FP,2025-05-18 12:00:00,2026-08-01 00:00:00,2026-08-01,7.14468,3.23485,4287.86,10.8358,1.08358,1189.38,335.041,0,1,10.892,5437.25,1.49412,4.15345,141.218
1644.00,1001327,PC,2021-05-14 12:00:00,2026-08-01 00:00:00,2026-08-01,7.54888,4.61733,523.835,3.25741,0.325741,1429.32,698.786,0,1,13.6371,7010.55,1.34647,4.34533,303.947
1645.00,1001328,PC,2021-06-14 12:00:00,2026-08-01 00:00:00,2026-08-01,0.857246,3.57323,2467.87,6.93144,0.693144,2370.59,5287.43,0,1,15.3878,5985.11,1.19167,4.40176,171.323
1646.00,1001329,PC,2021-05-17 12:00:00,2026-08-01 00:00:00,2026-08-01,8.08809,2.10406,2438.46,,0.417445,1083.12,230.422,0,1,11.4886,7046.07,0.80144,4.51695,
1647.00,1001330,CP,2019-02-16 12:00:00,2026-08-01 00:00:00,2026-08-01,55.8144,4.33828,3981.05,6.82277,0.682277,607.607,22.8198,0,1,9.0421,7307.55,,4.32086,224.815
1648.00,1001331,FP,2021-05-16 12:00:00,2026-08-01 00:00:00,2026-08-01,13.6252,3.31231,7998.04,7.56072,0.756072,875.894,98.5433,0,1,7.80069,6406.96,0.897449,4.56155,304.694
1649.00,1001332,FP,2025-05-16 12:00:00,2026-08-01 00:00:00,2026-08-01,19.9408,6.86607,3229.59,12.4179,1.24179,842.616,84.3993,0,1,10.1462,4977.73,1.77368,4.07455,156.133
1650.00,1001333,PC,2022-05-13 12:00:00,2026-08-01 00:00:00,2026-08-01,11.8191,2.18924,589.967,2.51326,0.251326,842.11,84.1969,0,1,12.0402,5871.71,0.898354,3.92604,143.168
1651.00,1001334,PC,2019-02-14 12:00:00,2026-08-01 00:00:00,2026-08-01,4.44495,3.55344,594.784,2.66933,0.266933,1219.35,370.116,0,1,12.7338,5526.78,1.10767,4.33449,150.061
1652.00,1001335,PC,2024-01-16 12:00:00,2026-08-01 00:00:00,2026-08-01,5.73106,2.54915,1367.17,3.45951,0.345951,945.635,133.88,0,1,12.442,5316.3,0.852906,4.71468,135.827
1653.00,1001336,KP,2024-01-14 12:00:00,2026-08-01 00:00:00,2026-08-01,5.14307,3.48261,799.715,2.8719,0.28719,1382.69,611.954,0,1,9.96857,7265.92,0.908238,4.26006,301.571
1654.00,1001337,CP,2020-04-11 12:00:00,2026-08-01 00:00:00,2026-08-01,9.96909,2.40773,747.394,2.68437,0.268437,951.485,137.224,0,1,9.30709,6649.33,0.798368,,164.752
1655.00,1001338,CP,2025-01-12 12:00:00,2026-08-01 00:00:00,2026-08-01,2.33427,2.09441,659.986,2.83623,0.283623,1379.82,606.887,0,1,12.9048,4994.7,1.13043,4.1321,170.132
1656.00,1001339,FP,2025-06-17 12:00:00,2026-08-01 00:00:00,2026-08-01,11.053,3.77849,5069.05,5.54844,0.554844,453.934,7.10872,0,1,10.6409,3377.13,0.75462,4.40995,115.949
1657.00,1001340,PC,2023-07-16 12:00:00,2026-08-01 00:00:00,2026-08-01,4.83769,2.69178,2358.18,6.40169,0.640169,1573.91,1027.41,0,1,11.1938,6792.88,1.2926,4.25262,122.305
1658.00,1001340,PC,2023-01-18 12:00:00,2026-08-01 00:00:00,2026-08-01,1.99826,2.7247,584.717,3.95816,,2113.37,3339.84,0,1,11.1938,6792.88,1.2926,4.25262,122.305
1659.00,1001340,PC,2021-07-12 12:00:00,2026-08-01 00:00:00,2026-08-01,3.76709,3.16417,4006.19,,0.967881,1710.77,1434.13,0,1,11.1938,6792.88,1.2926,4.25262,122.305
1660.00,1001341,FP,2021-07-13 12:00:00,2026-08-01 00:00:00,2026-08-01,4.02321,1.81326,14704.3,8.97273,0.897273,1128.59,271.623,0,1,9.74303,6360.36,0.670412,4.12544,449.04
1661.00,1001342,PC,2022-04-14 12:00:00,2026-08-01 00:00:00,2026-08-01,2.0027,5.14853,3909.15,3.58873,0.358873,835.869,81.7286,0,1,10.3011,4014.24,0.579868,4.4652,266.745
1662.00,1001343,PC,2020-07-11 12:00:00,2026-08-01 00:00:00,2026-08-01,7.56144,3.8487,5593.22,11.6663,1.16663,718.012,44.4986,0,1,12.4443,,1.26924,4.47117,
1663.00,1001344,PC,2020-08-16 12:00:00,2026-08-01 00:00:00,2026-08-01,22.8878,4.29036,,1.286,0.1286,535.899,13.8087,0,1,11.7246,4914.91,0.806719,4.83209,125.184
1664.00,1001345,PC,2019-01-12 12:00:00,2026-08-01 00:00:00,2026-08-01,3.19049,2.5009,3009.21,4.04453,0.404453,1324.24,514.851,0,1,11.651,6353.13,0.79258,4.23283,554.239
1665.00,1001346,PC,2025-08-13 12:00:00,2026-08-01 00:00:00,2026-08-01,4.3922,3.7104,594.301,2.03721,0.203721,1222.67,374.166,0,1,11.0982,6730.04,0.745118,4.32108,89.1651
1666.00,1001347,CP,2025-05-12 12:00:00,2026-08-01 00:00:00,2026-08-01,13.9353,2.2431,1626.4,6.07415,0.607415,1049.57,203.174,0,1,9.52102,6057.48,1.46341,4.44768,
1667.00,1001348,FP,2019-05-13 12:00:00,2026-08-01 00:00:00,2026-08-01,1.89989,2.02464,8022.98,15.7378,1.57378,2000.99,2684.11,0,1,8.37372,5619.66,1.6371,4.45012,176.749
1668.00,1001349,PC,2019-06-10 12:00:00,2026-08-01 00:00:00,2026-08-01,14.6842,4.30091,5037.72,6.02795,0.602795,,10.4365,0,1,12.2922,4257.52,0.695241,4.05255,171.079
1669.00,1001350,PC,2025-04-15 12:00:00,2026-08-01 00:00:00,2026-08-01,8.07018,,1714.09,2.34718,0.234718,835.419,81.5525,0,1,11.6472,6629.15,0.537855,4.53969,300.423
1670.00,1001351,KP,2021-01-18 12:00:00,2026-08-01 00:00:00,2026-08-01,6.92358,3.72927,10471.5,12.3228,1.23228,1118.15,261.707,0,1,,5962.89,1.0752,4.68692,250.781
1671.00,1001352,PC,2024-01-17 12:00:00,2026-08-01 00:00:00,2026-08-01,5.12693,3.15724,974.095,3.95771,0.395771,1277.79,446.329,0,1,11.8307,5948.59,1.15481,4.52059,218.297
1672.00,1001353,FP,2022-05-17 12:00:00,2026-08-01 00:00:00,2026-08-01,6.1062,5.04725,4878.13,9.92035,0.992035,1398.21,639.902,0,1,8.36276,6484.41,1.30748,4.09944,266.34
1673.00,1001354,PC,2024-07-15 12:00:00,2026-08-01 00:00:00,2026-08-01,27.4495,2.93302,3247.19,5.68955,0.568955,709.672,42.4671,0,1,10.6483,6663.02,0.86892,4.50594,326.231
1674.00,1001355,CP,2021-05-10 12:00:00,2026-08-01 00:00:00,2026-08-01,14.364,3.46131,805.244,1.64861,0.164861,638.669,27.8564,0,1,9.95446,5885.43,0.585729,4.59488,170.7
1675.00,1001356,PC,2023-02-18 12:00:00,2026-08-01 00:00:00,2026-08-01,4.36472,3.42176,1955.22,8.10828,0.810828,1403.03,,0,1,9.23194,5154.5,1.66565,4.50217,150.325
1676.00,1001356,FP,2021-03-10 12:00:00,2026-08-01 00:00:00,2026-08-01,4.67928,,4060.24,9.65593,0.965593,1370.86,591.28,0,1,9.23194,,1.66565,4.50217,150.325
1677.00,1001356,PC,2022-07-11 12:00:00,2026-08-01 00:00:00,2026-08-01,54.1393,1.95317,1596.85,6.32315,0.632315,606.106,22.5952,0,1,,5154.5,1.66565,4.50217,150.325
1678.00,1001357,PC,2021-04-13 12:00:00,2026-08-01 00:00:00,2026-08-01,5.08756,2.12087,837.364,3.11857,0.311857,1019.73,181.037,0,1,12.4537,4937.1,1.06223,4.511,165.837
1679.00,1001358,PC,2022-06-18 12:00:00,2026-08-01 00:00:00,2026-08-01,0.717597,4.46525,126.023,1.66982,0.166982,3167.83,16860.4,0,1,10.2559,7208.48,1.30299,4.66832,316.273
1680.00,1001359,APC,2019-01-14 12:00:00,2026-08-01 00:00:00,2026-08-01,3.54289,3.28848,2470.98,7.49573,0.749573,2078,3121.76,0,1,12.3824,7456.73,1.5192,4.81825,86.3223
1681.00,1001360,FP,2022-04-17 12:00:00,2026-08-01 00:00:00,2026-08-01,1.58074,4.92526,658.041,4.98993,0.498993,2204.02,3950.78,0,1,9.29225,5452.83,1.86614,4.36722,115.723
1682.00,1001361,PC,2025-05-18 12:00:00,2026-08-01 00:00:00,2026-08-01,8.87476,3.1497,873.363,2.4152,0.24152,919.582,119.724,0,1,10.6772,6508.98,0.720184,4.68949,295.449
1683.00,1001362,PC,2022-08-12 12:00:00,2026-08-01 00:00:00,2026-08-01,,2.99724,,6.84146,0.684146,542.5,14.5017,0,1,10.2654,4115.15,1.21912,4.38307,767.504
1684.00,1001363,PC,2023-05-10 12:00:00,2026-08-01 00:00:00,2026-08-01,14.6357,1.70279,3302.73,7.61689,0.761689,1218.69,369.31,0,1,12.7848,7583.35,1.30074,4.52347,824.004
1685.00,1001364,FP,2019-02-13 12:00:00,2026-08-01 00:00:00,2026-08-01,9.40545,3.82497,1644.79,5.62907,0.562907,737.555,49.5447,0,1,11.2934,4126.58,1.19815,3.779,49.7537
1686.00,1001365,FP,2023-06-13 12:00:00,2026-08-01 00:00:00,2026-08-01,25.8963,4.84015,4049.5,6.28577,0.628577,577.576,18.6319,0,1,10.3084,4942.53,1.00615,,256.84
1687.00,1001366,PC,2024-01-18 12:00:00,2026-08-01 00:00:00,2026-08-01,31.327,3.97099,10688.4,11.0141,1.10141,621.24,24.9378,0,1,12.8979,5700.59,0.993442,4.29112,230.859
1688.00,1001367,FP,2025-04-16 12:00:00,2026-08-01 00:00:00,2026-08-01,2.7472,3.9384,3542.12,5.55958,0.555958,1297.73,,0,1,11.9204,5517.51,0.913391,4.59934,83.1826
1689.00,1001367,PC,2024-01-10 12:00:00,2026-08-01 00:00:00,2026-08-01,1.25105,4.81134,266.856,1.70435,0.170435,1686.76,1355.31,0,1,11.9204,5517.51,0.913391,4.59934,83.1826
1690.00,1001367,PC,2019-07-17 12:00:00,2026-08-01 00:00:00,2026-08-01,258.929,4.00775,391.598,1.88556,0.188556,,1.10705,0,1,11.9204,5517.51,0.913391,4.59934,83.1826
1691.00,1001368,PC,2025-04-12 12:00:00,2026-08-01 00:00:00,2026-08-01,1.79962,2.66503,1235.39,2.28081,0.228081,1457.93,756.432,0,1,13.0216,6659.03,0.596975,4.42218,224.034
1692.00,1001369,CP,2025-05-13 12:00:00,2026-08-01 00:00:00,2026-08-01,6.03004,2.51065,7161.64,9.09136,0.909136,871.391,96.5325,0,1,9.83337,4482,1.0541,4.31227,139.428
1693.00,1001370,FP,2020-05-14 12:00:00,2026-08-01 00:00:00,2026-08-01,6.94379,4.19486,3404.63,8.29644,0.829644,1000.31,167.631,0,1,9.86976,5267.08,1.10503,4.24891,296.461
1694.00,1001371,CP,2025-02-18 12:00:00,2026-08-01 00:00:00,2026-08-01,36.9751,2.20344,1330.05,3.91317,0.391317,641.06,28.2758,0,1,8.86106,6659.44,0.865721,4.01513,106.646
1695.00,1001372,FP,2021-04-12 12:00:00,2026-08-01 00:00:00,2026-08-01,0.139447,4.44149,2813.98,6.93128,0.693128,3633.72,29189.6,0,1,8.86375,5010.19,1.19065,4.36969,54.4132
1696.00,1001373,PC,2019-06-11 12:00:00,2026-08-01 00:00:00,2026-08-01,48.3018,4.42382,490.848,3.48861,0.348861,,,0,1,12.9187,4495.05,1.31796,4.70708,124.642
1697.00,1001374,FA,2020-08-16 12:00:00,2026-08-01 00:00:00,2026-08-01,8.40777,3.45224,2835.64,7.38165,0.738165,868.663,95.3291,0,1,10.2834,4580.02,1.252,3.84021,265.393
1698.00,1001375,FP,2023-02-14 12:00:00,2026-08-01 00:00:00,2026-08-01,5.00633,5.15781,2886.64,2.99148,0.299148,645.489,29.0654,0,1,10.8443,4083.59,0.615492,4.00856,121.457
1699.00,1001376,FP,2024-03-18 12:00:00,2026-08-01 00:00:00,2026-08-01,15.4261,1.84009,3660.84,4.95392,,909.72,114.67,0,1,10.8634,7176.03,0.838305,4.36158,180.429
1700.00,1001377,CP,2023-02-16 12:00:00,2026-08-01 00:00:00,2026-08-01,11.7824,2.47997,156.832,2.69061,0.269061,1079.88,227.676,0,1,10.8888,5300.06,1.80937,4.58715,137.591
1701.00,1001378,FP,2019-08-17 12:00:00,2026-08-01 00:00:00,2026-08-01,3.08599,6.26426,1693.51,,0.524328,1261.3,423.731,0,1,8.26713,5014.62,1.12877,3.97484,103.91
1702.00,1001378,PC,2019-03-17 12:00:00,2026-08-01 00:00:00,2026-08-01,47.3847,2.11068,486.955,2.51828,0.251828,507.461,11.1028,0,1,8.26713,5014.62,1.12877,3.97484,
1703.00,1001379,PC,2019-05-13 12:00:00,2026-08-01 00:00:00,2026-08-01,,3.38771,3443.5,6.43463,0.643463,1028.51,187.354,0,1,11.548,7807.59,1.00976,,121.444
1704.00,1001380,FP,2021-01-10 12:00:00,2026-08-01 00:00:00,2026-08-01,16.1812,3.8117,10692.5,9.94056,0.994056,551.99,15.5434,0,1,9.88429,,1.01177,4.26066,176.196
1705.00,1001381,KP,2025-04-18 12:00:00,2026-08-01 00:00:00,2026-08-01,0.269705,2.73552,564.831,1.84535,0.184535,2924.12,12240.6,0,1,8.95903,6276.57,0.762645,4.1668,190.999
1706.00,1001382,FA,2021-04-16 12:00:00,2026-08-01 00:00:00,2026-08-01,2.28063,3.00076,12757.4,4.54935,0.454935,743.968,51.2905,0,1,9.10735,4480.73,0.402067,4.10632,467.848
1707.00,1001383,PC,2022-06-14 12:00:00,2026-08-01 00:00:00,2026-08-01,8.52669,2.85275,4723.11,9.28195,0.928195,1004.52,170.471,0,1,12.6373,5103.43,1.36111,4.40812,345.978
1708.00,1001384,FP,2020-05-12 12:00:00,2026-08-01 00:00:00,2026-08-01,30.1893,5.11443,1230.15,9.37442,0.937442,944.912,133.471,0,1,11.0582,5668.65,2.26765,4.69983,365.576
1709.00,1001385,CP,2022-03-13 12:00:00,2026-08-01 00:00:00,2026-08-01,10.7217,4.07594,1803.5,4.88228,0.488228,813.71,73.4005,0,1,10.7341,4946.69,1.10748,4.37432,657.974
1710.00,1001385,PC,2024-08-15 12:00:00,2026-08-01 00:00:00,2026-08-01,25.2603,1.04299,3598.42,6.6397,0.66397,611.521,23.4135,0,1,10.7341,4946.69,1.10748,4.37432,657.974
1711.00,1001386,CP,2023-04-10 12:00:00,2026-08-01 00:00:00,2026-08-01,3.66201,1.51688,1984.1,2.7079,0.27079,968.378,147.231,0,1,10.29,5844.96,0.548939,4.81142,526.231
1712.00,1001387,CP,2019-02-10 12:00:00,2026-08-01 00:00:00,2026-08-01,,3.34576,371.613,1.20775,,,304.501,0,1,8.41534,6548.83,0.573492,4.62056,50.4021
1713.00,1001388,PC,2020-01-14 12:00:00,2026-08-01 00:00:00,2026-08-01,12.1387,,1540.31,4.55397,0.455397,1126.19,269.321,0,1,13.753,7302.51,1.05742,4.51559,867.87
1714.00,1001389,APC,2020-06-15 12:00:00,2026-08-01 00:00:00,2026-08-01,8.59502,7.57704,91.333,0.863766,0.0863766,1019.15,180.62,0,1,12.1858,6747.93,0.80565,3.9623,470.865
1715.00,1001389,FP,2022-07-13 12:00:00,2026-08-01 00:00:00,2026-08-01,20.2688,3.0857,9061.46,9.49972,0.949972,765.672,57.543,0,1,,6747.93,0.80565,3.9623,470.865
1716.00,1001390,PC,2025-07-14 12:00:00,2026-08-01 00:00:00,2026-08-01,12.1025,4.35692,1208.6,4.70493,0.470493,766.429,57.7708,0,1,11.5351,4743.39,1.15842,4.25412,191.947
1717.00,1001391,PC,2021-05-12 12:00:00,2026-08-01 00:00:00,2026-08-01,5.81774,3.32789,146.985,0.515336,0.0515336,676.188,35.0017,0,1,11.4414,,0.447011,4.36746,291.429
1718.00,1001391,PC,2023-06-18 12:00:00,2026-08-01 00:00:00,2026-08-01,12.5681,3.67907,63733.4,11.8255,1.18255,523.073,12.5334,0,1,11.4414,5277.37,0.447011,4.36746,291.429
1719.00,1001392,PC,2024-07-11 12:00:00,2026-08-01 00:00:00,2026-08-01,11.2449,1.95248,1230.19,1.79617,0.179617,797.584,67.7528,0,1,,6932.82,0.559184,4.24095,89.4852
1720.00,1001393,PC,2019-02-10 12:00:00,2026-08-01 00:00:00,2026-08-01,24.825,2.43428,5519.8,5.81159,0.581159,630.587,26.4729,0,1,10.6765,,0.66241,4.36937,225.641
1721.00,1001394,CP,2025-02-18 12:00:00,2026-08-01 00:00:00,2026-08-01,1.49317,5.06382,2143.05,4.24721,0.424721,1169.51,313.213,0,1,8.29397,4652.63,0.694813,4.46064,287.412
1722.00,1001395,FP,2021-02-14 12:00:00,2026-08-01 00:00:00,2026-08-01,1.71943,2.89127,30598.1,16.644,1.6644,1557.62,985.533,0,1,,6229.9,0.755214,4.39716,194.199
1723.00,1001396,PC,2023-02-14 12:00:00,2026-08-01 00:00:00,2026-08-01,7.2946,2.51887,2770.5,6.78489,0.678489,979.358,154.023,0,1,8.97893,4730.7,1.35691,4.20328,74
1724.00,1001397,PC,2021-03-10 12:00:00,2026-08-01 00:00:00,2026-08-01,4.83829,5.72078,382.234,3.43781,0.343781,1503.61,855.773,0,1,13.1195,5586.48,1.74437,4.73236,165.293
1725.00,1001398,CP,2022-03-16 12:00:00,2026-08-01 00:00:00,2026-08-01,6.19452,1.58217,1927.61,6.56135,0.656135,1021.72,182.453,0,1,12.5298,4979.04,1.19554,,113.534
1726.00,1001399,FP,2020-03-11 12:00:00,2026-08-01 00:00:00,2026-08-01,50.4252,2.34433,3087.71,4.0779,0.40779,411.888,4.81879,0,1,9.90545,5678.21,0.604529,4.56811,150.641
1727.00,1001400,KP,2020-06-13 12:00:00,2026-08-01 00:00:00,2026-08-01,5.45054,4.22353,11794.2,7.04201,0.704201,875.245,98.2514,0,1,9.78634,5546.05,0.649283,4.44988,
1728.00,1001401,PC,2019-06-17 12:00:00,2026-08-01 00:00:00,2026-08-01,4.82733,2.48828,1847.03,7.791,0.7791,1402.02,646.897,0,1,12.7473,5603.06,1.50538,4.83913,272.588
1729.00,1001402,FP,2020-08-11 12:00:00,2026-08-01 00:00:00,2026-08-01,2.80532,3.94741,2015.39,10.2489,1.02489,1929.61,2321.13,0,1,9.74416,5671.01,1.93846,4.90671,146.984
1730.00,1001403,APC,2025-07-16 12:00:00,2026-08-01 00:00:00,2026-08-01,5.98195,3.24517,4873.87,13.2773,1.32773,1861.55,2010.59,0,1,9.94724,7520.55,1.69954,4.52578,135.995
1731.00,1001404,FP,2022-07-18 12:00:00,2026-08-01 00:00:00,2026-08-01,9.5203,,4309.42,4.43003,0.443003,,61.6229,0,1,11.8705,5782.09,0.686132,4.93647,64.7112
1732.00,1001405,PC,2025-06-15 12:00:00,2026-08-01 00:00:00,2026-08-01,16.1758,5.0709,3340.95,9.67126,0.967126,845.03,85.3706,0,1,13.2882,5168.99,1.43888,4.24528,130.293
1733.00,1001405,FA,2025-01-10 12:00:00,2026-08-01 00:00:00,2026-08-01,3.35628,2.06614,38984.8,29.1485,2.91485,1427.38,695,0,1,13.2882,5168.99,1.43888,4.24528,130.293
1734.00,1001406,PC,2021-01-18 12:00:00,2026-08-01 00:00:00,2026-08-01,0.919405,2.73054,2876.01,7.54582,0.754582,1722.98,1475.49,0,1,11.4764,4659.22,1.0884,4.43825,121.804
1735.00,1001407,PC,2024-02-16 12:00:00,2026-08-01 00:00:00,2026-08-01,2.63212,7.42079,2348.66,2.94486,0.294486,1037.2,193.762,0,1,9.35162,5915.8,0.49327,4.70493,306.838
1736.00,1001408,PC,2025-04-12 12:00:00,2026-08-01 00:00:00,2026-08-01,12.4596,3.53808,438.337,3.19759,,1054.01,206.637,0,1,10.1108,5877.81,1.45473,4.20192,55.1644
1737.00,1001409,FP,2023-06-11 12:00:00,2026-08-01 00:00:00,2026-08-01,,8.7315,21682.7,28.9033,2.89033,2861.08,11218.7,0,1,10.6331,6816.64,1.7511,4.71651,81.5363
1738.00,1001410,PC,2022-03-13 12:00:00,2026-08-01 00:00:00,2026-08-01,4.66047,1.77533,655.676,2.59252,0.259252,1043.79,198.738,0,1,13.2726,5101.27,0.983281,3.98044,207.965
1739.00,1001411,PC,2020-03-14 12:00:00,2026-08-01 00:00:00,2026-08-01,15.3076,1.40906,1250.46,6.56367,0.656367,1378.76,605.033,0,1,9.36744,7879.57,1.58889,4.92005,225.061
1740.00,1001412,PC,2025-01-16 12:00:00,2026-08-01 00:00:00,2026-08-01,37.4853,1.70725,1662.12,4.32958,0.432958,647.058,29.3491,0,1,13.2148,6042.91,1.08098,4.98328,194.923
1741.00,1001413,PC,2021-03-16 12:00:00,2026-08-01 00:00:00,2026-08-01,14.2128,3.12542,9048.14,14.55,1.455,617.389,24.3252,0,1,12.9499,3825.32,1.28652,4.13605,138.257
1742.00,1001414,FP,2020-04-17 12:00:00,2026-08-01 00:00:00,2026-08-01,6.45978,2.82943,693.86,4.76171,0.476171,1358.77,570.703,0,1,8.10758,5429.53,1.82851,4.51384,
1743.00,1001415,PC,2024-08-12 12:00:00,2026-08-01 00:00:00,2026-08-01,1.84727,2.8898,1433.83,4.2105,0.42105,1545,953.971,0,1,11.525,5389.44,1.04145,4.01274,129.598
1744.00,1001416,PC,2024-01-17 12:00:00,2026-08-01 00:00:00,2026-08-01,2.49134,5.34324,,4.30768,0.430768,1686.44,1354.27,0,1,11.8016,6097.21,1.18345,4.13022,232.456
1745.00,1001417,APC,2020-06-13 12:00:00,2026-08-01 00:00:00,2026-08-01,,4.97716,555.111,3.29028,0.329028,967.277,,0,1,10.3451,5160.11,1.57771,4.78696,352.919
1746.00,1001418,FP,2023-08-18 12:00:00,2026-08-01 00:00:00,2026-08-01,0.477646,1.91899,6930.19,7.70437,0.770437,2741.28,9454.43,0,1,10.6191,7158,0.75436,4.66475,152.337
1747.00,1001419,PC,2020-03-12 12:00:00,2026-08-01 00:00:00,2026-08-01,5.31301,2.40852,1757.2,5.21953,0.521953,1332.47,527.782,0,1,13.4273,6507.99,1.0744,4.43873,52.868
1748.00,1001420,FP,2021-05-18 12:00:00,2026-08-01 00:00:00,2026-08-01,11.0381,2.43945,1504.38,3.0314,0.30314,637.861,27.7156,0,1,7.92884,4769.79,0.746275,4.808,234.263
1749.00,1001421,APC,2023-01-13 12:00:00,2026-08-01 00:00:00,2026-08-01,8.87984,5.37917,2276.17,7.21476,0.721476,1078.82,226.785,0,1,11.2546,5339.44,1.47353,4.20006,454.783
1750.00,1001422,CP,2025-04-14 12:00:00,2026-08-01 00:00:00,2026-08-01,1.83459,2.81635,512.23,1.64583,0.164583,1548.15,961.77,0,1,7.96921,6200.58,0.786386,4.50293,497.656
1751.00,1001423,PC,2023-05-15 12:00:00,2026-08-01 00:00:00,2026-08-01,3.13275,2.2137,1199.37,1.75397,0.175397,683.743,36.5924,0,1,12.4117,4100.77,0.50102,4.41286,121.094
1752.00,1001424,CP,2023-08-12 12:00:00,2026-08-01 00:00:00,2026-08-01,,3.36755,2762.22,5.16215,0.516215,601.418,21.9041,0,1,10.8721,,0.881441,4.34713,227.296
1753.00,1001425,FP,2022-04-12 12:00:00,2026-08-01 00:00:00,2026-08-01,10.7958,1.99899,21503,22.3141,2.23141,841.898,84.112,0,1,12.3312,5016.59,1.15804,4.46469,304.132
1754.00,1001426,FP,2023-02-11 12:00:00,2026-08-01 00:00:00,2026-08-01,6.39853,1.67738,9214.27,,1.42891,1460.4,761.575,0,1,9.97036,,1.33398,4.53812,298.311
1755.00,1001427,FP,2023-05-15 12:00:00,2026-08-01 00:00:00,2026-08-01,1.88066,5.04993,1931.68,3.30644,0.330644,1566.53,1008.27,0,1,10.7334,6566.5,0.729905,4.31361,123.647
1756.00,1001427,PC,2020-08-13 12:00:00,2026-08-01 00:00:00,2026-08-01,7.49694,5.16161,44329.6,16.8488,1.68488,987.978,159.518,0,1,10.7334,6566.5,0.729905,4.31361,123.647
1757.00,1001428,FP,2023-08-13 12:00:00,2026-08-01 00:00:00,2026-08-01,2.29163,3.60751,1999.18,4.9405,0.49405,1584.36,1054.95,0,1,10.0903,5707.13,1.12759,4.1233,
1758.00,1001429,FP,2019-01-11 12:00:00,2026-08-01 00:00:00,2026-08-01,8.53881,5.81064,6609.53,11.9608,1.19608,1176.13,320.365,0,1,11.3968,6053.5,1.32744,4.45108,61.5765
1759.00,1001430,FP,2019-02-10 12:00:00,2026-08-01 00:00:00,2026-08-01,5.86715,2.69009,1364.79,,0.335071,937.036,129.076,0,1,11.0623,5261.13,0.868606,4.39521,225.743
1760.00,1001431,FP,2023-03-15 12:00:00,2026-08-01 00:00:00,2026-08-01,6.92084,5.80935,16210.8,13.5052,1.35052,1269.19,434.443,0,1,11.7056,6641.08,1.11652,4.24199,379.768
1761.00,1001432,PC,2022-02-14 12:00:00,2026-08-01 00:00:00,2026-08-01,,4.0734,889.797,3.50088,0.350088,518.715,12.1209,0,1,13.2119,,0.893135,4.08299,301.516
1762.00,1001433,PC,2025-04-12 12:00:00,2026-08-01 00:00:00,2026-08-01,19.6813,2.34777,834.845,3.75172,0.375172,721.829,45.4525,0,1,14.055,5638.59,1.00557,4.07716,185.15
1763.00,1001434,PC,2019-03-15 12:00:00,2026-08-01 00:00:00,2026-08-01,2.57712,1.99106,22110,11.9594,1.19594,1640.2,1211.74,0,1,10.0299,7685.32,,4.26826,169.134
1764.00,1001435,PC,2024-01-13 12:00:00,2026-08-01 00:00:00,2026-08-01,51.4337,2.30361,1673.38,8.09619,0.809619,450.747,6.91116,0,1,13.806,3751.89,,4.19304,91.329
1765.00,1001436,PC,2024-07-15 12:00:00,2026-08-01 00:00:00,2026-08-01,6.17179,9.63816,1692.39,5.45846,0.545846,1116.45,260.122,0,1,9.87181,5279.21,1.26667,4.19283,275.299
1766.00,1001437,FP,2020-08-18 12:00:00,2026-08-01 00:00:00,2026-08-01,3.82208,6.68524,4033.7,11.0106,1.10106,1636.57,1201.04,0,1,9.82457,,1.7001,4.87244,
1767.00,1001437,PC,2021-06-11 12:00:00,2026-08-01 00:00:00,2026-08-01,7.84856,6.08393,3068.78,11.0063,1.10063,1287.57,,0,1,9.82457,5693.62,,4.87244,108.257
1768.00,1001438,PC,2020-03-12 12:00:00,2026-08-01 00:00:00,2026-08-01,8.633,2.97578,3114.97,8.16306,0.816306,970.952,148.803,0,1,12.5623,5031.47,1.31916,4.02093,259.462
1769.00,1001439,PC,2024-03-17 12:00:00,2026-08-01 00:00:00,2026-08-01,2.87572,1.56257,3851.66,6.47213,0.647213,1223.58,375.274,0,1,9.87418,5012.26,1.0144,,257.964
1770.00,1001439,KP,2019-04-12 12:00:00,2026-08-01 00:00:00,2026-08-01,6.4558,3.76057,1151.19,3.85913,,934.467,127.666,0,1,9.87418,5012.26,1.0144,4.37759,257.964
1771.00,1001439,FP,2019-08-18 12:00:00,2026-08-01 00:00:00,2026-08-01,3.35382,3.39677,22266.9,16.3906,,1162.43,,0,1,9.87418,5012.26,1.0144,4.37759,257.964
1772.00,1001440,FP,2019-03-12 12:00:00,2026-08-01 00:00:00,2026-08-01,2.53152,4.23794,4135.85,5.48099,0.548099,1363.35,578.426,0,1,9.75088,6023.58,0.800956,4.30675,358.419
1773.00,1001441,PC,2020-03-14 12:00:00,2026-08-01 00:00:00,2026-08-01,2.10221,5.23562,1392.36,4.63967,0.463967,1455.41,751.207,0,1,11.2505,4703.87,1.32239,4.47267,188.053
1774.00,1001442,PC,2020-06-11 12:00:00,2026-08-01 00:00:00,2026-08-01,14.4252,2.36864,2347.53,,0.575723,952.439,137.775,0,1,12.3057,6782.29,0.983676,4.18577,175.49
1775.00,1001443,PC,2021-01-11 12:00:00,2026-08-01 00:00:00,2026-08-01,11.9378,2.06054,302.53,2.36736,0.236736,746.832,52.0851,0,1,9.4222,4266.36,1.3473,4.70745,603.354
1776.00,1001443,FP,2024-03-11 12:00:00,2026-08-01 00:00:00,2026-08-01,8.307,5.96522,508.068,3.04572,0.304572,842.784,84.467,0,1,9.4222,4266.36,1.3473,4.70745,603.354
1777.00,1001444,CP,2019-07-17 12:00:00,2026-08-01 00:00:00,2026-08-01,2.57433,1.29777,,23.7972,2.37972,1377.95,603.615,0,1,12.5481,4494.77,1.48598,3.96228,112.036
1778.00,1001445,FP,2019-06-10 12:00:00,2026-08-01 00:00:00,2026-08-01,8.76281,2.87539,29923.9,32.4207,3.24207,1122.83,266.12,0,1,7.40695,,1.981,4.15252,85.8428
1779.00,1001445,FP,2025-06-10 12:00:00,2026-08-01 00:00:00,2026-08-01,6.6618,3.42041,3418.3,14.1496,1.41496,1230.26,383.542,0,1,7.40695,4771.75,1.981,4.15252,85.8428
1780.00,1001446,PC,2021-08-11 12:00:00,2026-08-01 00:00:00,2026-08-01,4.23773,4.06089,494.012,,0.341013,1299.57,477.544,0,1,11.0189,5376.23,1.28799,4.17016,117.513
1781.00,1001447,CP,2020-05-16 12:00:00,2026-08-01 00:00:00,2026-08-01,4.35832,1.6935,1624.45,2.62528,,909.646,114.633,0,1,10.634,5851.64,0.542733,4.4043,247.837
1782.00,1001448,FP,2024-08-10 12:00:00,2026-08-01 00:00:00,2026-08-01,30.6326,4.21246,2494.33,3.92376,,461.77,7.61246,0,1,10.2712,4734.6,0.783895,4.46142,139.372
1783.00,1001449,FP,2025-03-15 12:00:00,2026-08-01 00:00:00,2026-08-01,5.72235,2.89346,15001.7,16.7738,1.67738,1333.57,529.52,0,1,7.144,6331.01,1.19486,4.72001,112.499
1784.00,1001450,CP,2022-08-13 12:00:00,2026-08-01 00:00:00,2026-08-01,16.0765,3.59314,471.714,2.36465,0.236465,651.754,30.2103,0,1,7.65004,4744.76,1.01169,,290.873
1785.00,1001451,FA,2021-04-11 12:00:00,2026-08-01 00:00:00,2026-08-01,5.66034,4.23946,5169.85,3.81487,0.381487,949.775,,0,1,10.5467,6947.51,0.499646,4.72986,150.796
1786.00,1001452,PC,2019-07-14 12:00:00,2026-08-01 00:00:00,2026-08-01,11.2138,3.92988,7990.52,12.2039,1.22039,731.368,47.9031,0,1,9.54641,4330.94,1.20261,4.32139,493.832
1787.00,1001452,PC,2021-07-10 12:00:00,2026-08-01 00:00:00,2026-08-01,6.54599,3.29821,1983.41,6.24951,0.624951,875.109,98.1906,0,1,9.54641,4330.94,1.20261,4.32139,493.832
1788.00,1001453,FP,2022-02-17 12:00:00,2026-08-01 00:00:00,2026-08-01,14.5,3.34127,3273.74,4.53649,0.453649,618.746,24.5398,0,1,,5004.29,0.765189,4.28254,203.47
1789.00,1001454,FP,2022-06-13 12:00:00,2026-08-01 00:00:00,2026-08-01,2.06866,3.31235,5384.73,10.2577,,1416.71,674.435,0,1,9.33099,4809.4,1.18583,3.89911,50.5337
1790.00,1001454,FA,2023-02-14 12:00:00,2026-08-01 00:00:00,2026-08-01,2.05142,4.28159,18972.9,15.2096,1.52096,1420.66,682.004,0,1,9.33099,4809.4,1.18583,3.89911,50.5337
1791.00,1001455,CP,2021-08-17 12:00:00,2026-08-01 00:00:00,2026-08-01,4.17222,3.16978,530.738,2.4085,,1356.65,567.146,0,1,9.35018,6662.27,0.904595,4.47715,256.564
1792.00,1001455,CP,2021-02-18 12:00:00,2026-08-01 00:00:00,2026-08-01,,2.80221,1614.16,3.72131,0.372131,1044.79,199.498,0,1,9.35018,6662.27,0.904595,4.47715,256.564
1793.00,1001455,FP,2021-04-12 12:00:00,2026-08-01 00:00:00,2026-08-01,1.29092,4.14442,23794.4,16.1183,,2005.82,2710.1,0,1,9.35018,6662.27,0.904595,4.47715,256.564
1794.00,1001456,PC,2019-06-10 12:00:00,2026-08-01 00:00:00,2026-08-01,14.8,2.37571,4858.24,11.5652,1.15652,853.103,88.6803,0,1,10.2575,5120.77,1.40828,4.6664,298.072
1795.00,1001457,PC,2025-03-11 12:00:00,2026-08-01 00:00:00,2026-08-01,14.4816,2.53293,,7.15697,0.715697,1022.75,183.188,0,1,10.8344,6200.52,1.36064,4.40578,205.187
1796.00,1001458,FP,2020-04-18 12:00:00,2026-08-01 00:00:00,2026-08-01,13.9524,2.26418,1268.81,3.90427,0.390427,960.562,142.535,0,1,9.32634,5810.77,1.33311,4.10908,211.185
1797.00,1001459,PC,2019-03-13 12:00:00,2026-08-01 00:00:00,2026-08-01,54.4717,2.83983,833.209,2.00873,0.200873,477.131,8.67703,0,1,14.6758,,0.629469,4.38442,122.295
1798.00,1001460,PC,2019-03-13 12:00:00,2026-08-01 00:00:00,2026-08-01,3.25185,6.49254,384.002,2.46951,0.246951,1834.76,1897.31,0,1,11.6706,7557.09,1.08906,4.59111,233.546
1799.00,1001461,PC,2022-04-18 12:00:00,2026-08-01 00:00:00,2026-08-01,6.33484,3.65226,481.359,2.20783,0.220783,1105.8,250.34,0,1,9.60399,5537,1.14942,4.43152,285.218
1800.00,1001462,FP,2019-05-10 12:00:00,2026-08-01 00:00:00,2026-08-01,6.04925,2.51329,8990.45,9.50624,0.950624,1044,198.895,0,1,8.95135,5558.08,0.985985,3.8766,88.3721
1801.00,1001463,CP,2019-07-13 12:00:00,2026-08-01 00:00:00,2026-08-01,4.11625,1.76747,1433.28,3.94101,0.394101,1156.26,299.26,0,1,9.08165,5662.44,0.901483,3.79348,169.559
1802.00,1001464,APC,2022-01-14 12:00:00,2026-08-01 00:00:00,2026-08-01,11.3,5.59067,7732.83,6.15317,0.615317,859.446,,0,1,11.4866,6781.52,0.680799,4.13278,478.145
1803.00,1001465,APC,2022-07-17 12:00:00,2026-08-01 00:00:00,2026-08-01,0.74361,2.52875,492.404,2.4144,0.24144,1884.4,2111.14,0,1,12.4495,5184.3,0.912811,4.12707,127.392
1804.00,1001466,PC,2020-03-13 12:00:00,2026-08-01 00:00:00,2026-08-01,12.3006,2.81749,2016.27,4.29252,0.429252,,45.4706,0,1,11.6598,5484.26,0.777177,4.52043,67.2332
1805.00,1001467,FP,2023-05-16 12:00:00,2026-08-01 00:00:00,2026-08-01,1.02036,4.71923,12498.6,12.2872,1.22872,2044,2922.42,0,1,9.93372,5862.53,1.03708,4.34446,351.809
1806.00,1001468,PC,2024-06-13 12:00:00,2026-08-01 00:00:00,2026-08-01,8.64846,2.72165,951.19,3.11895,0.311895,948.514,135.518,0,1,13.6899,5707.96,,4.92814,116.288
1807.00,1001469,PC,2022-06-14 12:00:00,2026-08-01 00:00:00,2026-08-01,7.82866,3.03369,,4.18378,0.418378,965.791,145.664,0,1,10.1141,5162,1.16173,4.15862,161.875
1808.00,1001470,PC,2025-05-11 12:00:00,2026-08-01 00:00:00,2026-08-01,8.96717,5.00384,2088.64,9.28245,0.928245,1754.1,1585.02,0,1,10.9313,7298.3,2.0987,3.75603,37.6913
1809.00,1001470,PC,2025-02-12 12:00:00,2026-08-01 00:00:00,2026-08-01,10.0632,5.30067,12534.9,25.954,2.5954,1687.95,1359.14,0,1,10.9313,7298.3,2.0987,3.75603,37.6913
1810.00,1001470,CP,2020-07-13 12:00:00,2026-08-01 00:00:00,2026-08-01,2.95907,2.82559,459.61,4.41669,0.441669,2538.36,6950.82,0,1,10.9313,7298.3,2.0987,3.75603,37.6913
1811.00,1001471,PC,2022-01-18 12:00:00,2026-08-01 00:00:00,2026-08-01,10.7304,1.80061,1515.18,6.66836,0.666836,1059.98,211.353,0,1,11.4981,5494.36,1.52413,4.41257,300.143
1812.00,1001472,CP,2019-08-11 12:00:00,2026-08-01 00:00:00,2026-08-01,7.12324,3.17364,659.929,4.78783,0.478783,1209.95,358.837,0,1,8.40807,5339.24,1.60035,4.75612,327.563
1813.00,1001473,PC,2020-02-12 12:00:00,2026-08-01 00:00:00,2026-08-01,5.17424,2.79425,4323.61,4.62735,0.462735,1120,263.445,0,1,10.9427,7234.28,0.603567,4.01953,
1814.00,1001474,FA,2019-08-15 12:00:00,2026-08-01 00:00:00,2026-08-01,12.8054,2.20328,759.309,2.05422,0.205422,692.859,38.5834,0,1,10.7694,5821.86,0.652546,4.2591,113.03
1815.00,1001475,PC,2025-07-18 12:00:00,2026-08-01 00:00:00,2026-08-01,8.83733,2.57791,857.679,2.35871,0.235871,853.885,89.0059,0,1,14.162,5457.63,0.880756,4.63032,255.185
1816.00,1001476,PC,2019-01-11 12:00:00,2026-08-01 00:00:00,2026-08-01,18.8479,4.35446,20440.8,8.66866,0.866866,332.969,2.05796,0,1,9.31261,3727.55,0.475688,4.4783,272.68
1817.00,1001477,FP,2023-03-15 12:00:00,2026-08-01 00:00:00,2026-08-01,40.4127,3.91894,16431.7,18.1241,1.81241,669.554,33.6484,0,1,10.9179,6093.97,1.19665,4.51139,317.322
1818.00,1001478,APC,2022-06-18 12:00:00,2026-08-01 00:00:00,2026-08-01,4.18619,4.99743,9502.1,9.77762,0.977762,,502.225,0,1,13.1356,6327.62,0.945775,4.74841,102.42
1819.00,1001479,PC,2025-06-18 12:00:00,2026-08-01 00:00:00,2026-08-01,7.52971,1.62179,11864.2,26.9923,2.69923,1672.84,1311.1,0,1,12.5946,5821.3,2.67036,4.75887,162.648
1820.00,1001480,APC,2024-05-15 12:00:00,2026-08-01 00:00:00,2026-08-01,9.71821,3.64616,2052.85,4.73155,0.473155,890.31,105.193,0,1,8.57016,6009.26,0.841425,4.3152,85.1967
1821.00,1001481,PC,2019-02-12 12:00:00,2026-08-01 00:00:00,2026-08-01,9.44288,4.03329,3038.71,4.31137,0.431137,851.778,88.1305,0,1,13.0512,6241.96,0.700268,4.31206,93.1507
1822.00,1001482,FP,2020-07-13 12:00:00,2026-08-01 00:00:00,2026-08-01,33.2138,4.70899,5333.85,5.13853,0.513853,521.78,12.41,0,1,11.9062,5990.06,0.659947,4.1652,69.1074
1823.00,1001483,PC,2021-07-12 12:00:00,2026-08-01 00:00:00,2026-08-01,7.902,2.844,3182.66,7.79903,0.779903,1090.33,236.616,0,1,10.0034,6104.31,1.0654,4.25393,134.927
1824.00,1001483,PC,2022-02-13 12:00:00,2026-08-01 00:00:00,2026-08-01,,3.61427,1535.39,4.22348,0.422348,,16.2109,0,1,10.0034,6104.31,1.0654,4.25393,134.927
1825.00,1001483,FP,2024-06-16 12:00:00,2026-08-01 00:00:00,2026-08-01,1.06123,3.17085,1295.35,4.26927,0.426927,2129.11,3440.45,0,1,10.0034,6104.31,1.0654,4.25393,134.927
1826.00,1001484,PC,2023-07-13 12:00:00,2026-08-01 00:00:00,2026-08-01,10.95,4.3778,5272.83,5.58088,0.558088,820.445,75.8612,0,1,11.648,6213.17,0.72377,4.06537,758.076
1827.00,1001485,FP,2021-05-17 12:00:00,2026-08-01 00:00:00,2026-08-01,2.2594,5.08878,1998.45,7.31764,0.731764,1622.23,1159.5,0,1,5.94167,4949.28,1.55711,4.01302,314.177
1828.00,1001485,CP,2019-07-14 12:00:00,2026-08-01 00:00:00,2026-08-01,3.23035,1.36688,374.033,3.02584,0.302584,1439.99,719.881,0,1,5.94167,,1.55711,4.01302,314.177
1829.00,1001485,FP,2023-02-15 12:00:00,2026-08-01 00:00:00,2026-08-01,1.6818,3.75096,713.873,5.38303,0.538303,1789.99,1718.8,0,1,5.94167,4949.28,1.55711,4.01302,314.177
1830.00,1001486,FP,2022-01-15 12:00:00,2026-08-01 00:00:00,2026-08-01,4.03956,3.26904,346.706,2.90666,0.290666,1167.86,311.449,0,1,9.91673,4919.2,1.20337,4.60533,146.065
1831.00,1001487,CP,2024-01-11 12:00:00,2026-08-01 00:00:00,2026-08-01,9.67032,1.37384,1816.6,6.36953,0.636953,982.294,155.879,0,1,10.504,5529.7,1.20566,4.25147,569.659
1832.00,1001488,APC,2022-05-12 12:00:00,2026-08-01 00:00:00,2026-08-01,8.09074,3.92248,4373.64,7.00414,0.700414,853.898,89.0112,0,1,12.792,5235.39,,4.34273,185.107
1833.00,1001489,PC,2022-03-11 12:00:00,2026-08-01 00:00:00,2026-08-01,6.89931,1.82782,2756.89,3.41675,0.341675,916.693,118.227,0,1,11.669,6263.31,0.653472,4.66908,119.828
1834.00,1001490,CP,2024-08-15 12:00:00,2026-08-01 00:00:00,2026-08-01,73.4931,2.04762,803.434,3.84936,0.384936,552.885,15.6445,0,1,10.4982,5984.39,1.2606,4.535,293.221
1835.00,1001490,FP,2019-07-15 12:00:00,2026-08-01 00:00:00,2026-08-01,2.57844,7.98062,7011.6,10.4909,1.04909,1688.88,1362.12,0,1,10.4982,5984.39,1.2606,4.535,293.221
1836.00,1001491,PC,2025-04-15 12:00:00,2026-08-01 00:00:00,2026-08-01,24.2361,3.14649,1465.61,3.69172,0.369172,665.083,32.7585,0,1,11.5465,6088.68,0.841131,4.48599,78.4082
1837.00,1001492,FP,2022-08-16 12:00:00,2026-08-01 00:00:00,2026-08-01,15.9517,3.55745,10327.4,8.93287,0.893287,521.967,12.4277,0,1,10.5008,4550.92,0.701684,4.03628,
1838.00,1001493,PC,2020-03-10 12:00:00,2026-08-01 00:00:00,2026-08-01,10.217,5.88945,2399.51,4.08136,0.408136,724.208,46.0548,0,1,12.0994,5199.77,0.768821,,721.14
1839.00,1001494,PC,2025-01-11 12:00:00,2026-08-01 00:00:00,2026-08-01,5.06927,3.11345,1071.11,3.92928,0.392928,1132.15,275.066,0,1,,5365.28,1.10604,5.11558,260.207
1840.00,1001495,PC,2021-08-10 12:00:00,2026-08-01 00:00:00,2026-08-01,2.45408,2.95605,492.3,2.02927,0.202927,1066.3,216.442,0,1,,4420.24,0.891208,4.7834,270.244
1841.00,1001496,FP,2019-06-16 12:00:00,2026-08-01 00:00:00,2026-08-01,7.19823,5.51049,2821.18,4.39271,0.439271,,100.187,0,1,9.3506,5861.74,0.706497,4.22729,143.971
1842.00,1001497,CP,2025-04-15 12:00:00,2026-08-01 00:00:00,2026-08-01,11.2019,2.45889,8847.5,5.96293,0.596293,542.155,14.4649,0,1,9.20012,4765.22,0.545499,,183.49
1843.00,1001498,PC,2024-01-16 12:00:00,2026-08-01 00:00:00,2026-08-01,27.7537,2.92402,584.108,2.30124,0.230124,728.107,47.0546,0,1,12.1031,6912,0.85621,4.26299,191.159
1844.00,1001499,PC,2019-05-15 12:00:00,2026-08-01 00:00:00,2026-08-01,14.6439,1.80948,1164.77,2.44691,0.244691,403.146,4.42252,0,1,13.1055,3919.46,0.533041,4.3688,60.9289
1845.00,1001500,FP,2024-05-17 12:00:00,2026-08-01 00:00:00,2026-08-01,8.08867,4.4535,1789.46,3.30619,0.330619,892.605,106.282,0,1,9.86812,6545.11,0.63084,3.98082,194.009
1846.00,1001501,PC,2019-03-17 12:00:00,2026-08-01 00:00:00,2026-08-01,4.65456,4.62908,2435.19,7.74343,0.774343,1464.65,770.479,0,1,11.5821,6293.68,1.27086,4.35693,96.2356
1847.00,1001502,PC,2022-03-11 12:00:00,2026-08-01 00:00:00,2026-08-01,12.7071,8.72836,1654.48,6.79514,0.679514,735.45,48.9816,0,1,13.3859,4143.47,1.44408,4.34239,217.748
1848.00,1001503,PC,2023-02-15 12:00:00,2026-08-01 00:00:00,2026-08-01,23.0514,7.65484,3645.82,6.61472,0.661472,765.488,57.4877,0,1,11.4617,6326.77,,4.74,379.977
1849.00,1001504,FP,2023-05-13 12:00:00,2026-08-01 00:00:00,2026-08-01,7.99692,,4128.71,7.90783,0.790783,1011.14,175.01,0,1,14.0395,5412.25,1.17489,4.35068,116.36
1850.00,1001505,PC,2021-02-13 12:00:00,2026-08-01 00:00:00,2026-08-01,4.67428,3.0526,4217.57,8.03755,0.803755,894.103,106.997,0,1,11.1015,4197.98,1.06747,4.5694,28.9303
1851.00,1001506,CP,2021-01-17 12:00:00,2026-08-01 00:00:00,2026-08-01,26.717,3.15833,4793.43,4.81707,0.481707,581.248,19.1103,0,1,11.8857,6261.17,0.648318,4.56878,129.757
1852.00,1001507,FP,2020-08-10 12:00:00,2026-08-01 00:00:00,2026-08-01,14.0367,3.80283,1655.32,2.10214,0.210214,603.033,22.1403,0,1,11.2517,5637.78,0.560392,4.33006,178.614
1853.00,1001508,KP,2019-05-15 12:00:00,2026-08-01 00:00:00,2026-08-01,6.69122,4.70279,1056.45,2.47445,0.247445,868.086,95.0763,0,1,7.79578,6065.56,0.612215,3.96355,335.929
1854.00,1001509,CP,2023-05-12 12:00:00,2026-08-01 00:00:00,2026-08-01,4.28828,3.80447,789.22,2.07441,0.207441,828.108,78.7351,0,1,12.3574,4756.03,0.67358,4.13057,61.3867
1855.00,1001510,APC,2023-01-10 12:00:00,2026-08-01 00:00:00,2026-08-01,7.8896,1.70511,10515.8,20.7639,2.07639,1261.54,424.054,0,1,13.1817,,1.79439,4.26256,126.063
1856.00,1001511,FP,2023-05-14 12:00:00,2026-08-01 00:00:00,2026-08-01,4.0692,4.22361,3001.52,9.26876,0.926876,1606,1113.8,0,1,11.1028,6218.6,1.43098,4.46606,199.122
1857.00,1001512,FP,2024-01-14 12:00:00,2026-08-01 00:00:00,2026-08-01,37.7156,3.6131,4183.95,6.3673,,539.306,14.1632,0,1,7.85644,5865.8,0.800228,4.34316,92.2354
1858.00,1001513,FP,2020-08-12 12:00:00,2026-08-01 00:00:00,2026-08-01,1.203,1.80265,2735.49,8.22551,0.822551,1914.76,2250.48,0,1,9.5755,5164.07,1.30899,4.96442,55.9682
1859.00,1001514,FP,2019-04-13 12:00:00,2026-08-01 00:00:00,2026-08-01,4.35662,6.19965,13926.2,11.683,1.1683,,86.6899,0,1,10.0854,3986.47,1.01667,4.22408,358.995
1860.00,1001515,FP,2022-02-15 12:00:00,2026-08-01 00:00:00,2026-08-01,4.64002,3.00842,5632.96,7.17867,0.717867,1364.14,579.774,0,1,8.68671,6255.16,1.11371,4.25959,183.036
1861.00,1001516,PC,2024-06-10 12:00:00,2026-08-01 00:00:00,2026-08-01,36.7859,2.32741,878.842,2.96273,0.296273,727.407,46.8739,0,1,11.7101,7482.22,0.879966,4.12459,174.082
1862.00,1001517,PC,2020-05-15 12:00:00,2026-08-01 00:00:00,2026-08-01,3.71954,4.4065,2156.15,3.90524,0.390524,894.334,107.107,0,1,14.013,4195.8,0.918078,4.58968,475.701
1863.00,1001518,PC,2020-06-16 12:00:00,2026-08-01 00:00:00,2026-08-01,15.473,3.68839,1697.53,3.92877,0.392877,666.853,33.1087,0,1,10.089,5395.38,0.798453,4.4595,148.79
1864.00,1001519,PC,2024-05-13 12:00:00,2026-08-01 00:00:00,2026-08-01,22.443,3.00676,835.784,2.17971,0.217971,621.059,24.9088,0,1,12.599,5425.77,0.877504,4.28413,189.294
1865.00,1001520,PC,2021-05-17 12:00:00,2026-08-01 00:00:00,2026-08-01,24.0799,1.24784,2452.03,5.85779,0.585779,,20.983,0,1,10.9037,4724.52,1.11325,4.55816,82.265
1866.00,1001521,FP,2019-02-14 12:00:00,2026-08-01 00:00:00,2026-08-01,1.22851,3.80884,4855.68,10.0572,1.00572,2193.24,3874.04,0,1,11.4637,6232.13,1.19583,4.71137,166.941
1867.00,1001522,PC,2020-03-10 12:00:00,2026-08-01 00:00:00,2026-08-01,5.09489,3.60936,2939.54,6.98055,0.698055,,163.844,0,1,10.8598,4790.92,1.07417,4.33561,208.492
1868.00,1001523,PC,2025-07-13 12:00:00,2026-08-01 00:00:00,2026-08-01,9.42907,3.76453,3734.12,11.7191,1.17191,1102.68,247.527,0,1,12.7791,4850.32,1.94173,4.55038,166.02
1869.00,1001524,PC,2021-06-15 12:00:00,2026-08-01 00:00:00,2026-08-01,31.2097,2.56308,784.087,6.00711,0.600711,765.504,57.4924,0,1,,5261.69,1.76612,4.64796,130.55
1870.00,1001525,APC,2022-05-14 12:00:00,2026-08-01 00:00:00,2026-08-01,7.5597,1.89421,275.381,1.6457,0.16457,1002.7,169.24,0,1,12.6725,6018.21,0.900037,4.36959,148.893
1871.00,1001526,FP,2021-07-13 12:00:00,2026-08-01 00:00:00,2026-08-01,15.9495,4.58638,18254.8,9.88798,,831.372,79.9837,0,1,12.2236,7677.08,0.625479,4.12474,109.936
1872.00,1001527,PC,2023-06-10 12:00:00,2026-08-01 00:00:00,2026-08-01,24.446,8.72455,9186.39,14.3572,1.43572,858.995,91.1557,0,1,12.8093,5989.04,1.45855,4.40876,167.24
1873.00,1001527,FP,2020-04-15 12:00:00,2026-08-01 00:00:00,2026-08-01,15.9492,6.3097,3190.28,8.78415,0.878415,990.407,161.093,0,1,12.8093,5989.04,1.45855,4.40876,167.24
1874.00,1001527,PC,2025-04-12 12:00:00,2026-08-01 00:00:00,2026-08-01,9.92687,2.47518,590.885,3.96692,0.396692,1159.99,303.141,0,1,12.8093,5989.04,1.45855,4.40876,167.24
1875.00,1001528,PC,2019-06-15 12:00:00,2026-08-01 00:00:00,2026-08-01,4.14148,4.76752,6144.83,5.73834,0.573834,819.836,75.6359,0,1,11.2358,4621.72,0.683073,4.15637,350.04
1876.00,1001529,CP,2024-03-17 12:00:00,2026-08-01 00:00:00,2026-08-01,0.492147,2.10302,298.776,0.62777,0.062777,1836.02,1902.52,0,1,8.27937,6569.6,,4.62006,166.807
1877.00,1001529,FP,2025-06-13 12:00:00,2026-08-01 00:00:00,2026-08-01,6.76015,5.34079,1785.43,1.77007,0.177007,766.637,57.8335,0,1,8.27937,6569.6,0.409817,4.62006,166.807
1878.00,1001530,FP,2019-06-13 12:00:00,2026-08-01 00:00:00,2026-08-01,13.0837,4.6509,17050.8,15.0498,,937.83,129.514,0,1,12.4673,6149.08,1.08717,4.16604,258.643
1879.00,1001531,CP,2023-02-12 12:00:00,2026-08-01 00:00:00,2026-08-01,34.7556,1.53587,1032.03,2.44386,0.244386,476.346,,0,1,6.72015,5090.13,0.785092,4.53204,170.94
1880.00,1001532,PC,2023-04-11 12:00:00,2026-08-01 00:00:00,2026-08-01,68.7986,3.0197,312.099,1.71956,0.171956,459.315,7.45183,0,1,14.4707,5806.98,0.884214,4.51554,313.599
1881.00,1001532,PC,2025-08-13 12:00:00,2026-08-01 00:00:00,2026-08-01,21.3279,3.36877,6135.76,8.53788,0.853788,678.663,35.5171,0,1,14.4707,5806.98,0.884214,4.51554,313.599
1882.00,1001533,PC,2021-04-12 12:00:00,2026-08-01 00:00:00,2026-08-01,2.8067,2.19282,3882.9,7.45511,0.745511,1695.43,1383.37,0,1,11.4436,6601.09,1.10486,4.82792,74.6422
1883.00,1001534,FP,2024-05-10 12:00:00,2026-08-01 00:00:00,2026-08-01,19.9118,1.59165,1767.02,5.22448,0.522448,916.458,118.106,0,1,11.1152,7160.69,1.01291,4.61581,120.798
1884.00,1001534,PC,2025-03-12 12:00:00,2026-08-01 00:00:00,2026-08-01,6.38457,6.30065,3105.99,6.62962,0.662962,,538.156,0,1,11.1152,7160.69,1.01291,4.61581,120.798
1885.00,1001535,PC,2025-03-12 12:00:00,2026-08-01 00:00:00,2026-08-01,7.92803,2.94754,2737.4,5.25502,0.525502,1189.07,334.7,0,1,10.3045,7163.35,0.922174,4.31203,96.8843
1886.00,1001536,PC,2023-07-14 12:00:00,2026-08-01 00:00:00,2026-08-01,5.08454,4.85472,685.491,1.97945,0.197945,1134.55,277.403,0,1,11.8915,,0.68636,4.29139,279.991
1887.00,1001537,PC,2020-06-13 12:00:00,2026-08-01 00:00:00,2026-08-01,2.83268,2.62307,4036.49,7.86238,0.786238,1578.78,1040.18,0,1,14.5167,5828.17,1.2366,4.4874,186.869
1888.00,1001538,CP,2023-05-15 12:00:00,2026-08-01 00:00:00,2026-08-01,6.48859,1.82776,2177.22,7.08664,0.708664,1463.95,768.991,0,1,12.1973,6533.3,1.47029,4.0659,86.1947
1889.00,1001539,PC,2022-08-13 12:00:00,2026-08-01 00:00:00,2026-08-01,105.552,6.29162,476.48,2.24355,0.224355,370.226,,0,1,,5237.01,0.939568,4.0219,489.35
1890.00,1001540,FP,2019-02-16 12:00:00,2026-08-01 00:00:00,2026-08-01,6.72606,2.38389,4313.68,4.66766,0.466766,861.845,92.3714,0,1,8.88372,5469.57,0.74469,4.50908,121.193
1891.00,1001541,PC,2024-04-12 12:00:00,2026-08-01 00:00:00,2026-08-01,2.29213,4.46028,511.698,1.94888,0.194888,1117.96,261.536,0,1,10.9404,4824.21,0.78586,4.63837,141.769
1892.00,1001541,PC,2020-05-13 12:00:00,2026-08-01 00:00:00,2026-08-01,2.97514,3.14099,1334.62,2.93736,0.293736,1024.88,,0,1,10.9404,4824.21,0.78586,4.63837,141.769
1893.00,1001542,FP,2025-08-15 12:00:00,2026-08-01 00:00:00,2026-08-01,12.7627,4.19333,2158.4,4.84873,0.484873,945.213,133.641,0,1,10.4597,6337.15,,4.31443,310.855
1894.00,1001543,PC,2023-07-14 12:00:00,2026-08-01 00:00:00,2026-08-01,6.26865,1.26337,369.771,1.72995,0.172995,976.197,152.045,0,1,11.5947,5810.32,0.807809,4.54153,366.183
1895.00,1001544,PC,2023-03-16 12:00:00,2026-08-01 00:00:00,2026-08-01,4.1544,5.56865,647.753,,0.257663,1598.1,1092.05,0,1,9.81446,8084.5,0.850015,4.16487,165.735
1896.00,1001545,PC,2021-08-11 12:00:00,2026-08-01 00:00:00,2026-08-01,8.73241,3.27022,602.034,3.82857,0.382857,980.673,154.852,0,1,10.3356,5373.3,1.18897,4.59238,585.409
1897.00,1001546,FP,2025-01-17 12:00:00,2026-08-01 00:00:00,2026-08-01,1.43336,6.596,6846.68,12.0376,1.20376,1563.19,999.705,0,1,8.13098,4604.14,1.23353,4.76609,117.942
1898.00,1001547,PC,2023-05-11 12:00:00,2026-08-01 00:00:00,2026-08-01,9.06511,1.62989,561.96,3.89488,0.389488,1099.03,244.265,0,1,10.8086,5543.17,,4.35534,667.534
1899.00,1001548,FP,2019-03-10 12:00:00,2026-08-01 00:00:00,2026-08-01,3.59016,2.71175,7011.97,14.2184,1.42184,1637.01,1202.34,0,1,12.5391,5856.93,1.54178,4.06036,299.973
1900.00,1001548,PC,2021-05-14 12:00:00,2026-08-01 00:00:00,2026-08-01,7.71575,2.26468,7390.71,15.3304,,1268.52,433.517,0,1,12.5391,5856.93,,4.06036,299.973
1901.00,1001548,PC,2023-06-10 12:00:00,2026-08-01 00:00:00,2026-08-01,17.4549,2.78632,664.532,4.15599,0.415599,966.31,145.978,0,1,12.5391,5856.93,1.54178,4.06036,299.973
1902.00,1001549,PC,2021-06-12 12:00:00,2026-08-01 00:00:00,2026-08-01,3.44556,5.41579,2136.06,4.32437,0.432437,1005.76,171.316,0,1,12.2604,4892.76,0.811404,4.76369,80.7273
1903.00,1001550,FP,2025-06-16 12:00:00,2026-08-01 00:00:00,2026-08-01,8.1829,3.43712,13156,16.617,1.6617,1303.28,483.032,0,1,10.3411,6676.28,1.30256,4.94743,315.711
1904.00,1001551,APC,2025-08-17 12:00:00,2026-08-01 00:00:00,2026-08-01,2.69753,4.96877,4369.26,5.47779,0.547779,1549.02,963.944,0,1,11.1866,7170.99,0.761117,4.41586,166.685
1905.00,1001552,FP,2022-02-16 12:00:00,2026-08-01 00:00:00,2026-08-01,0.360373,4.63085,1538.94,4.44458,0.444458,2774.06,9914.78,0,1,10.1904,5507.8,1.08134,3.95418,166.716
1906.00,1001552,PC,2019-01-10 12:00:00,2026-08-01 00:00:00,2026-08-01,12.0138,2.39747,1037.53,3.78336,0.378336,861.932,92.4087,0,1,10.1904,5507.8,1.08134,3.95418,166.716
1907.00,1001553,FP,2020-05-12 12:00:00,2026-08-01 00:00:00,2026-08-01,1.10224,6.78503,,24.5176,,1757.31,1596.66,0,1,10.7319,4502.73,1.36808,4.34481,105.375
1908.00,1001554,PC,2024-04-17 12:00:00,2026-08-01 00:00:00,2026-08-01,5.06463,4.56571,386.311,1.40825,0.140825,693.951,38.8273,0,1,10.6201,3921.35,0.777444,4.36126,162.242
1909.00,1001555,CP,2025-06-12 12:00:00,2026-08-01 00:00:00,2026-08-01,0.517312,3.64604,16046.8,22.1265,2.21265,3011.45,13769.7,0,1,11.3129,5715.7,1.50579,4.22965,81.5789
1910.00,1001556,FP,2024-03-18 12:00:00,2026-08-01 00:00:00,2026-08-01,0.97305,3.98002,4452.33,9.33625,0.933625,2561.8,7211.12,0,1,9.59961,6399.04,1.32475,4.28515,
1911.00,1001557,PC,2020-03-11 12:00:00,2026-08-01 00:00:00,2026-08-01,4.75647,3.8049,2704.19,3.38319,0.338319,798.213,67.9667,0,1,13.4734,4699.52,0.686812,4.24318,217.018
1912.00,1001558,FP,2021-08-13 12:00:00,2026-08-01 00:00:00,2026-08-01,3.99975,4.58424,4366.29,7.02335,0.702335,1085.51,232.462,0,1,9.52725,5075.03,0.970349,4.62492,84.5868
1913.00,1001559,PC,2022-04-14 12:00:00,2026-08-01 00:00:00,2026-08-01,4.96631,2.53651,309.52,2.77063,0.277063,1397.19,638.027,0,1,10.5738,6039.11,1.3115,4.46299,91.5053
1914.00,1001560,PC,2020-08-14 12:00:00,2026-08-01 00:00:00,2026-08-01,25.1547,1.95568,3705.25,8.7223,0.87223,818.683,75.2114,0,1,11.9094,6150.07,1.28056,4.62458,423.663
1915.00,1001561,PC,2024-07-10 12:00:00,2026-08-01 00:00:00,2026-08-01,63.8213,6.02461,932.533,2.15308,0.215308,400.866,4.32331,0,1,11.3235,5867.91,0.627371,4.61899,399.803
1916.00,1001562,FP,2020-01-16 12:00:00,2026-08-01 00:00:00,2026-08-01,5.41971,3.35613,5147.82,13.74,1.374,1334.89,531.615,0,1,11.9572,5375.27,1.60173,4.51371,122.676
1917.00,1001563,FP,2024-07-13 12:00:00,2026-08-01 00:00:00,2026-08-01,1.04466,9.13715,3240.3,8.25581,0.825581,2006.76,,0,1,8.96247,5470.08,1.16637,4.46286,360.444
1918.00,1001564,FP,2024-03-16 12:00:00,2026-08-01 00:00:00,2026-08-01,3.27556,4.80703,6081.98,8.13411,0.813411,1244.72,401.888,0,1,10.2043,5183.01,1.07074,4.33436,136.143
1919.00,1001565,PC,2023-03-14 12:00:00,2026-08-01 00:00:00,2026-08-01,15.9628,2.87159,743.823,2.97016,0.297016,820.747,75.9729,0,1,12.3167,5811.73,1.0643,4.36893,63.6278
1920.00,1001566,PC,2021-07-14 12:00:00,2026-08-01 00:00:00,2026-08-01,11.3593,3.26861,8419.63,15.0718,1.50718,1108.24,252.558,0,1,11.5865,6183.22,1.36644,4.31497,70.6261
1921.00,1001567,PC,2019-06-13 12:00:00,2026-08-01 00:00:00,2026-08-01,21.0994,4.15198,3097.77,6.27005,0.627005,867.637,94.8795,0,1,11.2922,6762.71,1.05795,4.33646,80.4061
1922.00,1001568,PC,2022-07-17 12:00:00,2026-08-01 00:00:00,2026-08-01,3.42595,2.84563,1275.46,3.20684,0.320684,1079.41,227.28,0,1,11.0589,5433.56,0.75493,4.78303,85.2654
1923.00,1001569,PC,2022-02-17 12:00:00,2026-08-01 00:00:00,2026-08-01,0.9242,2.92823,4575.71,5.99739,0.599739,1775.57,1664.07,0,1,12.9614,5750.17,0.761507,4.56342,429.749
1924.00,1001570,PC,2023-04-15 12:00:00,2026-08-01 00:00:00,2026-08-01,9.16913,6.00538,2103.28,3.75595,0.375595,877.825,99.4149,0,1,13.0993,5922.72,0.810044,4.56372,142.416
1925.00,1001570,PC,2021-07-10 12:00:00,2026-08-01 00:00:00,2026-08-01,2.31161,3.61304,1554.81,3.24426,0.324426,1389.57,624.22,0,1,13.0993,5922.72,0.810044,4.56372,142.416
1926.00,1001571,PC,2021-03-13 12:00:00,2026-08-01 00:00:00,2026-08-01,10.1123,2.92887,1190.02,3.54554,0.354554,989.9,160.763,0,1,12.2114,5965.26,1.08395,4.2882,218.784
1927.00,1001572,PC,2023-01-16 12:00:00,2026-08-01 00:00:00,2026-08-01,6.2049,4.37898,8105.87,14.5646,1.45646,1250.21,409.025,0,1,8.28161,5412.23,1.51665,4.35216,82.9997
1928.00,1001572,APC,2021-08-15 12:00:00,2026-08-01 00:00:00,2026-08-01,8.6256,1.3319,657.358,4.42762,0.442762,1120.2,263.639,0,1,8.28161,5412.23,1.51665,4.35216,82.9997
1929.00,1001573,CP,2022-08-16 12:00:00,2026-08-01 00:00:00,2026-08-01,6.98808,1.62651,1601.15,3.63712,0.363712,925.997,123.1,0,1,9.57977,5508.42,0.869467,3.91375,196.859
1930.00,1001574,PC,2021-04-16 12:00:00,2026-08-01 00:00:00,2026-08-01,7.2658,,767.808,1.78746,0.178746,853.269,88.7493,0,1,12.7756,6355.16,0.569236,4.8164,185.706
1931.00,1001574,FP,2021-07-17 12:00:00,2026-08-01 00:00:00,2026-08-01,4.50351,5.14615,2581.69,3.09108,0.309108,1000.76,167.935,0,1,12.7756,6355.16,0.569236,4.8164,185.706
1932.00,1001574,PC,2020-05-12 12:00:00,2026-08-01 00:00:00,2026-08-01,1.22653,4.66487,165.613,,0.0769335,1543.91,,0,1,12.7756,,0.569236,,185.706
1933.00,1001575,KP,2020-01-15 12:00:00,2026-08-01 00:00:00,2026-08-01,3.60044,4.10759,5119.61,4.29315,0.429315,813.848,73.4503,0,1,10.483,5092.49,0.505026,4.14241,198.126
1934.00,1001576,PC,2023-05-17 12:00:00,2026-08-01 00:00:00,2026-08-01,1.53307,3.09491,514.152,4.28853,0.428853,2520.82,6760.61,0,1,9.5587,6673.49,1.59686,4.3774,244.357
1935.00,1001577,PC,2021-08-13 12:00:00,2026-08-01 00:00:00,2026-08-01,5.12671,2.65341,792.233,2.7065,0.27065,1206.16,354.359,0,1,11.6348,,0.835792,4.37139,97.3249
1936.00,1001578,CP,2020-06-18 12:00:00,2026-08-01 00:00:00,2026-08-01,1.21749,,643.383,1.85955,0.185955,1595.79,1085.73,0,1,10.4903,5660.46,0.762794,4.18886,191.557
1937.00,1001579,CP,2025-03-10 12:00:00,2026-08-01 00:00:00,2026-08-01,11.4493,2.74419,304.878,3.92374,0.392374,1431.28,702.62,0,1,10.605,6394.11,2.14253,4.46454,80.9105
1938.00,1001580,PC,2022-05-16 12:00:00,2026-08-01 00:00:00,2026-08-01,7.35612,4.17992,9249.75,16.604,1.6604,1330.87,525.245,0,1,12.5064,5641.14,1.77209,4.45286,83.6138
1939.00,1001580,PC,2023-07-15 12:00:00,2026-08-01 00:00:00,2026-08-01,9.5521,5.08565,867.922,5.49628,0.549628,1219.88,370.762,0,1,12.5064,5641.14,1.77209,4.45286,83.6138
1940.00,1001581,FP,2020-04-18 12:00:00,2026-08-01 00:00:00,2026-08-01,8.03846,2.92348,4402.78,8.89359,0.889359,1249.05,407.517,0,1,9.24919,6590.48,1.21328,4.70952,175.405
1941.00,1001582,FP,2021-07-13 12:00:00,2026-08-01 00:00:00,2026-08-01,27.255,3.73923,2963.22,5.42118,0.542118,371.344,3.18364,0,1,9.14201,3570.61,0.824543,4.41168,466.885
1942.00,1001583,APC,2020-05-16 12:00:00,2026-08-01 00:00:00,2026-08-01,0.907722,4.24953,1455.15,5.52819,0.552819,1845.75,1943.19,0,1,10.9132,4848.07,1.14383,4.27348,156.014
1943.00,1001584,FP,2024-08-13 12:00:00,2026-08-01 00:00:00,2026-08-01,1.09491,5.85827,479.666,1.81569,0.181569,1364.54,580.455,0,1,9.59564,4888.06,0.696843,4.49032,312.213
1944.00,1001585,CP,2025-05-13 12:00:00,2026-08-01 00:00:00,2026-08-01,17.3905,3.98019,1217.61,3.45565,0.345565,643.512,28.711,0,1,10.8525,5061.52,,3.96945,59.0232
1945.00,1001586,CP,2022-08-18 12:00:00,2026-08-01 00:00:00,2026-08-01,16.3582,2.81503,278.787,1.08509,0.108509,,28.9482,0,1,11.5795,5736.28,0.685456,4.6683,157.982
1946.00,1001587,PC,2025-07-13 12:00:00,2026-08-01 00:00:00,2026-08-01,23.9249,2.89163,215.595,1.01129,0.101129,511.681,11.4767,0,1,,5120.02,0.698025,4.43615,409.468
1947.00,1001588,PC,2023-04-10 12:00:00,2026-08-01 00:00:00,2026-08-01,4.42322,4.8285,227.996,2.00154,0.200154,,248.085,0,1,10.9411,5288.08,0.987349,4.7243,311.569
1948.00,1001589,PC,2023-03-14 12:00:00,2026-08-01 00:00:00,2026-08-01,27.4988,4.4657,3028.71,10.025,1.0025,646.41,29.2317,0,1,8.9654,4498.2,1.58367,4.35267,139.303
1949.00,1001590,APC,2020-07-11 12:00:00,2026-08-01 00:00:00,2026-08-01,2.68674,2.69999,1928.06,6.07723,0.607723,1283.95,454.999,0,1,12.2252,4927.53,1.10451,4.33861,167.348
1950.00,1001591,PC,2021-08-16 12:00:00,2026-08-01 00:00:00,2026-08-01,4.55301,3.69452,376.456,2.69057,0.269057,1412.74,666.916,0,1,11.8785,6162.77,1.21513,,498.165
1951.00,1001592,CP,2023-07-15 12:00:00,2026-08-01 00:00:00,2026-08-01,5.3155,,4929.09,4.95506,0.495506,997.655,165.86,0,1,10.5959,5993.59,0.710339,4.54733,251.873
1952.00,1001592,CP,2022-02-16 12:00:00,2026-08-01 00:00:00,2026-08-01,1.87712,3.35733,432.23,1.65388,0.165388,1411.45,664.475,0,1,10.5959,5993.59,0.710339,4.54733,251.873
1953.00,1001593,CP,2023-03-10 12:00:00,2026-08-01 00:00:00,2026-08-01,7.48227,,3222.36,6.16082,0.616082,1019.87,181.131,0,1,8.24634,5526.98,1.09643,4.86717,122.479
1954.00,1001594,PC,2021-02-14 12:00:00,2026-08-01 00:00:00,2026-08-01,,,2642.64,2.536,0.2536,328.067,1.93941,0,1,12.3819,4696.79,0.458595,4.46569,82.3608
1955.00,1001595,KP,2019-02-13 12:00:00,2026-08-01 00:00:00,2026-08-01,22.0441,,321.966,,0.150673,846.969,86.1571,0,1,10.4476,7458.26,0.853439,4.36569,229.001
1956.00,1001596,CP,2020-04-13 12:00:00,2026-08-01 00:00:00,2026-08-01,10.247,4.83958,751.193,8.05968,0.805968,1575.61,1031.84,0,1,13.5801,6346.88,2.44731,4.4355,260.914
1957.00,1001597,PC,2020-08-17 12:00:00,2026-08-01 00:00:00,2026-08-01,11.4599,8.39067,354.671,1.47669,0.147669,849.047,87.0059,0,1,14.439,6557.65,0.717251,4.25721,85.6998
1958.00,1001598,FP,2025-01-18 12:00:00,2026-08-01 00:00:00,2026-08-01,1.03586,2.99876,32915.7,10.7078,1.07078,1647.82,1234.42,0,1,9.94728,6434.42,0.565178,4.84922,133.946
1959.00,1001599,FP,2021-06-13 12:00:00,2026-08-01 00:00:00,2026-08-01,4.65086,4.17108,6327.88,6.57564,0.657564,1004.44,170.422,0,1,,5365.92,0.821806,4.60269,136.216
1960.00,1001600,CP,2020-05-17 12:00:00,2026-08-01 00:00:00,2026-08-01,2.11299,2.37883,2814.89,,0.299532,1040.82,196.481,0,1,8.73554,5473.75,0.501144,4.46747,257.852
1961.00,1001601,PC,2024-06-11 12:00:00,2026-08-01 00:00:00,2026-08-01,9.78984,2.97931,541.731,2.11721,0.211721,891.222,,0,1,14.4517,5708.54,0.938907,4.08795,146.55
1962.00,1001602,PC,2020-03-14 12:00:00,2026-08-01 00:00:00,2026-08-01,1.27739,1.32961,1521.89,4.20189,0.420189,2002.66,2693.1,0,1,8.63295,6551.51,0.925976,4.60614,177.577
1963.00,1001602,KP,2019-02-14 12:00:00,2026-08-01 00:00:00,2026-08-01,6.30665,4.988,5057.88,8.20503,0.820503,1176.12,320.347,0,1,8.63295,6551.51,0.925976,4.60614,177.577
1964.00,1001603,PC,2019-02-18 12:00:00,2026-08-01 00:00:00,2026-08-01,113.31,2.55652,515.627,3.24899,0.324899,486.343,9.36677,0,1,9.2232,6214.61,1.20712,4.41941,458.013
1965.00,1001604,KP,2020-03-10 12:00:00,2026-08-01 00:00:00,2026-08-01,6.08224,3.27637,,4.98855,0.498855,1198.4,345.32,0,1,10.0239,6476.19,0.960403,4.38283,111.163
1966.00,1001605,FP,2024-08-12 12:00:00,2026-08-01 00:00:00,2026-08-01,5.13207,2.82057,85834.8,,5.03977,1746.05,1556.15,0,1,12.2656,7437.6,1.38026,4.32074,107.584
1967.00,1001606,PC,2023-07-14 12:00:00,2026-08-01 00:00:00,2026-08-01,6.08097,4.1314,10771.5,9.22258,0.922258,1215.1,,0,1,11.1879,,0.934602,4.55574,163.039
1968.00,1001607,PC,2021-01-12 12:00:00,2026-08-01 00:00:00,2026-08-01,3.99904,2.55973,1435.17,3.90517,0.390517,1025.38,185.081,0,1,11.5588,4332.4,,4.40041,98.9462
1969.00,1001608,CP,2021-08-16 12:00:00,2026-08-01 00:00:00,2026-08-01,3.78941,3.64203,749.579,7.24281,0.724281,2053.8,2978.88,0,1,10.1555,6856.4,1.83578,4.52332,208.726
1970.00,1001608,PC,2021-03-10 12:00:00,2026-08-01 00:00:00,2026-08-01,118.657,2.20156,303.235,3.4295,0.34295,651.604,30.1826,0,1,10.1555,6856.4,1.83578,4.52332,
1971.00,1001609,FP,2019-05-11 12:00:00,2026-08-01 00:00:00,2026-08-01,0.781026,3.19774,1320.07,,0.394475,1817.82,1828.2,0,1,9.21823,5128.09,0.897049,4.47946,184.845
1972.00,1001610,CP,2021-06-12 12:00:00,2026-08-01 00:00:00,2026-08-01,4.11661,2.96138,414.971,2.22234,0.222234,1320.47,509.028,0,1,8.69169,6018.33,,4.13978,214.196
1973.00,1001611,PC,2024-08-13 12:00:00,2026-08-01 00:00:00,2026-08-01,20.2966,1.91803,4665.41,9.82598,0.982598,,96.1208,0,1,12.2159,6044.46,,4.51507,189.945
1974.00,1001612,PC,2025-01-15 12:00:00,2026-08-01 00:00:00,2026-08-01,2.90782,2.62412,3394.37,3.62321,0.362321,1026.67,186.015,0,1,10.8457,5272.01,0.650338,4.21951,172.07
1975.00,1001613,APC,2020-07-13 12:00:00,2026-08-01 00:00:00,2026-08-01,4.10939,3.77413,6680.97,5.84826,0.584826,975.683,151.724,0,1,12.9784,5677.11,0.637867,4.05317,146.062
1976.00,1001614,FP,2023-02-15 12:00:00,2026-08-01 00:00:00,2026-08-01,9.37574,5.59219,1927.83,2.78793,0.278793,898.189,108.966,0,1,11.747,6639.47,0.684947,,86.2637
1977.00,1001615,FP,2024-06-10 12:00:00,2026-08-01 00:00:00,2026-08-01,11.9884,2.08313,4445.44,7.60662,0.760662,876.549,98.8382,0,1,9.54635,5774.31,1.01604,3.95855,232.886
1978.00,1001616,PC,2024-01-12 12:00:00,2026-08-01 00:00:00,2026-08-01,4.37188,3.24297,4464.72,9.4341,0.94341,1017.54,179.481,0,1,10.9301,3951.09,1.49266,4.39386,154.739
1979.00,1001617,PC,2020-06-11 12:00:00,2026-08-01 00:00:00,2026-08-01,3.11043,3.38518,14751.3,21.442,2.1442,1792.55,1728.64,0,1,,6633.48,1.30975,4.56945,124.478
1980.00,1001618,PC,2023-05-18 12:00:00,2026-08-01 00:00:00,2026-08-01,7.20957,2.99604,857.159,3.3365,0.33365,937.392,129.273,0,1,13.5632,4936.96,1.13252,4.30317,136.452
1981.00,1001618,FP,2023-08-10 12:00:00,2026-08-01 00:00:00,2026-08-01,7.91127,2.86554,23070.9,20.7456,2.07456,908.816,114.215,0,1,13.5632,4936.96,1.13252,,136.452
1982.00,1001619,PC,2019-02-16 12:00:00,2026-08-01 00:00:00,2026-08-01,3.43798,2.86117,356.085,2.47212,0.247212,960.075,142.246,0,1,8.8538,3914.06,1.15365,4.09756,203.757
1983.00,1001620,CP,2024-08-16 12:00:00,2026-08-01 00:00:00,2026-08-01,7.56666,3.35023,416.445,1.14089,0.114089,731.322,47.8911,0,1,8.9157,5902.66,0.498013,4.73917,246.266
1984.00,1001621,PC,2021-05-12 12:00:00,2026-08-01 00:00:00,2026-08-01,1.28478,1.40968,4632.47,7.597,0.7597,1571.75,1021.78,0,1,13.236,4970.52,0.994717,4.10428,207.328
1985.00,1001622,PC,2022-08-15 12:00:00,2026-08-01 00:00:00,2026-08-01,3.1388,3.06823,3290.65,10.0125,1.00125,1640.47,1212.53,0,1,12.4614,5881.65,1.40377,4.38973,96.4041
1986.00,1001623,PC,2023-02-13 12:00:00,2026-08-01 00:00:00,2026-08-01,42.0722,4.74556,20401.9,18.8413,1.88413,484.239,9.2058,0,1,11.8674,4601.37,1.1277,4.62436,321.471
1987.00,1001624,CP,2024-01-17 12:00:00,2026-08-01 00:00:00,2026-08-01,1.26994,1.73638,336.308,1.29098,0.129098,1135.72,278.552,0,1,11.575,4557.85,0.612907,4.09638,150.097
1988.00,1001625,APC,2022-03-15 12:00:00,2026-08-01 00:00:00,2026-08-01,68.2291,3.06794,2005.16,4.67685,0.467685,407.669,4.62434,0,1,8.11277,5225.1,0.855568,4.37754,295.316
1989.00,1001626,FP,2025-06-18 12:00:00,2026-08-01 00:00:00,2026-08-01,2.76562,6.14647,11652.5,20.6565,2.06565,2072.94,3091.51,0,1,10.9696,6065.98,1.9368,4.26083,197.216
1990.00,1001627,PC,2019-08-15 12:00:00,2026-08-01 00:00:00,2026-08-01,,1.77082,3451.66,4.73468,0.473468,579.144,18.8351,0,1,8.73936,5136.28,0.757883,4.49752,259.224
1991.00,1001628,FP,2023-07-13 12:00:00,2026-08-01 00:00:00,2026-08-01,3.43123,,8175.11,8.96547,0.896547,1371.83,592.958,0,1,11.5571,6385.19,0.883901,4.40896,261.724
1992.00,1001629,PC,2020-02-11 12:00:00,2026-08-01 00:00:00,2026-08-01,3.86433,1.66146,951.66,3.03837,0.303837,1141.76,284.524,0,1,11.992,5646.65,0.847489,4.33617,219.63
1993.00,1001630,PC,2021-04-10 12:00:00,2026-08-01 00:00:00,2026-08-01,2.93664,1.89306,1003.87,1.86077,0.186077,1068.45,218.187,0,1,12.874,,0.578842,4.07302,732.437
1994.00,1001631,CP,2021-01-11 12:00:00,2026-08-01 00:00:00,2026-08-01,11.8032,5.16248,,6.78934,0.678934,891.432,105.724,0,1,9.22101,4057.8,2.10595,3.92077,224.594
1995.00,1001632,FP,2024-06-14 12:00:00,2026-08-01 00:00:00,2026-08-01,5.59678,2.11586,5921.32,9.12389,0.912389,1244.46,401.551,0,1,9.34205,6078.27,1.11227,4.48103,250.802
1996.00,1001633,CP,2022-06-13 12:00:00,2026-08-01 00:00:00,2026-08-01,8.00086,3.15814,829.044,3.38826,0.338826,1312.08,496.201,0,1,8.39379,6909.46,,4.17041,107.362
1997.00,1001634,PC,2019-02-14 12:00:00,2026-08-01 00:00:00,2026-08-01,5.67801,4.36544,1085.22,3.79688,0.379688,1415.72,672.561,0,1,10.6706,6718.32,1.18964,4.10405,200.394
1998.00,1001635,PC,2019-01-18 12:00:00,2026-08-01 00:00:00,2026-08-01,60.3088,2.47128,1357.45,3.45275,0.345275,345.041,2.37304,0,1,11.0779,4213.32,0.868155,4.77622,316.817
1999.00,1001636,CP,2025-03-16 12:00:00,2026-08-01 00:00:00,2026-08-01,20.4863,4.49521,659.135,1.94967,0.194967,415.968,5.01257,0,1,11.1759,4082.46,0.654288,4.47773,75.127
2000.00,1001637,PC,2020-06-17 12:00:00,2026-08-01 00:00:00,2026-08-01,3.76572,7.90264,14048.1,7.8993,0.78993,935.807,,0,1,11.7046,5149.51,0.672857,,102.751
2001.00,1001638,PC,2020-05-17 12:00:00,2026-08-01 00:00:00,2026-08-01,4.23003,4.71043,4045.44,9.34901,0.934901,1316.48,502.894,0,1,13.2477,5309.38,1.35359,4.75066,338.792
2002.00,1001639,PC,2025-05-17 12:00:00,2026-08-01 00:00:00,2026-08-01,16.042,4.29768,210.55,1.79965,0.179965,,182.168,0,1,10.5455,7237.67,1.06615,4.54651,193.364
2003.00,1001640,PC,2020-07-12 12:00:00,2026-08-01 00:00:00,2026-08-01,10.9729,1.74503,322.482,2.02073,0.202073,813.818,73.4394,0,1,11.8138,5373.63,0.953344,4.22821,1089.9
2004.00,1001641,PC,2019-08-13 12:00:00,2026-08-01 00:00:00,2026-08-01,7.18905,1.85426,630.6,2.55956,0.255956,995.343,164.328,0,1,9.27879,5622.42,0.982644,4.48016,286.364
2005.00,1001642,PC,2021-06-18 12:00:00,2026-08-01 00:00:00,2026-08-01,2.00053,3.20797,1876.62,2.61861,0.261861,1197.07,343.799,0,1,11.021,5783.38,0.572566,4.48349,258.182
2006.00,1001643,KP,2021-05-13 12:00:00,2026-08-01 00:00:00,2026-08-01,14.8819,3.85758,327.513,1.6062,0.16062,614.017,,0,1,10.1239,4705.06,0.867334,4.65388,419.719
2007.00,1001644,FP,2025-08-11 12:00:00,2026-08-01 00:00:00,2026-08-01,7.24432,2.62213,1473.65,4.64505,0.464505,918.97,119.406,0,1,11.627,4784.2,1.16279,4.37582,51.5981
2008.00,1001645,CP,2019-07-11 12:00:00,2026-08-01 00:00:00,2026-08-01,0.777904,2.71815,715.003,2.80649,0.280649,1864.67,2024.09,0,1,10.8824,5135.09,0.938806,4.65577,142.787
2009.00,1001645,CP,2022-02-18 12:00:00,2026-08-01 00:00:00,2026-08-01,3.81333,2.91788,2649.26,4.97577,0.497577,1097.68,243.067,0,1,10.8824,5135.09,0.938806,,142.787
2010.00,1001645,PC,2020-08-10 12:00:00,2026-08-01 00:00:00,2026-08-01,0.897962,3.23558,1608.59,4.07001,0.407001,1777.56,1671.56,0,1,10.8824,5135.09,0.938806,4.65577,142.787
2011.00,1001646,PC,2024-07-17 12:00:00,2026-08-01 00:00:00,2026-08-01,50.1793,2.00829,532.258,1.8362,,455.1,7.18204,0,1,12.7404,5312.3,,4.38731,171.68
2012.00,1001647,APC,2023-07-18 12:00:00,2026-08-01 00:00:00,2026-08-01,6.56954,4.823,1436.16,2.52615,0.252615,891.205,105.617,0,1,11.3133,6150.88,0.619851,4.56512,320.709
2013.00,1001648,PC,2019-02-11 12:00:00,2026-08-01 00:00:00,2026-08-01,6.73738,6.34792,8104.44,11.5898,1.15898,1103.64,248.39,0,1,10.9208,5375.29,1.2658,4.27584,132.044
2014.00,1001649,PC,2019-08-16 12:00:00,2026-08-01 00:00:00,2026-08-01,16.0277,3.24933,13200.5,17.524,1.7524,799.763,68.496,0,1,11.4271,5244.66,1.24428,4.52077,541.595
2015.00,1001650,PC,2021-02-12 12:00:00,2026-08-01 00:00:00,2026-08-01,4.84363,2.33191,1373.23,2.57081,0.257081,915.072,117.393,0,1,13.4104,5090.19,0.778767,4.05753,130.187
2016.00,1001651,KP,2025-02-14 12:00:00,2026-08-01 00:00:00,2026-08-01,1.54931,1.85744,3367.99,6.80627,0.680627,2040.11,2900.24,0,1,8.64029,,1.1195,3.96614,74.0733
2017.00,1001652,PC,2023-06-14 12:00:00,2026-08-01 00:00:00,2026-08-01,1.83065,1.63863,1316.06,5.38621,0.538621,1569.94,1017.07,0,1,12.2741,5090.76,1.19799,4.41837,249.133
2018.00,1001653,KP,2022-06-18 12:00:00,2026-08-01 00:00:00,2026-08-01,2.44109,3.77539,12375.7,9.66253,,1117.68,261.272,0,1,8.59178,4913.23,0.789724,4.45576,194.467
2019.00,1001654,PC,2025-01-15 12:00:00,2026-08-01 00:00:00,2026-08-01,2.30207,7.68268,2167.5,3.92528,0.392528,786.898,64.194,0,1,12.5658,3648.79,0.682551,4.2262,124.38
2020.00,1001655,FA,2022-08-18 12:00:00,2026-08-01 00:00:00,2026-08-01,5.96004,7.94482,1251.21,2.22132,0.222132,974.712,151.122,0,1,10.3903,6939.39,0.545917,4.32665,148.789
2021.00,1001656,PC,2021-06-16 12:00:00,2026-08-01 00:00:00,2026-08-01,33.5532,3.49428,1352.41,3.9027,0.39027,335.125,2.11179,0,1,13.937,3512.35,0.797185,4.46948,121.52
2022.00,1001657,PC,2024-02-17 12:00:00,2026-08-01 00:00:00,2026-08-01,4.53143,3.36711,396.569,2.63368,0.263368,970.747,148.677,0,1,11.9985,4338.38,1.15406,4.51326,252.239
2023.00,1001658,FP,2024-01-13 12:00:00,2026-08-01 00:00:00,2026-08-01,4.20621,3.45977,6250.79,5.4428,0.54428,1027.58,186.677,0,1,11.3826,6215.07,0.599589,4.73703,110.804
2024.00,1001659,PC,2023-04-18 12:00:00,2026-08-01 00:00:00,2026-08-01,2.48658,3.81847,664.381,2.37467,0.237467,1131.16,274.102,0,1,9.79296,4837.33,0.844797,4.59314,254.53
2025.00,1001660,PC,2022-04-15 12:00:00,2026-08-01 00:00:00,2026-08-01,10.2832,5.5149,12867.9,14.9057,1.49057,1018.67,180.281,0,1,11.1095,5905.69,1.18429,4.90502,556.684
2026.00,1001660,PC,2020-06-11 12:00:00,2026-08-01 00:00:00,2026-08-01,23.685,1.96866,852.389,4.27319,,771.348,59.2683,0,1,11.1095,5905.69,1.18429,4.90502,556.684
2027.00,1001661,PC,2020-08-16 12:00:00,2026-08-01 00:00:00,2026-08-01,4.13461,4.41448,4585.76,7.31853,0.731853,1355.09,564.542,0,1,13.6565,6032.71,1.09409,4.43304,217.966
2028.00,1001661,FP,2024-04-15 12:00:00,2026-08-01 00:00:00,2026-08-01,3.34718,2.9823,4081.77,7.23353,0.723353,1453.97,748.234,0,1,13.6565,6032.71,1.09409,4.43304,217.966
2029.00,1001661,APC,2024-04-13 12:00:00,2026-08-01 00:00:00,2026-08-01,38.7331,7.74986,1568.37,5.36406,0.536406,642.815,28.5868,0,1,13.6565,6032.71,1.09409,4.43304,217.966
2030.00,1001662,FP,2021-02-10 12:00:00,2026-08-01 00:00:00,2026-08-01,1.21189,14.3847,16276.3,17.7394,1.77394,1889.37,2133.48,0,1,8.89967,5394.1,1.17387,4.23102,115.615
2031.00,1001663,CP,2020-05-16 12:00:00,2026-08-01 00:00:00,2026-08-01,1.55322,3.79506,1796.93,5.09242,0.509242,1744.52,1550.7,0,1,10.6385,5896.32,0.98824,4.87431,481.179
2032.00,1001664,PC,2025-01-12 12:00:00,2026-08-01 00:00:00,2026-08-01,7.44391,3.33013,,1.855,0.1855,924.667,122.395,0,1,11.9949,5715.92,0.839814,4.13457,312.175
2033.00,1001664,PC,2020-07-18 12:00:00,2026-08-01 00:00:00,2026-08-01,28.7777,2.95714,12331,8.69394,0.869394,589.161,20.1724,0,1,11.9949,5715.92,0.839814,4.13457,312.175
2034.00,1001665,PC,2022-04-17 12:00:00,2026-08-01 00:00:00,2026-08-01,4.85073,2.15987,4489.23,6.18687,0.618687,999.952,167.393,0,1,10.6707,5181.84,,4.51388,52.2987
2035.00,1001666,KP,2024-08-10 12:00:00,2026-08-01 00:00:00,2026-08-01,10.4769,1.81106,1303.87,4.76897,0.476897,1038.23,194.534,0,1,10.0943,5605.87,1.38242,4.82353,531.21
2036.00,1001666,CP,2021-04-10 12:00:00,2026-08-01 00:00:00,2026-08-01,6.00999,2.34805,5817.17,11.0011,1.10011,1249.53,408.137,0,1,10.0943,5605.87,1.38242,4.82353,531.21
2037.00,1001667,FP,2020-04-17 12:00:00,2026-08-01 00:00:00,2026-08-01,0.798278,3.21993,5548.56,4.78914,0.478914,1844.44,1937.66,0,1,13.0688,6240.97,0.632671,4.47087,401.902
2038.00,1001667,PC,2019-08-11 12:00:00,2026-08-01 00:00:00,2026-08-01,20.0266,3.47078,4119.87,4.84779,0.484779,630.057,26.384,0,1,13.0688,6240.97,0.632671,4.47087,401.902
2039.00,1001668,FP,2023-07-18 12:00:00,2026-08-01 00:00:00,2026-08-01,2.43508,2.38409,4265.13,8.65138,0.865138,1139.95,282.724,0,1,9.87818,4114.66,1.1694,4.54133,91.3486
2040.00,1001668,PC,2024-04-14 12:00:00,2026-08-01 00:00:00,2026-08-01,6.22029,4.89462,551.532,,0.311739,833.911,80.9656,0,1,9.87818,4114.66,1.1694,4.54133,91.3486
2041.00,1001669,PC,2025-04-11 12:00:00,2026-08-01 00:00:00,2026-08-01,1.54803,3.46028,10922.3,13.8974,1.38974,2087.78,3181,0,1,9.46148,6289.5,1.2412,4.24715,77.2403
2042.00,1001670,PC,2022-07-14 12:00:00,2026-08-01 00:00:00,2026-08-01,27.2887,7.06525,332.525,,0.179039,521.111,12.3464,0,1,10.5564,4877.16,0.871029,4.84242,137.596
2043.00,1001671,PC,2024-01-16 12:00:00,2026-08-01 00:00:00,2026-08-01,17.7334,1.8487,4371.86,7.08465,0.708465,876.389,98.7661,0,1,13.1412,6230.05,1.13272,4.90673,72.9255
2044.00,1001672,PC,2024-02-15 12:00:00,2026-08-01 00:00:00,2026-08-01,4.06939,4.5243,362.512,1.2849,0.12849,1026.15,,0,1,8.60955,5644.67,0.709056,4.21711,233.938
2045.00,1001673,PC,2023-02-14 12:00:00,2026-08-01 00:00:00,2026-08-01,10.9294,11.0355,1892.98,6.19814,0.619814,863.8,93.2124,0,1,13.1405,4868.95,1.30477,4.69689,83.3258
2046.00,1001674,FP,2023-07-14 12:00:00,2026-08-01 00:00:00,2026-08-01,6.93728,2.04453,356.217,,0.171012,884.396,102.426,0,1,9.02486,5070.85,0.93134,4.58057,324.789
2047.00,1001675,PC,2025-05-12 12:00:00,2026-08-01 00:00:00,2026-08-01,40.7131,3.44343,769.601,4.90394,0.490394,812.654,73.0203,0,1,9.74783,6287.11,1.66437,4.45185,177.391
2048.00,1001675,PC,2020-02-14 12:00:00,2026-08-01 00:00:00,2026-08-01,3.14296,3.60271,1196.65,5.99682,0.599682,1908.55,2221.45,0,1,9.74783,6287.11,1.66437,4.45185,177.391
2049.00,1001676,FP,2022-05-12 12:00:00,2026-08-01 00:00:00,2026-08-01,117.022,3.06593,7789.71,13.3239,1.33239,458.135,7.37555,0,1,,5722.84,1.2906,4.27174,111.769
2050.00,1001677,PC,2025-01-15 12:00:00,2026-08-01 00:00:00,2026-08-01,4.89948,3.46715,3650.3,10.7445,1.07445,1388.82,622.888,0,1,15.1533,5519.85,1.53718,4.26821,110.871
2051.00,1001677,PC,2023-08-17 12:00:00,2026-08-01 00:00:00,2026-08-01,3.2059,3.46232,9618.32,15.0969,1.50969,1599.73,1096.5,0,1,15.1533,5519.85,1.53718,4.26821,110.871
2052.00,1001678,PC,2024-02-15 12:00:00,2026-08-01 00:00:00,2026-08-01,3.95942,6.48436,3186.04,12.4624,1.24624,2126.69,3424.79,0,1,12.9995,6689.85,2.12901,4.45484,147.039
2053.00,1001679,PC,2019-08-13 12:00:00,2026-08-01 00:00:00,2026-08-01,5.75064,4.15894,5154.24,,1.30019,1438.61,717.116,0,1,15.239,,1.8315,4.51713,172.482
2054.00,1001680,PC,2025-01-18 12:00:00,2026-08-01 00:00:00,2026-08-01,3.13572,4.89452,10248.2,9.86393,0.986393,1641.37,1215.2,0,1,8.22837,7336.75,0.90257,4.48553,134.4
2055.00,1001681,FP,2025-08-11 12:00:00,2026-08-01 00:00:00,2026-08-01,,3.0715,8129.46,7.52579,0.752579,993.257,162.955,0,1,8.1389,5195.74,0.778597,,
2056.00,1001682,CP,2023-02-12 12:00:00,2026-08-01 00:00:00,2026-08-01,18.8743,1.99111,1187.46,3.4743,0.34743,881.479,101.081,0,1,9.16928,6430.71,1.12117,4.26204,146.311
2057.00,1001683,CP,2019-03-18 12:00:00,2026-08-01 00:00:00,2026-08-01,1.78057,2.8967,996.819,4.46576,0.446576,1936.51,2354.5,0,1,9.5605,5830.41,1.36415,4.65839,573.024
2058.00,1001684,CP,2022-08-13 12:00:00,2026-08-01 00:00:00,2026-08-01,0.670244,4.06443,4082.22,3.91074,0.391074,1381.15,609.242,0,1,10.9497,4411.64,0.631862,4.21151,92.8933
2059.00,1001685,PC,2024-01-17 12:00:00,2026-08-01 00:00:00,2026-08-01,2.94939,4.65057,2725.22,5.56011,0.556011,965.409,145.434,0,1,12.7115,4462.29,0.810297,4.65141,127.974
2060.00,1001686,FP,2020-07-16 12:00:00,2026-08-01 00:00:00,2026-08-01,18.9221,2.7227,13942.4,14.7699,1.47699,708.938,42.2915,0,1,9.69186,5430.62,1.01862,4.73408,138.261
2061.00,1001687,FP,2019-06-13 12:00:00,2026-08-01 00:00:00,2026-08-01,15.541,6.9709,10231.3,13.9189,1.39189,923.917,121.998,0,1,8.79516,6440.87,1.07865,4.37645,60.6127
2062.00,1001688,CP,2025-03-11 12:00:00,2026-08-01 00:00:00,2026-08-01,,1.56865,936.82,,,1433.83,707.632,0,1,10.2355,5072.65,0.566878,4.47485,190.954
2063.00,1001689,FP,2019-04-11 12:00:00,2026-08-01 00:00:00,2026-08-01,4.86423,5.03584,3037.26,8.75867,0.875867,1583.99,1053.97,0,1,10.0128,6164.53,1.5955,4.84653,183.651
2064.00,1001689,CP,2022-07-17 12:00:00,2026-08-01 00:00:00,2026-08-01,7.20242,2.28878,5519.34,12.0687,1.20687,1389.73,624.514,0,1,,6164.53,1.5955,4.84653,183.651
2065.00,1001689,FP,2022-05-18 12:00:00,2026-08-01 00:00:00,2026-08-01,1.41873,,11607.4,21.0693,2.10693,2388.49,5448.96,0,1,10.0128,6164.53,1.5955,4.84653,183.651
2066.00,1001690,CP,2022-02-16 12:00:00,2026-08-01 00:00:00,2026-08-01,15.9922,2.89985,767.085,2.95465,0.295465,922.157,121.071,0,1,11.1475,6454.85,1.0905,4.3145,217.42
2067.00,1001691,FP,2022-03-13 12:00:00,2026-08-01 00:00:00,2026-08-01,0.390162,4.08047,5420.01,,0.580984,2851.15,11063.6,0,1,11.8111,6835.62,0.78192,4.89345,304.431
2068.00,1001692,FP,2024-04-17 12:00:00,2026-08-01 00:00:00,2026-08-01,0.793041,6.65429,5422.58,12.4049,1.24049,2488.89,6424.56,0,1,10.1536,6023.91,1.23112,4.46864,527.899
2069.00,1001693,PC,2023-05-12 12:00:00,2026-08-01 00:00:00,2026-08-01,10.0506,2.67034,596.04,2.01086,0.201086,867.282,94.7246,0,1,13.8558,5965.8,0.828503,4.17537,125.312
2070.00,1001694,FP,2020-04-16 12:00:00,2026-08-01 00:00:00,2026-08-01,2.42022,3.17747,17060.4,10.9503,1.09503,1167.69,311.261,0,1,10.9479,,0.795976,4.20586,146.684
2071.00,1001695,PC,2020-05-10 12:00:00,2026-08-01 00:00:00,2026-08-01,1.97561,3.12652,550.362,1.483,0.1483,995.894,164.692,0,1,11.8259,4849.09,0.559016,4.48844,159.596
2072.00,1001696,FP,2025-02-15 12:00:00,2026-08-01 00:00:00,2026-08-01,0.852017,4.55014,,6.12754,0.612754,2464.03,6171.68,0,1,11.1415,7983.14,0.720708,4.49405,130.662
2073.00,1001697,FP,2024-06-12 12:00:00,2026-08-01 00:00:00,2026-08-01,2.03118,6.60025,2796.56,8.99933,0.899933,1937.51,2359.39,0,1,7.30337,5994.41,1.41041,4.18076,176.886
2074.00,1001698,PC,2021-08-10 12:00:00,2026-08-01 00:00:00,2026-08-01,44.1242,2.68218,1645.97,4.566,0.4566,684.916,36.8443,0,1,9.68024,6785.85,1.07078,4.24154,100.672
2075.00,1001698,CP,2023-01-10 12:00:00,2026-08-01 00:00:00,2026-08-01,2.04277,5.51723,8824.02,9.97038,0.997038,1907.46,2216.39,0,1,9.68024,6785.85,1.07078,4.24154,100.672
2076.00,1001699,PC,2022-01-14 12:00:00,2026-08-01 00:00:00,2026-08-01,1.54166,2.65272,502.718,3.86438,0.386438,2821.43,10609.6,0,1,14.9243,7763.28,1.48375,4.65412,341.653
2077.00,1001700,FP,2025-07-12 12:00:00,2026-08-01 00:00:00,2026-08-01,1.59074,3.24178,2596.66,7.84195,0.784195,1935.96,2351.82,0,1,11.46,5443.12,1.45104,4.48364,214.542
2078.00,1001701,PC,2019-02-13 12:00:00,2026-08-01 00:00:00,2026-08-01,4.44857,3.0925,2650.33,4.37064,0.437064,1040.97,196.598,0,1,11.2241,5793.24,0.735134,,341.802
2079.00,1001702,PC,2020-03-11 12:00:00,2026-08-01 00:00:00,2026-08-01,4.2958,2.01779,3991.69,7.32062,0.732062,1382.94,612.397,0,1,11.4199,6616.93,0.971642,4.38048,819.622
2080.00,1001703,PC,2020-05-17 12:00:00,2026-08-01 00:00:00,2026-08-01,5.17481,3.46137,1534.74,2.65658,0.265658,576.617,18.5085,0,1,12.4633,3809.22,0.577055,4.34617,314.354
2081.00,1001704,PC,2025-05-16 12:00:00,2026-08-01 00:00:00,2026-08-01,38.7975,2.83043,1636.67,8.45432,0.845432,972.943,150.028,0,1,10.3595,7507.92,1.62003,4.05047,
2082.00,1001705,PC,2022-06-15 12:00:00,2026-08-01 00:00:00,2026-08-01,70.1132,2.24288,595.922,4.10642,0.410642,633.647,26.9904,0,1,10.7848,6343.07,1.42828,4.22157,174.438
2083.00,1001706,PC,2025-01-10 12:00:00,2026-08-01 00:00:00,2026-08-01,2.1731,5.24814,305.093,2.2648,0.22648,1144.09,286.85,0,1,14.2427,,1.46535,4.4121,81.7939
2084.00,1001707,PC,2019-04-17 12:00:00,2026-08-01 00:00:00,2026-08-01,5.14357,2.61927,1106.98,4.51009,,1153.85,296.77,0,1,10.9623,5356.45,1.16387,4.47781,184.554
2085.00,1001708,PC,2025-04-16 12:00:00,2026-08-01 00:00:00,2026-08-01,1.81853,3.50135,2822.58,4.75135,0.475135,1642.24,1217.77,0,1,12.1409,6433.8,0.817085,4.40209,652.073
2086.00,1001709,FP,2019-07-16 12:00:00,2026-08-01 00:00:00,2026-08-01,1.08959,3.53916,2102.32,4.5776,0.45776,1757.95,1598.99,0,1,11.6217,5135.68,1.04434,4.26794,254.9
2087.00,1001709,APC,2023-08-15 12:00:00,2026-08-01 00:00:00,2026-08-01,6.65303,5.55055,6799.47,9.69117,0.969117,,143.275,0,1,11.6217,5135.68,1.04434,4.26794,254.9
2088.00,1001710,PC,2021-02-17 12:00:00,2026-08-01 00:00:00,2026-08-01,5.15995,1.87019,,4.15753,0.415753,1241.06,397.183,0,1,10.6653,5803,,4.56607,133.353
2089.00,1001711,FP,2019-08-11 12:00:00,2026-08-01 00:00:00,2026-08-01,5.77639,2.16836,7857.69,11.5429,1.15429,1427.41,695.053,0,1,7.73752,6353.03,1.36801,4.57466,1087.67
2090.00,1001712,CP,2020-02-17 12:00:00,2026-08-01 00:00:00,2026-08-01,13.4142,2.70223,1536.69,2.30117,0.230117,602.447,22.0544,0,1,11.5881,5364.76,0.599278,4.26266,177.163
2091.00,1001713,CP,2023-07-16 12:00:00,2026-08-01 00:00:00,2026-08-01,42.4511,3.7912,1514.53,5.59315,0.559315,764.985,57.3367,0,1,9.89453,6458.86,1.43694,4.73706,144.876
2092.00,1001714,FP,2020-03-12 12:00:00,2026-08-01 00:00:00,2026-08-01,13.8548,4.4392,3605.79,5.28828,0.528828,927.719,124.019,0,1,11.0018,7328.9,0.778049,4.22133,249.052
2093.00,1001715,APC,2024-04-14 12:00:00,2026-08-01 00:00:00,2026-08-01,4.43247,1.60425,1787.77,5.17112,0.517112,1075.59,224.081,0,1,,4705.83,1.18659,4.60085,136.414
2094.00,1001716,PC,2020-02-18 12:00:00,2026-08-01 00:00:00,2026-08-01,2.34755,9.54995,863.739,2.01985,0.201985,1114.42,258.236,0,1,12.4873,5503.5,0.609651,4.44598,141.078
2095.00,1001717,FP,2022-07-10 12:00:00,2026-08-01 00:00:00,2026-08-01,12.8948,4.8603,1781.64,3.36758,0.336758,864.526,93.5264,0,1,9.49716,6950.88,0.716038,4.54235,158.543
2096.00,1001718,FP,2020-02-15 12:00:00,2026-08-01 00:00:00,2026-08-01,2.7394,9.72879,3482.02,5.62473,0.562473,1395.37,634.708,0,1,13.2234,6021.3,0.885014,4.12736,395.599
2097.00,1001718,PC,2022-06-15 12:00:00,2026-08-01 00:00:00,2026-08-01,2.7232,2.70124,3382.39,5.59954,0.559954,1398.13,639.747,0,1,13.2234,6021.3,0.885014,4.12736,395.599
2098.00,1001718,PC,2023-02-16 12:00:00,2026-08-01 00:00:00,2026-08-01,14.0752,3.44594,991.093,2.90627,0.290627,808.639,71.5879,0,1,13.2234,6021.3,0.885014,4.12736,395.599
2099.00,1001719,CP,2021-05-14 12:00:00,2026-08-01 00:00:00,2026-08-01,8.46189,3.25464,1651.02,7.25178,0.725178,826.677,78.1924,0,1,8.14118,4295.5,1.29461,4.1813,136.129
2100.00,1001720,CP,2025-08-13 12:00:00,2026-08-01 00:00:00,2026-08-01,5.37117,2.38443,944.62,4.51673,0.451673,1345.94,549.441,0,1,12.6957,6064.88,1.27146,4.03159,228.732
2101.00,1001721,PC,2019-02-18 12:00:00,2026-08-01 00:00:00,2026-08-01,,2.32435,2767.36,4.08124,0.408124,1563.38,1000.19,0,1,10.5543,6494.51,,4.328,92.2203
2102.00,1001722,CP,2025-02-16 12:00:00,2026-08-01 00:00:00,2026-08-01,23.725,3.05615,791.516,3.13684,0.313684,,44.2425,0,1,10.7915,5368.49,1.23963,4.59765,523.904
2103.00,1001723,FP,2019-07-15 12:00:00,2026-08-01 00:00:00,2026-08-01,5.08658,3.83124,9063.14,6.90034,0.690034,838.998,82.9593,0,1,10.2378,,0.781705,4.82067,460.428
2104.00,1001724,PC,2022-04-12 12:00:00,2026-08-01 00:00:00,2026-08-01,52.1997,3.02802,967.792,2.33575,0.233575,365.31,2.98173,0,1,12.8433,4603.67,0.740305,4.06281,180.118
2105.00,1001725,PC,2022-06-17 12:00:00,2026-08-01 00:00:00,2026-08-01,20.4498,4.56471,2045.9,5.39567,0.539567,707.397,41.9251,0,1,11.86,5228.82,1.15212,4.38179,148.251
2106.00,1001726,APC,2019-07-12 12:00:00,2026-08-01 00:00:00,2026-08-01,25.3954,3.61856,393.645,1.91324,0.191324,672.635,34.2719,0,1,,6502.88,0.778097,4.89137,163.699
2107.00,1001727,PC,2025-02-12 12:00:00,2026-08-01 00:00:00,2026-08-01,50.6081,3.09007,1123.55,3.92166,0.392166,554.401,15.8168,0,1,11.2873,6106.07,0.949412,,167.665
2108.00,1001728,PC,2021-02-13 12:00:00,2026-08-01 00:00:00,2026-08-01,,2.39404,5423.96,8.78187,0.878187,1188.53,334.09,0,1,12.4531,6295.08,0.971009,3.91235,56.0382
2109.00,1001729,CP,2025-03-18 12:00:00,2026-08-01 00:00:00,2026-08-01,5.34778,7.96833,2655.96,6.43021,,1187.7,333.158,0,1,10.5202,5584.05,1.16453,3.89447,148.27
2110.00,1001730,PC,2023-02-12 12:00:00,2026-08-01 00:00:00,2026-08-01,22.1634,2.09919,218.443,1.55195,0.155195,787.606,64.4252,0,1,11.9738,6243.19,1.05701,4.34128,237.712
2111.00,1001731,FP,2019-05-10 12:00:00,2026-08-01 00:00:00,2026-08-01,5.19017,4.47035,1333.59,5.11597,0.511597,1265.08,428.833,0,1,11.0616,5449.71,1.35975,4.04058,96.3831
2112.00,1001732,FP,2024-02-12 12:00:00,2026-08-01 00:00:00,2026-08-01,0.573862,3.37978,9681.66,6.1552,0.61552,,985.444,0,1,,4678.32,0.644338,5.02563,336.609
2113.00,1001733,FP,2022-06-18 12:00:00,2026-08-01 00:00:00,2026-08-01,21.1435,4.29228,3529.12,6.92785,0.692785,748.795,52.6347,0,1,11.8363,5519.36,1.18463,4.45073,289.785
2114.00,1001734,PC,2024-06-17 12:00:00,2026-08-01 00:00:00,2026-08-01,10.6139,4.70227,161.495,1.73464,0.173464,831.077,79.8704,0,1,10.2235,5018.3,1.11499,,179.761
2115.00,1001735,PC,2023-03-10 12:00:00,2026-08-01 00:00:00,2026-08-01,7.73748,2.94476,234.562,0.916675,0.0916675,664.307,32.6059,0,1,13.5657,4985.07,0.58476,4.06238,383.807
2116.00,1001736,FP,2019-08-17 12:00:00,2026-08-01 00:00:00,2026-08-01,2.55555,4.09277,1443.82,3.19734,0.319734,1387.05,619.715,0,1,,6310.1,0.760245,4.66747,224.911
2117.00,1001737,PC,2022-04-12 12:00:00,2026-08-01 00:00:00,2026-08-01,3.80678,,896.969,2.64709,0.264709,1112.37,256.338,0,1,10.4964,,0.681038,4.28958,163.822
2118.00,1001738,CP,2024-01-12 12:00:00,2026-08-01 00:00:00,2026-08-01,8.94748,3.81463,717.13,3.792,0.3792,825.747,77.8412,0,1,9.4214,4632.6,1.15265,4.52834,64.3382
2119.00,1001738,FP,2024-06-10 12:00:00,2026-08-01 00:00:00,2026-08-01,4.25714,4.90172,11484.1,11.9655,1.19655,1057.73,209.565,0,1,9.4214,4632.6,1.15265,4.52834,64.3382
2120.00,1001738,CP,2020-03-16 12:00:00,2026-08-01 00:00:00,2026-08-01,2.57653,2.13697,13922.3,16.2645,1.62645,1250.46,409.351,0,1,9.4214,4632.6,1.15265,4.52834,64.3382
2121.00,1001739,PC,2025-07-14 12:00:00,2026-08-01 00:00:00,2026-08-01,1.57483,1.96875,891.647,2.33446,0.233446,1351.04,557.819,0,1,13.9394,5057.94,0.812946,4.19731,276.952
2122.00,1001740,CP,2024-05-18 12:00:00,2026-08-01 00:00:00,2026-08-01,54.0895,2.42567,498.299,1.62077,0.162077,365.093,2.97463,0,1,10.5686,4714.04,0.722123,4.465,428.923
2123.00,1001741,FP,2023-02-11 12:00:00,2026-08-01 00:00:00,2026-08-01,2.22554,3.44735,4310.91,9.21413,0.921413,1948.14,2411.57,0,1,13.457,6501.66,1.28824,4.49132,160.471
2124.00,1001742,CP,2019-03-12 12:00:00,2026-08-01 00:00:00,2026-08-01,12.2358,4.82647,,12.5848,1.25848,924.337,122.22,0,1,9.45148,4957.97,1.55354,4.42511,115.901
2125.00,1001743,PC,2021-07-13 12:00:00,2026-08-01 00:00:00,2026-08-01,33.7088,3.34525,4816.16,5.84472,0.584472,,17.1003,0,1,10.8481,5850.82,0.820044,4.18687,62.8476
2126.00,1001744,FP,2020-08-13 12:00:00,2026-08-01 00:00:00,2026-08-01,1.61034,6.39907,2885.69,3.9103,0.39103,1476.42,795.528,0,1,12.3004,6202.36,0.655286,4.68709,325.254
2127.00,1001745,PC,2020-01-14 12:00:00,2026-08-01 00:00:00,2026-08-01,0.84691,3.13399,6663.23,8.83162,0.883162,2112.28,3332.91,0,1,12.3243,5588.28,1.07651,4.29963,166.664
2128.00,1001746,PC,2025-04-12 12:00:00,2026-08-01 00:00:00,2026-08-01,12.6989,7.06136,2525.8,6.2914,0.62914,943.616,132.74,0,1,11.0828,5815.18,1.2064,4.27951,192.394
2129.00,1001747,PC,2025-02-13 12:00:00,2026-08-01 00:00:00,2026-08-01,0.533608,2.40545,684.043,2.37808,0.237808,2587.83,7508.72,0,1,8.56695,6473.92,0.884851,4.2903,207.03
2130.00,1001748,PC,2024-08-18 12:00:00,2026-08-01 00:00:00,2026-08-01,2.13971,2.25013,,2.46638,0.246638,1478.65,800.345,0,1,10.8858,5767.35,0.918745,4.39468,257.433
2131.00,1001749,FP,2024-07-11 12:00:00,2026-08-01 00:00:00,2026-08-01,4.25868,4.71198,5937.8,14.5262,1.45262,1888.53,2129.68,0,1,8.96327,6672,1.77188,4.48493,486.828
2132.00,1001750,FA,2020-02-11 12:00:00,2026-08-01 00:00:00,2026-08-01,5.48463,3.7334,9206.2,8.14521,0.814521,1112.39,256.356,0,1,10.6486,6277.28,0.822086,4.33629,539.986
2133.00,1001751,PC,2020-01-14 12:00:00,2026-08-01 00:00:00,2026-08-01,7.14408,3.18986,287.994,2.44552,0.244552,968.573,147.35,0,1,12.8752,4869.28,1.23542,4.44993,85.0546
2134.00,1001751,PC,2022-04-12 12:00:00,2026-08-01 00:00:00,2026-08-01,2.77468,4.86921,2687.57,7.08694,0.708694,1327.53,519.99,0,1,12.8752,4869.28,1.23542,,85.0546
2135.00,1001752,PC,2023-06-13 12:00:00,2026-08-01 00:00:00,2026-08-01,12.1186,4.19975,1069.13,3.34621,0.334621,669.665,33.6706,0,1,10.3409,4583.99,0.947789,4.20492,238.598
2136.00,1001753,PC,2020-05-14 12:00:00,2026-08-01 00:00:00,2026-08-01,15.3124,2.0242,741.982,4.2015,0.42015,931.771,126.2,0,1,12.8541,6307.09,1.13285,4.644,
2137.00,1001754,PC,2019-06-18 12:00:00,2026-08-01 00:00:00,2026-08-01,2.27531,2.1249,464.369,1.78668,0.178668,1665.4,1287.94,0,1,8.94472,6555.83,,4.3043,250.784
2138.00,1001755,CP,2023-02-10 12:00:00,2026-08-01 00:00:00,2026-08-01,7.66259,1.86078,909.579,3.04489,0.304489,1085.95,232.843,0,1,10.9722,5973.88,1.08113,4.30685,
2139.00,1001756,PC,2020-02-11 12:00:00,2026-08-01 00:00:00,2026-08-01,19.2005,5.08079,933.953,5.05009,0.505009,993.019,162.799,0,1,11.4069,6125.51,1.58619,4.42417,141.885
2140.00,1001757,FP,2023-02-15 12:00:00,2026-08-01 00:00:00,2026-08-01,8.83288,3.07478,9975.47,11.2398,1.12398,1265.94,430.006,0,1,8.99998,6392,1.41082,4.60971,66.516
2141.00,1001758,PC,2023-05-14 12:00:00,2026-08-01 00:00:00,2026-08-01,34.0345,2.70292,2508.31,4.56505,0.456505,718.2,44.5452,0,1,10.7569,7428.98,0.826219,4.61653,120.825
2142.00,1001759,FP,2024-03-15 12:00:00,2026-08-01 00:00:00,2026-08-01,8.67077,3.20476,11600.7,6.18455,0.618455,646.164,29.1872,0,1,10.2706,5348.75,0.518485,4.74292,369.335
2143.00,1001760,FP,2021-02-11 12:00:00,2026-08-01 00:00:00,2026-08-01,11.5183,2.10829,4251.29,8.38248,0.838248,892.487,106.225,0,1,11.2465,5386.02,1.17881,4.21478,84.9351
2144.00,1001761,PC,2020-07-12 12:00:00,2026-08-01 00:00:00,2026-08-01,9.15273,2.65201,1016.02,6.09288,0.609288,1482.64,809.03,0,1,14.7812,6773.37,1.76474,4.43297,173.963
2145.00,1001762,PC,2020-03-13 12:00:00,2026-08-01 00:00:00,2026-08-01,2.43142,9.324,3227.42,5.86686,0.586686,967.622,146.772,0,1,13.0801,3939.36,0.918299,4.71741,76.3638
2146.00,1001763,CP,2020-04-17 12:00:00,2026-08-01 00:00:00,2026-08-01,5.45258,2.2317,44946.1,25.7622,2.57622,922.349,121.172,0,1,9.07891,4993.16,0.889798,4.78408,144.514
2147.00,1001764,PC,2025-08-11 12:00:00,2026-08-01 00:00:00,2026-08-01,2.37507,4.08776,3812.99,2.21902,0.221902,1158.95,302.052,0,1,13.2335,6834.86,0.430831,4.45154,
2148.00,1001765,CP,2025-01-14 12:00:00,2026-08-01 00:00:00,2026-08-01,7.99597,5.72596,1937.12,6.88276,0.688276,1044.36,199.173,0,1,10.4749,5322.57,1.29586,4.90895,351.481
2149.00,1001766,FP,2022-06-10 12:00:00,2026-08-01 00:00:00,2026-08-01,6.3677,5.40462,4149.85,8.17019,0.817019,1238.64,394.089,0,1,12.3013,6500.62,1.0499,3.98889,93.1033
2150.00,1001767,FP,2025-06-17 12:00:00,2026-08-01 00:00:00,2026-08-01,2.42332,5.29261,2731.81,7.66783,0.766783,1379.13,605.675,0,1,11.3064,4425.67,1.47472,4.41335,299.987
2151.00,1001768,FP,2021-04-17 12:00:00,2026-08-01 00:00:00,2026-08-01,11.7956,3.6431,1750.35,3.47216,0.347216,490.674,9.70494,0,1,10.8575,3803.87,0.725767,4.51041,129.819
2152.00,1001769,KP,2022-08-17 12:00:00,2026-08-01 00:00:00,2026-08-01,30.3583,3.6502,2482.73,3.98476,0.398476,542.646,14.5173,0,1,10.4565,5992.71,0.671668,4.76329,165.803
2153.00,1001770,CP,2023-03-12 12:00:00,2026-08-01 00:00:00,2026-08-01,16.9733,3.22278,604.273,2.5668,0.25668,600.085,21.7106,0,1,9.99601,4794.95,0.870734,4.40492,89.4329
2154.00,1001771,FP,2025-07-18 12:00:00,2026-08-01 00:00:00,2026-08-01,3.75355,2.93186,25510.7,9.2717,0.92717,694.747,39.0056,0,1,11.1588,4096.36,0.584793,4.29335,238.113
2155.00,1001772,FP,2019-05-17 12:00:00,2026-08-01 00:00:00,2026-08-01,4.34031,3.50386,5619.59,,0.690348,709.885,42.5179,0,1,10.7644,3811.64,0.776874,4.61791,445.353
2156.00,1001772,CP,2023-02-13 12:00:00,2026-08-01 00:00:00,2026-08-01,13.8421,2.92398,154.746,1.07501,0.107501,482.275,9.0573,0,1,10.7644,3811.64,0.776874,4.61791,445.353
2157.00,1001772,FP,2019-02-15 12:00:00,2026-08-01 00:00:00,2026-08-01,1.97862,1.87437,731.379,2.19094,0.219094,922.375,121.186,0,1,10.7644,3811.64,0.776874,4.61791,445.353
2158.00,1001773,PC,2020-03-11 12:00:00,2026-08-01 00:00:00,2026-08-01,35.2543,8.6283,3207.89,5.91935,0.591935,607.139,22.7496,0,1,10.2207,5965.52,0.937428,4.06002,978.77
2159.00,1001774,CP,2020-02-13 12:00:00,2026-08-01 00:00:00,2026-08-01,2.11884,0.957843,2903.52,6.69517,0.669517,1602.73,1104.76,0,1,6.89185,5833.25,1.0483,4.15243,152.592
2160.00,1001775,CP,2025-07-18 12:00:00,2026-08-01 00:00:00,2026-08-01,4.76028,1.93193,467.714,1.34596,0.134596,700.547,40.3245,0,1,10.6245,4435.22,0.594268,4.562,
2161.00,1001776,PC,2025-04-16 12:00:00,2026-08-01 00:00:00,2026-08-01,13.754,,1742.76,4.373,0.4373,799.738,68.4874,0,1,12.221,5810.67,0.915333,4.4358,148.936
2162.00,1001777,PC,2021-07-13 12:00:00,2026-08-01 00:00:00,2026-08-01,3.36074,5.43053,107.08,0.765146,0.0765146,1048.63,202.447,0,1,10.857,5585.47,0.665683,4.47077,
2163.00,1001778,CP,2023-08-13 12:00:00,2026-08-01 00:00:00,2026-08-01,2.14306,1.61634,175.346,1.08888,,1573.76,1027.01,0,1,12.9248,6476.15,0.82626,4.42992,94.5411
2164.00,1001779,CP,2025-01-16 12:00:00,2026-08-01 00:00:00,2026-08-01,61.2876,3.93305,1870.7,3.25756,0.325756,400.522,4.3085,0,1,8.43265,5586.87,0.672482,4.56772,74.065
2165.00,1001780,APC,2023-04-11 12:00:00,2026-08-01 00:00:00,2026-08-01,,3.77841,,3.49911,0.349911,1972.72,2535.62,0,1,13.0328,6849.8,0.595131,4.28278,134.054
2166.00,1001781,PC,2025-02-16 12:00:00,2026-08-01 00:00:00,2026-08-01,0.952034,2.21545,1426.39,2.14803,0.214803,1601.07,1100.16,0,1,10.2708,6149.81,0.552137,4.54528,181.069
2167.00,1001782,PC,2022-03-14 12:00:00,2026-08-01 00:00:00,2026-08-01,0.47796,3.45513,,6.67414,0.667414,2895.62,11770.3,0,1,12.2396,6661.82,0.972173,4.50351,61.0002
2168.00,1001783,CP,2021-06-18 12:00:00,2026-08-01 00:00:00,2026-08-01,0.69366,2.59491,2243.37,6.04838,0.604838,3122.67,15919.3,0,1,10.0912,7459.16,1.15599,4.36737,259.099
2169.00,1001784,FP,2025-08-15 12:00:00,2026-08-01 00:00:00,2026-08-01,3.17151,2.47592,7814.71,12.7906,1.27906,1972.46,2534.27,0,1,13.6357,7703.5,1.19124,4.62184,103.015
2170.00,1001785,PC,2020-05-11 12:00:00,2026-08-01 00:00:00,2026-08-01,17.9076,3.11381,5196.49,5.38499,0.538499,821.368,76.203,0,1,12.6743,7127.47,0.765151,4.13797,144.572
2171.00,1001786,PC,2022-02-10 12:00:00,2026-08-01 00:00:00,2026-08-01,6.81298,3.12848,1432.05,3.43532,0.343532,,85.2448,0,1,14.1568,5601.23,0.688015,4.70714,279.365
2172.00,1001787,APC,2019-05-12 12:00:00,2026-08-01 00:00:00,2026-08-01,4.08847,,3102.19,11.9777,1.19777,1525.01,905.549,0,1,10.3127,4831.61,2.14413,4.35267,332.676
2173.00,1001788,CP,2021-02-18 12:00:00,2026-08-01 00:00:00,2026-08-01,5.92051,2.8119,504.797,2.05983,0.205983,793.334,66.3201,0,1,9.9394,4876.87,0.728986,4.71884,88.6257
2174.00,1001789,FA,2025-01-10 12:00:00,2026-08-01 00:00:00,2026-08-01,5.93189,,3981.78,5.49758,0.549758,1256.48,417.293,0,1,11.4249,7225.09,0.834197,4.71015,238.412
2175.00,1001789,PC,2025-01-13 12:00:00,2026-08-01 00:00:00,2026-08-01,14.8611,3.47566,1154.88,3.73543,0.373543,925.13,122.64,0,1,11.4249,7225.09,0.834197,4.71015,
2176.00,1001789,PC,2022-06-18 12:00:00,2026-08-01 00:00:00,2026-08-01,4.95325,,1398.72,3.89035,0.389035,1334.31,530.695,0,1,11.4249,7225.09,0.834197,4.71015,238.412
2177.00,1001790,PC,2019-04-11 12:00:00,2026-08-01 00:00:00,2026-08-01,67.7938,8.34107,4002.13,4.69719,0.469719,273.177,0.932384,0,1,10.975,3735.05,0.748637,4.21509,52.2526
2178.00,1001791,PC,2019-04-12 12:00:00,2026-08-01 00:00:00,2026-08-01,15.9181,4.00545,1510.17,2.88452,0.288452,638.891,27.8951,0,1,11.6637,5079.41,0.8427,4.43397,455.814
2179.00,1001792,CP,2025-08-11 12:00:00,2026-08-01 00:00:00,2026-08-01,5.94131,3.39572,9587.78,10.3776,1.03776,888.016,104.113,0,1,12.7719,4659.35,1.00299,4.37931,126.254
2180.00,1001793,CP,2019-01-10 12:00:00,2026-08-01 00:00:00,2026-08-01,27.2411,2.11039,3061.78,5.65232,0.565232,,57.959,0,1,12.4877,6845.77,0.956766,4.1658,93.5256
2181.00,1001794,PC,2024-01-12 12:00:00,2026-08-01 00:00:00,2026-08-01,12.6238,5.32682,4098.04,3.64848,0.364848,649.947,29.8766,0,1,12.4019,5929.46,0.548323,4.60784,153.631
2182.00,1001795,KP,2019-04-17 12:00:00,2026-08-01 00:00:00,2026-08-01,34.5564,8.75666,1458.82,5.57182,0.557182,832.903,,0,1,8.08335,,1.54566,4.39658,325.655
2183.00,1001796,FP,2020-03-14 12:00:00,2026-08-01 00:00:00,2026-08-01,,4.78697,5176.92,7.90577,0.790577,1884.1,2109.78,0,1,10.9779,5794.48,1.05906,4.39194,320.08
2184.00,1001797,FP,2025-07-17 12:00:00,2026-08-01 00:00:00,2026-08-01,7.11889,8.1065,21238.7,26.9341,2.69341,994.468,163.751,0,1,9.7276,4390.76,1.59794,4.29724,247.245
2185.00,1001798,FP,2023-01-17 12:00:00,2026-08-01 00:00:00,2026-08-01,6.72193,3.09507,5235.13,6.63386,0.663386,958.428,141.273,0,1,12.5006,5892.03,0.793297,4.43692,97.5112
2186.00,1001799,PC,2022-06-10 12:00:00,2026-08-01 00:00:00,2026-08-01,2.56814,2.16388,3265.79,6.42247,0.642247,1166.72,310.237,0,1,,4538.92,1.04303,4.62458,127.739
2187.00,1001800,PC,2025-04-17 12:00:00,2026-08-01 00:00:00,2026-08-01,1.51803,2.20786,1460.02,,0.397679,1426.26,692.809,0,1,8.1481,4347.99,1.19635,3.81582,210.297
2188.00,1001801,PC,2025-06-14 12:00:00,2026-08-01 00:00:00,2026-08-01,27.7481,2.89041,4172.21,15.175,1.5175,853.182,88.7131,0,1,,5080.63,2.17565,4.21551,82.3067
2189.00,1001802,PC,2020-03-12 12:00:00,2026-08-01 00:00:00,2026-08-01,2.18961,3.06583,1972.09,,0.479989,1382.78,612.123,0,1,11.4678,,0.970396,4.63089,252.845
2190.00,1001803,FP,2023-04-13 12:00:00,2026-08-01 00:00:00,2026-08-01,1.60813,5.72695,6748.03,4.298,0.4298,1112.55,256.509,0,1,,5571.33,0.460737,4.12692,119.147
2191.00,1001804,PC,2020-01-15 12:00:00,2026-08-01 00:00:00,2026-08-01,7.10678,1.80221,882.672,2.48565,0.248565,672.115,34.1661,0,1,13.1472,4072.43,0.84751,4.72013,171.929
2192.00,1001805,PC,2019-04-11 12:00:00,2026-08-01 00:00:00,2026-08-01,15.2584,5.3723,731.139,2.2494,0.22494,674.648,34.6841,0,1,13.6612,5365.32,0.818752,4.58693,325.645
2193.00,1001806,FP,2019-01-10 12:00:00,2026-08-01 00:00:00,2026-08-01,1.54395,7.58332,5051.84,8.60929,0.860929,1290.2,463.927,0,1,10.2316,3783.45,1.30761,4.11846,266.038
2194.00,1001807,CP,2023-06-14 12:00:00,2026-08-01 00:00:00,2026-08-01,6.76916,1.16425,303.962,1.16919,0.116919,817.671,74.8404,0,1,9.61459,5387.8,0.693757,4.04573,878.031
2195.00,1001808,PC,2021-04-12 12:00:00,2026-08-01 00:00:00,2026-08-01,2.25399,5.73845,549.212,2.34339,0.234339,1560.71,993.362,0,1,11.9736,6104.02,0.946014,4.428,167.435
2196.00,1001808,PC,2024-07-11 12:00:00,2026-08-01 00:00:00,2026-08-01,4.73418,4.42742,885.236,2.73706,0.273706,1218.68,369.304,0,1,11.9736,6104.02,0.946014,4.428,
2197.00,1001809,PC,2024-07-13 12:00:00,2026-08-01 00:00:00,2026-08-01,68.6592,3.41966,2935.59,14.8742,1.48742,761.676,56.351,0,1,9.77906,5565.08,2.64391,4.73281,102.003
2198.00,1001810,PC,2023-05-17 12:00:00,2026-08-01 00:00:00,2026-08-01,6.63424,3.11078,6966.31,21.6808,2.16808,,122.811,0,1,10.0328,3601.92,1.96194,4.49361,168.726
2199.00,1001811,PC,2025-02-10 12:00:00,2026-08-01 00:00:00,2026-08-01,35.8867,2.48241,621.851,1.67881,0.167881,357.151,2.72414,0,1,11.6782,4047.72,0.712999,4.48211,165.628
2200.00,1001812,PC,2023-06-10 12:00:00,2026-08-01 00:00:00,2026-08-01,38.9239,3.01479,674.433,2.99687,0.299687,654.627,30.7465,0,1,12.2756,,1.16059,4.83688,509.494
2201.00,1001813,PC,2025-05-18 12:00:00,2026-08-01 00:00:00,2026-08-01,19.8351,3.34579,67426.8,18.9829,1.89829,608.718,,0,1,13.7593,5957.55,0.643927,4.60298,235.773
2202.00,1001814,CP,2020-07-16 12:00:00,2026-08-01 00:00:00,2026-08-01,2.9778,6.45575,885.742,2.25067,0.225067,1011.67,175.379,0,1,10.9802,4949.13,0.728004,4.21293,538.699
2203.00,1001815,PC,2021-06-15 12:00:00,2026-08-01 00:00:00,2026-08-01,7.27129,3.18461,572.792,2.30126,0.230126,1070.01,219.472,0,1,11.985,6631.13,0.822612,4.23344,474.413
2204.00,1001816,FP,2025-05-14 12:00:00,2026-08-01 00:00:00,2026-08-01,14.1764,7.02835,5960.69,6.12747,0.612747,627.79,26.0063,0,1,9.78677,5381.82,0.67091,4.28459,328.891
2205.00,1001817,FA,2020-01-12 12:00:00,2026-08-01 00:00:00,2026-08-01,8.76959,4.57726,14608.4,13.3263,1.33263,1066.19,216.351,0,1,12.0332,6340.94,1.01204,4.02528,104.582
2206.00,1001818,PC,2025-03-11 12:00:00,2026-08-01 00:00:00,2026-08-01,28.2358,2.30026,997.996,2.74344,0.274344,634.597,27.1528,0,1,13.0382,6121.3,0.838866,4.33978,
2207.00,1001819,FP,2021-04-11 12:00:00,2026-08-01 00:00:00,2026-08-01,5.77659,2.22626,7644.21,7.52127,0.752127,1010.24,174.387,0,1,11.4116,5864.56,0.804158,4.66482,91.9625
2208.00,1001820,APC,2024-02-14 12:00:00,2026-08-01 00:00:00,2026-08-01,8.73758,3.99347,4584.09,8.00711,0.800711,1294.02,469.446,0,1,12.2453,7506.39,1.0612,4.27306,232.442
2209.00,1001821,FP,2025-05-14 12:00:00,2026-08-01 00:00:00,2026-08-01,13.4797,5.74419,2938.24,4.42184,0.442184,882.767,101.673,0,1,11.3732,6963.33,0.766233,4.7269,171.545
2210.00,1001822,PC,2024-02-14 12:00:00,2026-08-01 00:00:00,2026-08-01,9.20307,5.38267,2891.36,7.14421,0.714421,844.055,,0,1,10.0158,4790.08,1.14779,4.1729,264.89
2211.00,1001823,APC,2025-08-16 12:00:00,2026-08-01 00:00:00,2026-08-01,5.96531,1.58152,537.044,2.23778,0.223778,913.837,116.76,0,1,8.53975,4908.15,0.959786,4.67939,54.4014
2212.00,1001824,PC,2025-03-15 12:00:00,2026-08-01 00:00:00,2026-08-01,8.49453,3.09189,1954.06,4.53291,0.453291,1013.52,176.666,0,1,10.5138,6625.92,0.819943,4.43477,195.68
2213.00,1001824,PC,2024-01-13 12:00:00,2026-08-01 00:00:00,2026-08-01,1.95232,2.24343,64.2199,0.734193,0.0734193,1654.61,1254.89,0,1,10.5138,6625.92,0.819943,4.43477,195.68
2214.00,1001825,CP,2021-01-10 12:00:00,2026-08-01 00:00:00,2026-08-01,8.62778,4.2392,1663.14,7.19804,0.719804,1332.88,528.428,0,1,8.7738,6745.83,1.38238,4.31805,643.101
2215.00,1001825,FP,2022-05-18 12:00:00,2026-08-01 00:00:00,2026-08-01,14.3326,4.0192,4527.91,9.83439,0.983439,1125.42,268.588,0,1,8.7738,6745.83,1.38238,4.31805,643.101
2216.00,1001825,CP,2019-05-13 12:00:00,2026-08-01 00:00:00,2026-08-01,12.7042,4.90028,968.046,4.4421,0.44421,1171.59,315.443,0,1,8.7738,6745.83,1.38238,4.31805,643.101
2217.00,1001826,PC,2020-08-15 12:00:00,2026-08-01 00:00:00,2026-08-01,17.6388,1.38154,248.25,1.10988,0.110988,530.913,13.3019,0,1,9.94334,4919.94,0.664185,4.26789,211.12
2218.00,1001827,APC,2021-06-16 12:00:00,2026-08-01 00:00:00,2026-08-01,8.98082,3.30328,682.498,1.3805,0.13805,868.738,95.3621,0,1,13.1797,7469.85,0.491905,4.30822,210.151
2219.00,1001828,CP,2022-06-13 12:00:00,2026-08-01 00:00:00,2026-08-01,22.4011,3.39052,1742.45,,0.289592,607.067,22.7388,0,1,12.0207,6292.54,0.622563,4.52116,235.133
2220.00,1001829,PC,2021-01-18 12:00:00,2026-08-01 00:00:00,2026-08-01,4.9526,2.79463,1605.85,4.56448,0.456448,1350.21,556.458,0,1,11.856,5991.04,1.24225,4.41299,96.0822
2221.00,1001830,PC,2024-04-13 12:00:00,2026-08-01 00:00:00,2026-08-01,,2.57593,90.3512,0.683063,0.0683063,898.647,109.189,0,1,11.7982,6721.1,0.572415,4.27266,70.4148
2222.00,1001831,PC,2022-02-18 12:00:00,2026-08-01 00:00:00,2026-08-01,7.57611,3.44849,5910.73,6.68085,0.668085,959.084,141.66,0,1,13.0885,6097.45,0.803338,3.97573,133.85
2223.00,1001832,CP,2020-06-18 12:00:00,2026-08-01 00:00:00,2026-08-01,4.39264,3.57405,1352.33,4.24169,0.424169,1083.6,230.833,0,1,8.54669,4911.69,1.09886,4.48587,368.733
2224.00,1001833,PC,2022-04-10 12:00:00,2026-08-01 00:00:00,2026-08-01,0.254588,3.16609,974.421,4.99381,0.499381,5197.45,122175,0,1,10.8759,7391.38,1.67188,4.41737,268.118
2225.00,1001834,PC,2024-05-17 12:00:00,2026-08-01 00:00:00,2026-08-01,7.62633,6.16989,9799.52,13.9993,1.39993,1399.3,641.897,0,1,9.27154,7172.86,1.24117,4.38636,575.29
2226.00,1001835,PC,2022-05-16 12:00:00,2026-08-01 00:00:00,2026-08-01,7.72126,1.88118,99.3544,0.907153,0.0907153,,,0,1,10.497,6526.91,0.955813,4.27009,104.044
2227.00,1001836,PC,2023-01-16 12:00:00,2026-08-01 00:00:00,2026-08-01,4.69358,2.31331,424.805,3.85422,0.385422,1491.5,828.533,0,1,14.1233,,1.74091,4.69506,163.866
2228.00,1001837,FP,2024-08-13 12:00:00,2026-08-01 00:00:00,2026-08-01,1.51197,3.37388,1313.61,2.79517,0.279517,1217.08,367.367,0,1,9.30464,4799.86,0.712955,4.64589,193.364
2229.00,1001838,FP,2020-06-18 12:00:00,2026-08-01 00:00:00,2026-08-01,3.07613,6.87041,3467.77,6.32074,0.632074,872.974,97.2356,0,1,8.42366,3698.58,0.991862,4.31261,112.475
2230.00,1001839,CP,2022-02-13 12:00:00,2026-08-01 00:00:00,2026-08-01,7.30668,5.19276,942.416,4.73259,0.473259,1091.82,237.915,0,1,10.3358,5768.15,1.1356,4.23713,213.124
2231.00,1001840,APC,2021-07-12 12:00:00,2026-08-01 00:00:00,2026-08-01,0.895071,5.12663,1739.94,5.54194,0.554194,2285.19,4565.76,0,1,12.389,5886.87,1.17806,4.60387,103.607
2232.00,1001841,CP,2022-08-14 12:00:00,2026-08-01 00:00:00,2026-08-01,24.4821,4.04558,3051.36,2.86607,0.286607,411.9,,0,1,7.32156,5129.05,0.457711,4.0365,98.4788
2233.00,1001842,PC,2021-06-16 12:00:00,2026-08-01 00:00:00,2026-08-01,2.34897,3.21526,131.138,1.80156,0.180156,1892.11,2145.88,0,1,11.5664,5903.36,1.52802,4.64198,156.044
2234.00,1001843,CP,2019-03-10 12:00:00,2026-08-01 00:00:00,2026-08-01,17.8021,3.92306,4078.95,2.26341,0.226341,508.322,11.1783,0,1,12.9488,5840.61,0.434703,4.10214,213.025
2235.00,1001844,PC,2020-06-11 12:00:00,2026-08-01 00:00:00,2026-08-01,6.5773,3.97126,196.453,1.47147,0.147147,1195.07,341.507,0,1,9.28705,6569.29,0.977915,4.25693,144.611
2236.00,1001845,FP,2024-01-14 12:00:00,2026-08-01 00:00:00,2026-08-01,2.03787,1.98694,3656.13,3.31888,0.331888,1144.64,,0,1,9.78444,6285.73,0.448671,4.77738,182.877
2237.00,1001846,FP,2023-01-17 12:00:00,2026-08-01 00:00:00,2026-08-01,9.48119,4.10179,3395.82,5.44298,0.544298,788.136,64.5988,0,1,11.0745,5071.44,0.910676,4.13133,358.12
2238.00,1001847,PC,2023-05-12 12:00:00,2026-08-01 00:00:00,2026-08-01,1.57141,4.61923,2568.71,4.90953,0.490953,1658.7,1267.33,0,1,12.5268,6125.01,0.83438,4.0481,227.571
2239.00,1001847,PC,2023-05-13 12:00:00,2026-08-01 00:00:00,2026-08-01,4.06944,1.93182,3050.62,,0.464416,,356.366,0,1,12.5268,6125.01,0.83438,4.0481,227.571
2240.00,1001848,PC,2021-06-10 12:00:00,2026-08-01 00:00:00,2026-08-01,,2.92695,1160.35,3.97099,0.397099,,54.1144,0,1,12.2457,,1.03083,4.6131,225.073
2241.00,1001849,FP,2021-05-12 12:00:00,2026-08-01 00:00:00,2026-08-01,1.04733,2.65264,5086.78,11.7286,1.17286,2572.29,7329.95,0,1,10.6702,6605.93,1.31627,4.52422,57.0514
2242.00,1001850,PC,2021-01-13 12:00:00,2026-08-01 00:00:00,2026-08-01,5.84966,1.54325,46995.6,34.0709,3.40709,1385.31,616.598,0,1,12.0244,6402.32,1.27944,4.3537,101.827
2243.00,1001851,PC,2020-07-13 12:00:00,2026-08-01 00:00:00,2026-08-01,7.61832,3.88484,715.462,2.81885,0.281885,707.989,42.0655,0,1,10.5029,4409.57,0.840137,4.1655,129.452
2244.00,1001852,PC,2020-07-16 12:00:00,2026-08-01 00:00:00,2026-08-01,6.57118,3.05305,475.474,2.31699,0.231699,1222.34,373.76,0,1,11.1241,6861.37,0.937225,4.14419,159.662
2245.00,1001853,CP,2023-03-17 12:00:00,2026-08-01 00:00:00,2026-08-01,0.846605,2.16512,62.1807,0.503653,0.0503653,1687.31,1357.05,0,1,10.0635,5859.29,0.624696,4.66439,
2246.00,1001854,PC,2022-04-12 12:00:00,2026-08-01 00:00:00,2026-08-01,3.67877,2.64739,1250.68,4.47204,0.447204,1329.61,523.267,0,1,13.3888,5268.83,1.27745,4.15416,134.315
2247.00,1001855,PC,2021-07-14 12:00:00,2026-08-01 00:00:00,2026-08-01,19.9385,2.26243,1425.52,1.4875,0.14875,464.09,7.76657,0,1,12.2701,5022.25,0.528508,4.32445,339.164
2248.00,1001856,PC,2020-01-12 12:00:00,2026-08-01 00:00:00,2026-08-01,1.79452,1.26183,2612.71,4.18711,0.418711,1468.29,778.152,0,1,12.7764,6114.7,0.716726,4.27225,174.882
2249.00,1001857,FP,2022-05-12 12:00:00,2026-08-01 00:00:00,2026-08-01,1.5952,2.10285,3227.35,,0.556179,1535.26,930.151,0,1,11.906,5382.18,0.935069,4.00657,63.0236
2250.00,1001858,FP,2024-05-10 12:00:00,2026-08-01 00:00:00,2026-08-01,57.3671,3.47194,,3.4735,0.34735,589.456,20.2128,0,1,12.316,6093.32,1.17171,4.32242,421.321
2251.00,1001859,CP,2023-01-14 12:00:00,2026-08-01 00:00:00,2026-08-01,0.831701,2.70315,234.177,2.85247,0.285247,2673.08,8548.02,0,1,10.5652,5147.75,2.00732,4.52011,177.854
2252.00,1001860,FP,2020-08-12 12:00:00,2026-08-01 00:00:00,2026-08-01,1.50544,6.98845,4182.36,7.98638,0.798638,2227.41,4121.15,0,1,11.3635,6657.18,1.23778,4.68291,148.956
2253.00,1001861,PC,2019-01-11 12:00:00,2026-08-01 00:00:00,2026-08-01,27.6278,2.5324,210.16,1.47472,0.147472,563.966,16.9369,0,1,11.8166,4975.66,0.988292,3.97081,146.649
2254.00,1001861,PC,2020-06-14 12:00:00,2026-08-01 00:00:00,2026-08-01,1.69501,2.8913,2239.93,5.63392,0.563392,1429.92,699.944,0,1,11.8166,4975.66,0.988292,3.97081,146.649
2255.00,1001862,PC,2023-06-17 12:00:00,2026-08-01 00:00:00,2026-08-01,2.4739,5.05166,24225.3,18.8072,1.88072,1502.61,853.511,0,1,10.1949,6409.7,0.846167,4.50895,200.796
2256.00,1001863,CP,2021-04-11 12:00:00,2026-08-01 00:00:00,2026-08-01,3.35435,3.15178,1731.56,4.17879,0.417879,1402.47,647.735,0,1,10.0937,6011.6,1.02659,4.04347,124.3
2257.00,1001864,PC,2020-04-15 12:00:00,2026-08-01 00:00:00,2026-08-01,14.9176,1.70719,503.001,4.39852,0.439852,1022.32,182.883,0,1,10.4179,5862.72,1.55105,3.99483,171.15
2258.00,1001865,PC,2019-06-17 12:00:00,2026-08-01 00:00:00,2026-08-01,18.804,5.02913,1053.74,5.74413,0.574413,967.036,146.417,0,1,10.6657,5782.77,1.66455,4.10344,281.438
2259.00,1001866,PC,2025-02-15 12:00:00,2026-08-01 00:00:00,2026-08-01,,4.73822,3334.43,6.44204,0.644204,1928.91,2317.76,0,1,11.4522,6190.33,1.05242,4.23984,
2260.00,1001867,FP,2023-04-17 12:00:00,2026-08-01 00:00:00,2026-08-01,0.494894,4.79326,2690.49,2.4324,0.24324,1536.23,932.494,0,1,11.2727,5303.05,0.441963,4.53989,234.604
2261.00,1001868,CP,2023-04-16 12:00:00,2026-08-01 00:00:00,2026-08-01,4.05759,,2618.7,7.55048,0.755048,1377.31,602.482,0,1,10.88,5664.26,1.26611,4.32971,328.154
2262.00,1001868,FP,2025-05-14 12:00:00,2026-08-01 00:00:00,2026-08-01,8.9397,6.44735,5309.21,10.9422,1.09422,1058.47,210.154,0,1,10.88,5664.26,1.26611,4.32971,328.154
2263.00,1001869,PC,2019-02-18 12:00:00,2026-08-01 00:00:00,2026-08-01,62.7926,4.47669,850.172,3.49567,0.349567,553.844,,0,1,9.3984,5611.46,1.29543,4.80095,151.231
2264.00,1001870,PC,2025-05-15 12:00:00,2026-08-01 00:00:00,2026-08-01,4.33707,2.02123,3706.57,3.37813,0.337813,813.047,73.1618,0,1,12.5303,5269.5,0.532935,,40.5182
2265.00,1001871,PC,2025-04-11 12:00:00,2026-08-01 00:00:00,2026-08-01,6.88521,3.93396,2215.86,5.41642,0.541642,1295.03,470.91,0,1,12.835,6835.56,1.09347,4.34434,90.5331
2266.00,1001872,PC,2023-07-11 12:00:00,2026-08-01 00:00:00,2026-08-01,35.2689,3.00638,3989,6.52303,0.652303,581.562,19.1516,0,1,7.4271,5880.91,0.885281,4.94252,185.969
2267.00,1001872,FP,2024-02-16 12:00:00,2026-08-01 00:00:00,2026-08-01,13.5034,4.19781,3005.06,5.05987,0.505987,800.901,68.8869,0,1,7.4271,5880.91,0.885281,4.94252,185.969
2268.00,1001873,FP,2021-06-11 12:00:00,2026-08-01 00:00:00,2026-08-01,5.11558,1.46136,4997.22,12.454,1.2454,1556.98,983.894,0,1,9.6156,6433.44,1.46372,4.18397,104.046
2269.00,1001874,FP,2022-01-18 12:00:00,2026-08-01 00:00:00,2026-08-01,,5.55738,3130.62,6.84241,0.684241,1317.22,,0,1,11.2339,6478.66,1.09625,4.26479,
2270.00,1001875,CP,2021-02-13 12:00:00,2026-08-01 00:00:00,2026-08-01,8.10684,2.53585,5587.79,12.2152,1.22152,,606.179,0,1,8.27215,6563.75,1.50028,4.59724,378.292
2271.00,1001876,FP,2021-03-18 12:00:00,2026-08-01 00:00:00,2026-08-01,0.980261,5.00904,1407.46,4.93994,,1977.3,2559.23,0,1,10.1549,5180.32,,4.45701,104.984
2272.00,1001877,FP,2021-03-11 12:00:00,2026-08-01 00:00:00,2026-08-01,1.54959,5.13131,496.564,3.24949,0.324949,1519.11,891.62,0,1,12.3811,4623.11,1.21704,4.56897,261.249
2273.00,1001878,PC,2019-01-18 12:00:00,2026-08-01 00:00:00,2026-08-01,2.47362,3.65406,1507.49,3.01136,0.301136,1327.13,519.374,0,1,10.725,5709.25,0.831912,4.48629,106.655
2274.00,1001879,PC,2020-06-13 12:00:00,2026-08-01 00:00:00,2026-08-01,122.85,3.14297,1029.11,4.47776,0.447776,345.382,2.38242,0,1,12.5016,4631.99,1.15655,4.08363,368.332
2275.00,1001880,FP,2024-07-14 12:00:00,2026-08-01 00:00:00,2026-08-01,3.07218,3.89012,2196.92,4.55166,0.455166,1102.21,247.104,0,1,13.1616,5084.44,,4.31479,80.6854
2276.00,1001881,FP,2023-07-14 12:00:00,2026-08-01 00:00:00,2026-08-01,5.07617,6.13413,864.681,3.76626,0.376626,959.215,141.738,0,1,8.28139,4381.21,1.19175,,362.812
2277.00,1001882,CP,2022-02-12 12:00:00,2026-08-01 00:00:00,2026-08-01,29.1015,2.95147,1784.22,6.46938,0.646938,843.442,84.7308,0,1,11.2362,6078.19,1.53352,4.55618,267.746
2278.00,1001882,PC,2019-06-16 12:00:00,2026-08-01 00:00:00,2026-08-01,9.83891,2.4522,4105.73,10.2921,1.02921,1210.72,359.749,0,1,11.2362,6078.19,1.53352,4.55618,267.746
2279.00,1001882,PC,2019-02-13 12:00:00,2026-08-01 00:00:00,2026-08-01,5.21654,2.52892,732.597,5.88924,0.588924,1495.89,838.336,0,1,11.2362,6078.19,1.53352,,267.746
2280.00,1001883,CP,2024-06-10 12:00:00,2026-08-01 00:00:00,2026-08-01,5.00194,3.00458,1936.78,7.29489,0.729489,1366.9,584.484,0,1,10.8227,5545,1.49606,4.43361,910.726
2281.00,1001884,PC,2025-05-17 12:00:00,2026-08-01 00:00:00,2026-08-01,1.91585,4.8495,4865.78,7.39628,0.739628,1250.55,409.47,0,1,12.9456,4398.17,1.04974,4.0881,164.245
2282.00,1001885,FP,2025-03-10 12:00:00,2026-08-01 00:00:00,2026-08-01,3.00698,7.60462,2582.13,9.37375,0.937375,1695.9,1384.93,0,1,12.1423,6141.42,1.33722,4.81659,284.83
2283.00,1001886,CP,2024-01-13 12:00:00,2026-08-01 00:00:00,2026-08-01,4.70942,2.33671,999.704,2.67555,0.267555,1002.35,169.004,0,1,13.1834,5598.98,0.757963,4.50269,63.3789
2284.00,1001887,PC,2019-04-10 12:00:00,2026-08-01 00:00:00,2026-08-01,8.17071,2.5446,,4.42554,0.442554,921.389,120.668,0,1,11.592,4569.45,1.3884,4.20004,37.8757
2285.00,1001888,PC,2021-08-16 12:00:00,2026-08-01 00:00:00,2026-08-01,5.8121,3.08696,1229.41,1.99117,0.199117,755.789,,0,1,11.2415,,0.655921,4.21362,88.1676
2286.00,1001889,FP,2020-07-11 12:00:00,2026-08-01 00:00:00,2026-08-01,1.29928,2.23187,6061.38,8.97554,0.897554,2294.01,4636.63,0,1,9.444,6867.99,1.11819,4.44618,165.096
2287.00,1001890,FP,2019-06-12 12:00:00,2026-08-01 00:00:00,2026-08-01,7.94345,5.92908,3707.84,8.01832,0.801832,1201.87,349.34,0,1,8.60102,6329.47,1.20828,4.1458,112.803
2288.00,1001891,FP,2019-02-10 12:00:00,2026-08-01 00:00:00,2026-08-01,1.44524,3.30901,10007,17.1453,1.71453,1998.32,2669.81,0,1,8.36932,5394.84,1.47633,4.55334,196.63
2289.00,1001891,KP,2020-07-14 12:00:00,2026-08-01 00:00:00,2026-08-01,7.45672,3.31344,2433.86,8.85628,0.885628,1156.46,299.458,0,1,8.36932,5394.84,1.47633,4.55334,196.63
2290.00,1001892,FA,2024-07-18 12:00:00,2026-08-01 00:00:00,2026-08-01,15.4334,1.81655,1201.02,4.74437,0.474437,837.724,82.4563,0,1,10.6112,5425.19,1.24412,4.22416,
2291.00,1001893,CP,2025-02-11 12:00:00,2026-08-01 00:00:00,2026-08-01,2.71919,4.55059,1460.06,3.75711,,1383.09,612.66,0,1,9.22857,5575.61,1.00908,4.56464,136.09
2292.00,1001894,KP,2025-08-11 12:00:00,2026-08-01 00:00:00,2026-08-01,6.42224,2.94183,1111.16,2.8179,0.28179,973.631,150.452,0,1,9.49957,5740.3,0.836682,4.43844,326.455
2293.00,1001894,FP,2021-01-12 12:00:00,2026-08-01 00:00:00,2026-08-01,5.62847,3.60883,3947.86,6.38325,0.638325,1017.4,179.388,0,1,9.49957,5740.3,0.836682,4.43844,326.455
2294.00,1001895,PC,2021-01-15 12:00:00,2026-08-01 00:00:00,2026-08-01,37.6144,1.85661,4993.33,13.7646,1.37646,705.47,41.47,0,1,12.1032,5300.31,1.67407,4.77197,138.35
2295.00,1001896,PC,2021-02-15 12:00:00,2026-08-01 00:00:00,2026-08-01,15.6835,5.47033,927.687,2.67437,0.267437,,83.0219,0,1,10.4526,6208.11,0.963633,4.57728,83.1971
2296.00,1001897,PC,2024-02-15 12:00:00,2026-08-01 00:00:00,2026-08-01,6.04956,3.46645,5507.77,9.34984,0.934984,970.462,148.503,0,1,10.9489,5297.49,0.937887,4.22289,282.067
2297.00,1001897,APC,2021-08-13 12:00:00,2026-08-01 00:00:00,2026-08-01,20.3419,4.99249,485.066,2.42329,0.242329,647.773,29.479,0,1,10.9489,5297.49,0.937887,4.22289,282.067
2298.00,1001898,PC,2025-07-11 12:00:00,2026-08-01 00:00:00,2026-08-01,3.57514,3.70776,1346.32,3.55562,0.355562,1407.92,657.858,0,1,11.2913,6818.04,0.839233,3.88662,125.065
2299.00,1001899,PC,2025-06-10 12:00:00,2026-08-01 00:00:00,2026-08-01,0.834544,4.0865,5238.57,5.87023,0.587023,1918.6,2268.6,0,1,13.3225,5548.75,0.892063,4.56776,86.373
2300.00,1001900,FP,2023-03-14 12:00:00,2026-08-01 00:00:00,2026-08-01,3.82975,5.00814,4617.81,7.37441,0.737441,1326.2,517.906,0,1,,5953.94,1.02228,4.70189,141.395
2301.00,1001901,FP,2021-08-14 12:00:00,2026-08-01 00:00:00,2026-08-01,22.3381,3.18665,5077.02,10.8222,1.08222,756.248,54.7619,0,1,8.3196,5591.25,1.2214,4.54751,345.604
2302.00,1001902,PC,2023-04-17 12:00:00,2026-08-01 00:00:00,2026-08-01,1.13689,3.21754,5966.84,16.4335,1.64335,3322.67,20406.6,0,1,11.2445,7762.07,1.68016,4.52982,166.845
2303.00,1001902,APC,2023-05-15 12:00:00,2026-08-01 00:00:00,2026-08-01,6.15589,1.55594,723.906,4.67911,0.467911,1892.19,2146.23,0,1,11.2445,7762.07,1.68016,4.52982,166.845
2304.00,1001903,FP,2023-05-17 12:00:00,2026-08-01 00:00:00,2026-08-01,5.80585,3.56508,29120.1,24.0218,2.40218,,40.0548,0,1,12.8409,3435.88,1.1266,4.44164,87.0786
2305.00,1001903,FA,2023-05-15 12:00:00,2026-08-01 00:00:00,2026-08-01,1.25289,3.41317,6111.22,8.31441,,1165.99,309.452,0,1,12.8409,3435.88,1.1266,4.44164,87.0786
2306.00,1001904,APC,2025-04-11 12:00:00,2026-08-01 00:00:00,2026-08-01,10.8754,4.19188,4679.27,4.69125,0.469125,918.966,119.404,0,1,13.8471,6945.85,0.723264,4.28209,149.765
2307.00,1001905,PC,2019-05-17 12:00:00,2026-08-01 00:00:00,2026-08-01,,2.37795,1018.48,3.77222,0.377222,582.082,19.2202,0,1,10.8467,5047.03,1.10676,4.39378,60.5024
2308.00,1001906,PC,2020-03-16 12:00:00,2026-08-01 00:00:00,2026-08-01,11.1773,4.39747,2733.59,5.29475,0.529475,800.786,68.8472,0,1,9.3155,5733.88,0.820752,5.0684,82.3513
2309.00,1001907,PC,2021-01-16 12:00:00,2026-08-01 00:00:00,2026-08-01,5.56792,2.92275,652.022,2.70766,0.270766,1010.23,174.38,0,1,,5396.65,0.926621,4.23205,142.485
2310.00,1001908,PC,2025-08-11 12:00:00,2026-08-01 00:00:00,2026-08-01,17.3584,1.64426,2889.57,5.71184,0.571184,754.16,54.1595,0,1,11.1793,5513.32,1.0559,4.74767,116.802
2311.00,1001909,PC,2019-08-14 12:00:00,2026-08-01 00:00:00,2026-08-01,4.15613,4.58422,1798.53,3.1168,0.31168,1038.97,195.086,0,1,10.4171,6210.98,0.608872,4.45854,156.918
2312.00,1001910,PC,2022-04-12 12:00:00,2026-08-01 00:00:00,2026-08-01,10.3412,3.06198,4546.6,8.01191,0.801191,907.402,113.506,0,1,12.8654,5485.53,1.09327,4.22067,
2313.00,1001911,CP,2020-06-17 12:00:00,2026-08-01 00:00:00,2026-08-01,,2.64344,664.697,4.52004,0.452004,,11.0898,0,1,8.81847,4717.02,1.84903,3.95233,71.5922
2314.00,1001912,FP,2024-04-11 12:00:00,2026-08-01 00:00:00,2026-08-01,18.946,1.66792,2897.66,6.267,0.6267,706.301,41.6658,0,1,8.72705,5174.19,1.1147,4.21688,107.263
2315.00,1001913,FP,2020-02-18 12:00:00,2026-08-01 00:00:00,2026-08-01,6.44599,4.26233,10909.3,11.0438,1.10438,915.187,117.452,0,1,,5000.9,0.976413,4.3357,262.466
2316.00,1001914,KP,2023-02-13 12:00:00,2026-08-01 00:00:00,2026-08-01,0.677919,5.01552,3864.94,3.80281,0.380281,1672.61,1310.4,0,1,7.56387,5493.36,0.602215,4.22966,198.772
2317.00,1001915,CP,2020-05-12 12:00:00,2026-08-01 00:00:00,2026-08-01,35.8237,2.01696,139.113,0.459785,0.0459785,413.911,4.91417,0,1,7.7442,6375.71,0.385528,4.5067,487.259
2318.00,1001916,CP,2020-04-13 12:00:00,2026-08-01 00:00:00,2026-08-01,29.5301,2.6506,3974.22,3.4704,0.34704,534.74,13.6897,0,1,10.7864,6446.97,0.553268,4.79313,82.2161
2319.00,1001916,CP,2021-08-18 12:00:00,2026-08-01 00:00:00,2026-08-01,4.27029,3.34678,987.752,2.05995,0.205995,1018.78,180.359,0,1,10.7864,6446.97,0.553268,,82.2161
2320.00,1001916,PC,2022-07-17 12:00:00,2026-08-01 00:00:00,2026-08-01,3.5392,2.27286,523.83,1.21338,0.121338,1084.58,,0,1,,6446.97,0.553268,4.79313,82.2161
2321.00,1001917,PC,2023-07-12 12:00:00,2026-08-01 00:00:00,2026-08-01,4.45734,4.34762,1900.47,5.62058,0.562058,1236.2,391.005,0,1,13.0877,5340.34,,4.30189,314.048
2322.00,1001918,PC,2019-08-10 12:00:00,2026-08-01 00:00:00,2026-08-01,1.88384,3.26453,675.775,3.93701,0.393701,1974.94,2547.05,0,1,12.5508,5990.42,1.39553,4.64183,543.129
2323.00,1001918,FP,2022-08-13 12:00:00,2026-08-01 00:00:00,2026-08-01,3.6402,3.24797,6818.72,13.138,,1585.6,1058.27,0,1,12.5508,5990.42,1.39553,4.64183,543.129
2324.00,1001919,APC,2020-05-17 12:00:00,2026-08-01 00:00:00,2026-08-01,2.28237,5.62855,5029.11,5.01667,0.501667,1249.68,408.339,0,1,11.6021,5607.72,0.724659,4.26761,122.65
2325.00,1001920,PC,2021-01-18 12:00:00,2026-08-01 00:00:00,2026-08-01,29.0863,4.42724,2940.66,7.8364,,618.011,24.4234,0,1,8.50903,5243.86,1.10577,4.15668,239.522
2326.00,1001921,PC,2025-06-17 12:00:00,2026-08-01 00:00:00,2026-08-01,1.84124,5.87094,2186.49,5.98513,0.598513,,4975.19,0,1,11.6341,7797.31,1.13378,4.71109,119.328
2327.00,1001922,KP,2022-06-13 12:00:00,2026-08-01 00:00:00,2026-08-01,5.87313,3.72358,27790,16.6655,1.66655,,557.593,0,1,10.1208,6836.16,1.07001,4.22731,217.354
2328.00,1001923,CP,2022-03-11 12:00:00,2026-08-01 00:00:00,2026-08-01,33.9759,1.85093,515.013,1.72657,0.172657,550.968,15.4286,0,1,10.1037,,0.797112,4.42176,128.132
2329.00,1001924,FP,2021-08-12 12:00:00,2026-08-01 00:00:00,2026-08-01,14.1206,4.52435,877.68,2.47003,0.247003,,17.4135,0,1,11.0351,4048.11,0.967786,4.15555,184.951
2330.00,1001925,FP,2024-04-15 12:00:00,2026-08-01 00:00:00,2026-08-01,1.87402,4.31232,4615.93,7.52512,0.752512,1614.63,1137.93,0,1,8.04008,6025.13,0.918854,4.38317,294.821
2331.00,1001926,PC,2025-04-15 12:00:00,2026-08-01 00:00:00,2026-08-01,7.48619,4.32271,2521.19,4.56007,0.456007,1159.25,302.366,0,1,12.2806,6711.72,0.960978,4.76653,321.927
2332.00,1001927,FP,2021-04-11 12:00:00,2026-08-01 00:00:00,2026-08-01,4.86989,3.69375,13596.2,9.21037,0.921037,1094.56,240.316,0,1,11.849,5584.82,0.928949,4.73895,
2333.00,1001928,PC,2024-07-16 12:00:00,2026-08-01 00:00:00,2026-08-01,105.462,3.24785,5740.77,5.47818,0.547818,334.46,2.09507,0,1,10.9117,5479.26,0.700101,4.97968,148.765
2334.00,1001929,PC,2023-03-16 12:00:00,2026-08-01 00:00:00,2026-08-01,10.0875,6.44399,10807.2,15.6714,1.56714,1080.05,227.826,0,1,11.8552,6531.77,1.07449,4.31697,234.501
2335.00,1001930,FP,2019-02-13 12:00:00,2026-08-01 00:00:00,2026-08-01,1.13965,3.25203,1885.83,,0.30177,1542.7,948.311,0,1,9.27235,5461.11,0.732882,4.78222,101.896
2336.00,1001931,PC,2024-06-16 12:00:00,2026-08-01 00:00:00,2026-08-01,4.0378,4.39092,821.322,3.07589,0.307589,949.919,136.322,0,1,11.524,4629.22,0.898746,3.97015,231.798
2337.00,1001932,PC,2022-02-15 12:00:00,2026-08-01 00:00:00,2026-08-01,1.80136,3.05331,1236.32,3.4615,0.34615,1291.45,465.721,0,1,12.0798,4974.63,0.839875,4.48963,266.127
2338.00,1001933,PC,2022-02-11 12:00:00,2026-08-01 00:00:00,2026-08-01,1.60419,2.40937,332.617,2.84027,0.284027,1955.2,2446.7,0,1,14.1598,5470.6,1.47343,4.55922,236.56
2339.00,1001934,PC,2025-06-13 12:00:00,2026-08-01 00:00:00,2026-08-01,2.53805,2.61537,1468.97,7.99926,0.799926,1495.79,838.12,0,1,13.3815,4525.49,1.71105,4.36758,218.614
2340.00,1001935,CP,2023-04-13 12:00:00,2026-08-01 00:00:00,2026-08-01,30.297,,6244.56,9.59769,0.959769,615.776,24.072,0,1,14.034,5347.81,1.08462,4.5993,
2341.00,1001936,KP,2025-01-10 12:00:00,2026-08-01 00:00:00,2026-08-01,6.22715,3.31572,5381.3,8.74809,0.874809,1104.12,248.818,0,1,7.65806,5892.37,1.00037,4.46383,402.419
2342.00,1001937,FP,2020-05-16 12:00:00,2026-08-01 00:00:00,2026-08-01,26.5112,5.37971,778.068,,0.331103,578.651,18.771,0,1,9.6948,4698.93,1.13494,4.51387,261.529
2343.00,1001938,PC,2025-05-10 12:00:00,2026-08-01 00:00:00,2026-08-01,11.3299,6.14351,2691.49,8.67334,0.867334,941.924,131.791,0,1,7.54908,4805.81,1.63117,3.8987,124.305
2344.00,1001938,PC,2025-02-10 12:00:00,2026-08-01 00:00:00,2026-08-01,9.46253,5.53795,2870.85,8.52402,0.852402,1000.2,167.562,0,1,7.54908,4805.81,1.63117,3.8987,124.305
2345.00,1001939,CP,2019-06-18 12:00:00,2026-08-01 00:00:00,2026-08-01,5.67437,5.221,949.19,4.74072,0.474072,1247.81,,0,1,8.87579,4988.96,1.67521,4.61904,94.6685
2346.00,1001940,PC,2022-03-15 12:00:00,2026-08-01 00:00:00,2026-08-01,7.8151,4.98195,,11.614,1.1614,961.549,143.122,0,1,11.5459,5207.35,1.13027,4.16329,291.397
2347.00,1001941,PC,2022-08-15 12:00:00,2026-08-01 00:00:00,2026-08-01,5.76074,2.30267,957.46,7.14834,,1867.79,,0,1,13.8272,6843.38,2.01503,4.28137,174.888
2348.00,1001941,PC,2023-03-14 12:00:00,2026-08-01 00:00:00,2026-08-01,14.7522,2.55543,1213.02,7.32283,0.732283,1365.21,581.599,0,1,13.8272,6843.38,2.01503,4.28137,174.888
2349.00,1001941,PC,2023-04-15 12:00:00,2026-08-01 00:00:00,2026-08-01,2.189,1.55103,538.65,,0.4912,2578.72,7403.53,0,1,13.8272,6843.38,2.01503,4.28137,174.888
2350.00,1001942,PC,2020-06-10 12:00:00,2026-08-01 00:00:00,2026-08-01,5.22649,2.08651,,12.9107,1.29107,1548.76,963.3,0,1,13.318,5656.96,1.90018,4.16425,322.628
2351.00,1001943,FP,2022-06-15 12:00:00,2026-08-01 00:00:00,2026-08-01,5.77153,3.10103,7473.14,9.07748,0.907748,977.263,152.709,0,1,12.6751,5156.38,0.972844,4.38145,127.17
2352.00,1001944,PC,2022-02-12 12:00:00,2026-08-01 00:00:00,2026-08-01,9.36046,2.84245,2240.4,4.86418,0.486418,1035.61,192.577,0,1,9.33781,6885.77,0.845671,4.85402,282.581
2353.00,1001945,APC,2020-08-11 12:00:00,2026-08-01 00:00:00,2026-08-01,16.3553,4.17637,472.368,3.06343,0.306343,833.922,80.9697,0,1,14.3311,5264.44,1.36093,4.27371,139.028
2354.00,1001946,CP,2025-01-14 12:00:00,2026-08-01 00:00:00,2026-08-01,11.5989,3.08079,1314.73,3.4401,0.34401,559.469,16.403,0,1,9.9019,3911.34,0.882461,4.27679,555.023
2355.00,1001947,FP,2021-03-12 12:00:00,2026-08-01 00:00:00,2026-08-01,4.55975,2.67979,2680.75,11.5677,1.15677,2035.51,2874.16,0,1,9.36707,6672.88,2.15375,4.79709,
2356.00,1001948,PC,2019-07-15 12:00:00,2026-08-01 00:00:00,2026-08-01,19.4394,3.49104,367.094,1.68595,0.168595,761.526,56.3066,0,1,14.4469,6436.56,0.851859,4.28473,508.266
2357.00,1001949,FP,2021-08-15 12:00:00,2026-08-01 00:00:00,2026-08-01,1.98483,3.47204,7751.95,10.6086,1.06086,1706.66,1420.38,0,1,10.7946,5778.36,1.15971,4.69888,241.455
2358.00,1001950,CP,2019-04-16 12:00:00,2026-08-01 00:00:00,2026-08-01,1.55536,3.08206,899.019,3.9919,0.39919,1847.26,1949.56,0,1,9.39938,5401.5,1.3216,4.51256,193.039
2359.00,1001951,FP,2023-06-12 12:00:00,2026-08-01 00:00:00,2026-08-01,15.5089,6.19998,2681.14,6.1322,0.61322,1132.67,275.575,0,1,8.82304,7550.75,1.17797,4.51389,242.234
2360.00,1001952,FP,2024-02-12 12:00:00,2026-08-01 00:00:00,2026-08-01,1.30099,2.08388,785.272,7.94166,0.794166,2906.56,11949.3,0,1,11.9067,6132.42,2.25352,4.23378,164.623
2361.00,1001952,FP,2019-06-15 12:00:00,2026-08-01 00:00:00,2026-08-01,2.13895,2.41506,12246.3,27.6366,2.76366,2462.66,6157.96,0,1,11.9067,6132.42,2.25352,4.23378,
2362.00,1001952,PC,2021-04-16 12:00:00,2026-08-01 00:00:00,2026-08-01,11.0793,4.63893,1380.39,10.6552,1.06552,1423.31,687.099,0,1,11.9067,6132.42,2.25352,4.23378,164.623
2363.00,1001953,CP,2022-01-12 12:00:00,2026-08-01 00:00:00,2026-08-01,,3.27341,701.609,3.13841,0.313841,1559.47,990.223,0,1,,6820.15,1.20031,4.50318,441.816
2364.00,1001954,PC,2024-02-13 12:00:00,2026-08-01 00:00:00,2026-08-01,4.85436,1.84773,675.377,3.14168,0.314168,1216.58,366.762,0,1,10.3883,6021.04,0.985242,4.54606,236.602
2365.00,1001955,FP,2020-01-14 12:00:00,2026-08-01 00:00:00,2026-08-01,2.90135,3.69574,2156.25,6.56215,0.656215,,1662.76,0,1,9.32179,6452.2,1.2962,3.9928,256.956
2366.00,1001956,PC,2020-05-18 12:00:00,2026-08-01 00:00:00,2026-08-01,19.7482,6.64468,550.651,2.33275,0.233275,850.493,87.6001,0,1,12.7578,6803.27,0.961113,4.57076,66.9834
2367.00,1001956,FP,2020-08-11 12:00:00,2026-08-01 00:00:00,2026-08-01,,3.72636,6746.7,8.32904,0.832904,1356.56,566.994,0,1,12.7578,6803.27,0.961113,4.57076,66.9834
2368.00,1001957,PC,2021-01-13 12:00:00,2026-08-01 00:00:00,2026-08-01,12.1609,3.12063,957.443,1.65009,0.165009,641.301,28.3183,0,1,9.39685,5733.72,0.556857,4.2434,93.4481
2369.00,1001958,PC,2023-01-18 12:00:00,2026-08-01 00:00:00,2026-08-01,32.4913,2.93967,24669.6,17.0595,1.70595,712.353,43.1123,0,1,11.3912,6495.6,1.03081,4.32079,517.112
2370.00,1001959,PC,2025-07-14 12:00:00,2026-08-01 00:00:00,2026-08-01,5.54875,2.46506,479.652,,0.219718,1065.01,215.396,0,1,12.614,5446.14,1.00889,4.66666,98.2001
2371.00,1001960,APC,2019-07-13 12:00:00,2026-08-01 00:00:00,2026-08-01,6.96103,7.38696,1061.04,5.49856,0.549856,1262.84,425.805,0,1,9.11384,5631.63,1.54309,4.19797,337.78
2372.00,1001961,FP,2019-02-12 12:00:00,2026-08-01 00:00:00,2026-08-01,12.0645,4.10754,3379.13,7.99887,0.799887,1001.84,168.661,0,1,8.84291,6055.68,1.21188,4.25164,91
2373.00,1001962,PC,2019-07-11 12:00:00,2026-08-01 00:00:00,2026-08-01,30.7277,3.80843,1956.75,6.4661,0.64661,684.709,36.7998,0,1,11.7177,5728.53,1.17977,4.70805,293.269
2374.00,1001963,PC,2020-05-15 12:00:00,2026-08-01 00:00:00,2026-08-01,27.4147,2.54095,610.828,2.32189,0.232189,580.389,18.9975,0,1,,5642.5,0.809719,4.50679,172.456
2375.00,1001964,APC,2023-01-10 12:00:00,2026-08-01 00:00:00,2026-08-01,0.949671,2.46465,5280.38,3.66555,0.366555,1587.48,1063.3,0,1,12.3974,7017.96,,4.38775,172.653
2376.00,1001965,PC,2020-02-15 12:00:00,2026-08-01 00:00:00,2026-08-01,14.3069,4.5307,238.575,1.0249,0.10249,566.788,17.2784,0,1,10.294,4812.88,0.687984,4.12132,136.161
2377.00,1001966,APC,2023-07-16 12:00:00,2026-08-01 00:00:00,2026-08-01,2.16652,3.51422,3753.19,6.28224,0.628224,1201.05,348.39,0,1,15.954,4504.08,1.00216,4.45776,184.301
2378.00,1001967,FP,2025-06-16 12:00:00,2026-08-01 00:00:00,2026-08-01,0.746963,5.43099,2399.87,6.83959,0.683959,2803.89,10348.2,0,1,8.25144,,1.20288,4.66613,84.7208
2379.00,1001967,CP,2024-07-18 12:00:00,2026-08-01 00:00:00,2026-08-01,3.09751,2.3637,1858.37,5.97674,0.597674,1745.24,1553.27,0,1,8.25144,6729.89,1.20288,4.66613,84.7208
2380.00,1001968,PC,2024-03-18 12:00:00,2026-08-01 00:00:00,2026-08-01,4.88065,,,3.54078,,1190.24,336.01,0,1,,6633.5,0.779739,4.44996,78.7834
2381.00,1001969,FP,2023-04-11 12:00:00,2026-08-01 00:00:00,2026-08-01,0.362769,2.7391,2328.58,7.4102,0.74102,3382.02,21904.2,0,1,9.74828,6073.28,1.32773,4.02651,296.918
2382.00,1001970,PC,2024-02-17 12:00:00,2026-08-01 00:00:00,2026-08-01,28.3761,4.29097,377.338,1.70567,0.170567,537.981,14.0245,0,1,12.011,5365.86,0.78718,4.51644,107.087
2383.00,1001971,PC,2019-07-16 12:00:00,2026-08-01 00:00:00,2026-08-01,9.67572,1.80818,264.501,1.45184,0.145184,883.664,,0,1,9.40231,5774.03,0.895205,4.09574,86.0778
2384.00,1001972,FP,2022-08-18 12:00:00,2026-08-01 00:00:00,2026-08-01,3.40298,2.20152,3261.39,7.20185,0.720185,1286.08,458.028,0,1,9.76378,5490.74,1.04479,4.42576,188.116
2385.00,1001973,FP,2021-03-12 12:00:00,2026-08-01 00:00:00,2026-08-01,1.58549,4.68052,2983.79,7.49067,0.749067,1538.34,937.63,0,1,12.2394,4641.81,1.25706,4.29238,280.017
2386.00,1001974,CP,2019-02-18 12:00:00,2026-08-01 00:00:00,2026-08-01,6.63097,3.84923,2523.64,3.33293,0.333293,896.04,107.927,0,1,9.82542,5774.69,0.715317,4.74562,82.4125
2387.00,1001974,FA,2024-04-16 12:00:00,2026-08-01 00:00:00,2026-08-01,4.74989,3.91691,10743.3,9.33491,0.933491,1001.44,168.392,0,1,9.82542,5774.69,0.715317,4.74562,82.4125
2388.00,1001975,APC,2019-01-18 12:00:00,2026-08-01 00:00:00,2026-08-01,2.49775,1.58211,1722.18,4.02433,0.402433,1522.92,900.597,0,1,7.92163,6180.24,0.940936,4.62319,118.651
2389.00,1001976,PC,2023-02-16 12:00:00,2026-08-01 00:00:00,2026-08-01,5.69192,4.10637,3136.55,7.68208,0.768208,1124.42,267.63,0,1,11.451,,1.21155,4.46252,99.9757
2390.00,1001977,FP,2023-03-12 12:00:00,2026-08-01 00:00:00,2026-08-01,7.4817,4.93614,3661.51,5.50171,0.550171,951.032,136.962,0,1,10.5175,6050.18,0.795617,4.47922,254.749
2391.00,1001978,CP,2023-03-16 12:00:00,2026-08-01 00:00:00,2026-08-01,3.1568,4.51783,7431.36,9.18862,0.918862,1237.97,393.246,0,1,10.658,5395.7,0.953547,4.27365,87.5679
2392.00,1001979,FA,2023-08-10 12:00:00,2026-08-01 00:00:00,2026-08-01,2.88968,3.83442,2461.87,,,1310.67,494.069,0,1,10.3374,5952.38,0.827979,4.49545,135.417
2393.00,1001980,PC,2021-06-11 12:00:00,2026-08-01 00:00:00,2026-08-01,38.031,1.71246,464.194,2.55187,0.255187,527.448,12.958,0,1,10.8661,5002.85,1.05811,4.38784,362.226
2394.00,1001981,PC,2022-08-13 12:00:00,2026-08-01 00:00:00,2026-08-01,15.4521,3.54694,1990.55,1.55348,0.155348,496.073,10.1391,0,1,11.4397,6459.48,0.307989,4.18996,155.195
2395.00,1001982,PC,2019-01-10 12:00:00,2026-08-01 00:00:00,2026-08-01,0.794343,3.55372,7640.11,9.08652,0.908652,1725.45,1484,0,1,10.3521,4690.53,0.976981,4.8468,156.889
2396.00,1001983,FP,2019-01-16 12:00:00,2026-08-01 00:00:00,2026-08-01,2.20366,3.78685,1947.22,4.91833,0.491833,1715.16,1448.91,0,1,11.5161,6393.3,1.0259,4.62962,396.756
2397.00,1001984,CP,2020-08-12 12:00:00,2026-08-01 00:00:00,2026-08-01,36.4494,2.22198,2100.76,4.77069,0.477069,439.637,6.25459,0,1,11.5339,4320.08,0.958334,4.54835,129.371
2398.00,1001985,FP,2024-06-13 12:00:00,2026-08-01 00:00:00,2026-08-01,2.55315,5.10131,911.523,1.60236,0.160236,1057.67,209.518,0,1,5.87697,5519.94,0.577296,4.09992,148.557
2399.00,1001986,PC,2022-04-14 12:00:00,2026-08-01 00:00:00,2026-08-01,56.3747,3.54517,1058.52,4.39395,0.439395,640.196,28.1238,0,1,11.8331,6125.11,1.35198,,159.032
2400.00,1001987,PC,2025-02-15 12:00:00,2026-08-01 00:00:00,2026-08-01,12.3473,1.99539,1538.87,3.34525,0.334525,570.241,17.7033,0,1,13.6221,4319.94,0.783537,3.95139,215.701
2401.00,1001988,FP,2021-04-14 12:00:00,2026-08-01 00:00:00,2026-08-01,3.87473,3.69076,2634.08,5.10151,0.510151,1133.69,276.561,0,1,9.09426,5314.89,0.944803,3.9109,230.572
2402.00,1001989,FP,2020-05-13 12:00:00,2026-08-01 00:00:00,2026-08-01,101.715,5.88753,2503.63,3.1497,0.31497,378.797,3.44705,0,1,10.3663,5990.42,0.733396,4.48647,148.823
2403.00,1001990,PC,2021-02-15 12:00:00,2026-08-01 00:00:00,2026-08-01,9.00087,4.73699,890.058,2.43827,0.243827,1124.77,267.966,0,1,10.7075,7684.22,0.780375,4.31681,162.833
2404.00,1001991,APC,2022-02-18 12:00:00,2026-08-01 00:00:00,2026-08-01,15.6097,4.17098,1286.33,3.90993,0.390993,825.293,,0,1,15.1796,5998.45,0.995217,4.31783,109.549
2405.00,1001992,CP,2023-08-18 12:00:00,2026-08-01 00:00:00,2026-08-01,2.53435,3.11405,4469.5,6.15491,0.615491,,637.747,0,1,9.13108,6328.46,0.76251,4.54256,181.997
2406.00,1001993,PC,2025-02-10 12:00:00,2026-08-01 00:00:00,2026-08-01,9.9471,4.66772,1587.28,6.87263,0.687263,832.866,80.5603,0,1,10.3937,4105,1.60265,4.69832,79.8198
2407.00,1001994,FP,2022-05-11 12:00:00,2026-08-01 00:00:00,2026-08-01,3.19848,2.34291,43164.5,21.6971,2.16971,1448.71,737.473,0,1,9.54228,6274.5,0.974131,4.56792,111.853
2408.00,1001995,PC,2020-03-14 12:00:00,2026-08-01 00:00:00,2026-08-01,2.35381,4.45266,19415.1,11.5108,,1509,868.123,0,1,10.3072,6560.6,0.787997,4.01521,106.517
2409.00,1001995,APC,2023-01-14 12:00:00,2026-08-01 00:00:00,2026-08-01,5.05349,2.44491,414.396,1.73123,0.173123,1169.72,,0,1,10.3072,6560.6,0.787997,4.01521,106.517
2410.00,1001996,CP,2023-08-14 12:00:00,2026-08-01 00:00:00,2026-08-01,3.43528,2.20992,1299.68,3.35206,0.335206,738.263,49.7354,0,1,10.9016,3432.53,0.886512,4.49792,
2411.00,1001997,FP,2024-01-16 12:00:00,2026-08-01 00:00:00,2026-08-01,1.78051,3.3797,1673.02,3.71198,0.371198,1576.78,1034.92,0,1,12.0963,6624.64,0.700536,4.25687,140.044
2412.00,1001998,PC,2020-05-15 12:00:00,2026-08-01 00:00:00,2026-08-01,7.68321,2.11173,233.054,,0.2969,1449.29,738.663,0,1,13.3557,6575.45,1.59224,4.13832,159.432
2413.00,1001999,CP,2019-02-17 12:00:00,2026-08-01 00:00:00,2026-08-01,5.74546,1.36222,990.2,2.64513,0.264513,1216.61,366.796,0,1,9.45307,6952.79,0.826768,4.29153,462.898
2414.00,1002000,FA,2022-07-15 12:00:00,2026-08-01 00:00:00,2026-08-01,6.08107,1.51084,5214.64,5.36698,0.536698,960.989,142.789,0,1,11.4414,6045.83,0.708537,3.9608,261.384
2415.00,1002001,FP,2019-04-10 12:00:00,2026-08-01 00:00:00,2026-08-01,2.5538,4.60902,9377.83,11.8518,1.18518,1344.99,547.895,0,1,,5195.92,1.05379,4.20464,267.636
2416.00,1002002,APC,2022-07-14 12:00:00,2026-08-01 00:00:00,2026-08-01,9.11548,1.92681,509.318,2.53656,0.253656,917.825,118.812,0,1,9.61289,5558.88,1.00134,4.62421,
2417.00,1002003,PC,2025-08-13 12:00:00,2026-08-01 00:00:00,2026-08-01,4.63037,2.35227,,4.28945,0.428945,1305.99,487.051,0,1,11.7922,5212.43,1.46799,4.70369,42.3783
2418.00,1002004,FP,2025-08-11 12:00:00,2026-08-01 00:00:00,2026-08-01,12.4776,3.72931,1301.98,3.14434,0.314434,648.442,29.6009,0,1,,5521.94,0.624446,4.03815,114.279
2419.00,1002005,APC,2025-02-12 12:00:00,2026-08-01 00:00:00,2026-08-01,7.87442,4.33517,2273.53,3.10973,0.310973,926.549,123.394,0,1,11.1239,6427.85,0.69226,4.39072,244.751
2420.00,1002006,PC,2025-01-16 12:00:00,2026-08-01 00:00:00,2026-08-01,10.0618,2.19294,7390.33,8.78284,0.878284,1123.71,266.952,0,1,10.4473,7047.54,0.997391,4.45694,103.593
2421.00,1002006,FP,2023-08-11 12:00:00,2026-08-01 00:00:00,2026-08-01,8.14538,4.51636,1136.98,4.02262,0.402262,1205.71,353.823,0,1,10.4473,7047.54,0.997391,4.45694,103.593
2422.00,1002007,FP,2023-02-14 12:00:00,2026-08-01 00:00:00,2026-08-01,5.12873,3.62645,2074.5,6.68339,0.668339,1287.44,459.965,0,1,9.47026,6016.29,1.14635,4.58272,95.0594
2423.00,1002008,PC,2025-08-18 12:00:00,2026-08-01 00:00:00,2026-08-01,15.7372,5.09565,345.939,2.85945,0.285945,728.247,47.0909,0,1,14.6668,5007.55,1.118,4.42782,85.2941
2424.00,1002009,FP,2021-02-18 12:00:00,2026-08-01 00:00:00,2026-08-01,3.26292,3.87393,7621.01,27.0204,2.70204,2275.23,4486.68,0,1,11.7532,5841.55,2.80921,4.58704,73.7126
2425.00,1002010,KP,2023-03-10 12:00:00,2026-08-01 00:00:00,2026-08-01,8.80361,6.29533,384.932,2.59928,0.259928,1372.16,,0,1,9.61934,7370.55,1.24385,4.165,183.669
2426.00,1002011,CP,2021-03-18 12:00:00,2026-08-01 00:00:00,2026-08-01,1.10531,2.55201,5477.81,12.039,1.2039,1758.17,1599.8,0,1,11.3636,4261.95,1.53136,4.78859,114.688
2427.00,1002012,FP,2020-07-13 12:00:00,2026-08-01 00:00:00,2026-08-01,1.92472,,7415.53,4.5642,0.45642,1051.84,204.94,0,1,9.11064,5414.85,0.491465,4.61792,290.508
2428.00,1002012,PC,2020-07-10 12:00:00,2026-08-01 00:00:00,2026-08-01,6.23899,1.85444,2279.94,2.38457,0.238457,,42.72,0,1,9.11064,5414.85,0.491465,4.61792,290.508
2429.00,1002013,PC,2022-07-10 12:00:00,2026-08-01 00:00:00,2026-08-01,1.97328,4.10962,1798.85,6.80435,0.680435,2257.39,4347.6,0,1,9.80502,7198.33,1.30235,4.70962,198.437
2430.00,1002014,FP,2023-05-18 12:00:00,2026-08-01 00:00:00,2026-08-01,14.0858,2.70122,,,1.6347,537.335,13.9573,0,1,11.7658,3618.43,1.08265,3.96826,294.982
2431.00,1002015,PC,2020-06-17 12:00:00,2026-08-01 00:00:00,2026-08-01,2.05047,2.58612,255.393,2.23457,0.223457,2196.21,3895.05,0,1,12.6253,7565.09,1.14499,4.38057,116.377
2432.00,1002016,PC,2024-03-15 12:00:00,2026-08-01 00:00:00,2026-08-01,17.7177,3.33302,1152.84,3.23464,0.323464,704.745,,0,1,12.0343,6144.15,0.752655,4.45226,355.787
2433.00,1002016,PC,2019-03-13 12:00:00,2026-08-01 00:00:00,2026-08-01,11.1755,3.72484,4672.64,5.34413,0.534413,821.76,76.3486,0,1,12.0343,6144.15,0.752655,4.45226,355.787
2434.00,1002016,FP,2019-02-18 12:00:00,2026-08-01 00:00:00,2026-08-01,3.85043,3.21636,2326.29,3.8656,0.38656,1172.19,316.093,0,1,12.0343,6144.15,0.752655,4.45226,355.787
2435.00,1002017,CP,2020-02-18 12:00:00,2026-08-01 00:00:00,2026-08-01,5.33478,2.04291,3503.74,3.95506,0.395506,783.614,63.1292,0,1,10.7645,5322.58,0.557043,4.32052,
2436.00,1002018,CP,2019-01-14 12:00:00,2026-08-01 00:00:00,2026-08-01,2.74257,2.45744,3421.88,3.74604,0.374604,836.132,81.8315,0,1,10.7555,4099.52,0.686076,4.3962,226.757
2437.00,1002019,FP,2020-03-18 12:00:00,2026-08-01 00:00:00,2026-08-01,2.63753,2.45452,43744.9,29.1534,2.91534,1219.66,370.484,0,1,10.55,4480.52,1.19069,4.58102,324.412
2438.00,1002020,PC,2022-08-13 12:00:00,2026-08-01 00:00:00,2026-08-01,1.69235,4.29557,1234.93,,0.440835,1488.39,,0,1,12.1255,4804.39,1.14728,4.47033,157.501
2439.00,1002021,KP,2022-08-17 12:00:00,2026-08-01 00:00:00,2026-08-01,2.79253,3.88657,2978.9,8.91162,0.891162,2039.93,2899.24,0,1,9.05726,6669.65,1.56149,4.29519,104.468
2440.00,1002022,CP,2025-07-18 12:00:00,2026-08-01 00:00:00,2026-08-01,5.24409,2.52461,846.613,3.26936,0.326936,1327.23,519.528,0,1,10.6201,6244.31,1.14786,4.09381,175.173
2441.00,1002023,PC,2022-08-15 12:00:00,2026-08-01 00:00:00,2026-08-01,15.1973,2.95579,2316.09,5.77707,0.577707,665.332,32.8077,0,1,11.5819,4359.76,1.20277,4.51015,309.419
2442.00,1002024,FP,2022-02-18 12:00:00,2026-08-01 00:00:00,2026-08-01,4.47575,3.51367,3781.94,16.0075,1.60075,1725.41,1483.85,0,1,9.88378,4992.1,2.73095,4.1434,228.436
2443.00,1002024,FP,2020-02-17 12:00:00,2026-08-01 00:00:00,2026-08-01,22.4704,6.04869,2291.97,15.3315,1.53315,1007.65,172.61,0,1,9.88378,4992.1,2.73095,4.1434,228.436
2444.00,1002024,FP,2021-07-15 12:00:00,2026-08-01 00:00:00,2026-08-01,19.0436,2.4857,8308.65,33.6275,3.36275,1064.79,215.219,0,1,9.88378,4992.1,2.73095,4.1434,228.436
2445.00,1002025,PC,2024-07-12 12:00:00,2026-08-01 00:00:00,2026-08-01,11.3887,1.89813,4956.11,8.18469,0.818469,883.234,101.888,0,1,10.8485,5649.54,1.04142,4.28979,176.537
2446.00,1002025,PC,2020-05-14 12:00:00,2026-08-01 00:00:00,2026-08-01,0.701755,6.45601,4804.29,8.50647,0.850647,2236.17,4186.39,0,1,10.8485,5649.54,1.04142,4.28979,176.537
2447.00,1002026,PC,2022-01-10 12:00:00,2026-08-01 00:00:00,2026-08-01,2.34621,1.89846,573.268,2.60593,0.260593,958.309,141.203,0,1,11.1644,3601.47,1.05232,4.78188,173.244
2448.00,1002027,FP,2025-02-14 12:00:00,2026-08-01 00:00:00,2026-08-01,2.63771,3.9238,3896.92,10.3382,1.03382,1971.65,2530.12,0,1,10.9156,6689.49,1.39597,4.89014,206.763
2449.00,1002028,PC,2023-07-12 12:00:00,2026-08-01 00:00:00,2026-08-01,0.639436,1.10301,3021.45,,0.85392,2513.21,6679.33,0,1,13.7825,5325.05,1.39163,4.12792,139.068
2450.00,1002029,PC,2020-01-16 12:00:00,2026-08-01 00:00:00,2026-08-01,1.29718,3.66467,3337.59,6.6887,0.66887,1507.86,865.498,0,1,14.0543,5030.37,0.899581,3.82926,624.566
2451.00,1002029,PC,2022-06-14 12:00:00,2026-08-01 00:00:00,2026-08-01,13.0037,1.46431,11134,9.94817,0.994817,699.314,40.0414,0,1,14.0543,5030.37,0.899581,3.82926,624.566
2452.00,1002029,PC,2021-07-17 12:00:00,2026-08-01 00:00:00,2026-08-01,16.4881,2.56127,204.96,1.42019,0.142019,646.107,29.1768,0,1,14.0543,,0.899581,3.82926,624.566
2453.00,1002030,PC,2024-07-12 12:00:00,2026-08-01 00:00:00,2026-08-01,1.75391,4.33953,4816.15,6.19611,0.619611,1033.92,191.324,0,1,10.2649,4145.17,0.761631,4.61415,515.478
2454.00,1002031,FP,2025-07-14 12:00:00,2026-08-01 00:00:00,2026-08-01,42.4007,3.51093,14744.3,32.4578,3.24578,609.892,23.1649,0,1,12.6455,3772.68,2.67488,4.11106,442.825
2455.00,1002032,CP,2022-04-11 12:00:00,2026-08-01 00:00:00,2026-08-01,24.7304,4.57699,857.673,2.44035,0.244035,599.304,21.5977,0,1,11.2126,5452.5,0.863191,4.34334,133.092
2456.00,1002033,PC,2023-04-15 12:00:00,2026-08-01 00:00:00,2026-08-01,29.5978,1.52386,7054.33,8.98569,0.898569,683.762,36.5967,0,1,12.4422,5885.08,1.08725,4.39044,193.954
2457.00,1002034,PC,2019-04-10 12:00:00,2026-08-01 00:00:00,2026-08-01,11.2163,2.57267,6568.55,13.8451,1.38451,1087.16,233.878,0,1,10.0305,,1.61134,4.37241,335.31
2458.00,1002035,PC,2025-01-15 12:00:00,2026-08-01 00:00:00,2026-08-01,31.3427,4.97477,21088.9,5.8949,0.58949,417.779,5.10046,0,1,12.2693,6200.59,0.379871,4.63347,207.105
2459.00,1002036,FP,2022-06-17 12:00:00,2026-08-01 00:00:00,2026-08-01,1.27316,3.71889,5321.64,6.77425,0.677425,2227.08,4118.71,0,1,13.3837,6698.38,1.09304,4.47739,91.2311
2460.00,1002037,PC,2019-02-12 12:00:00,2026-08-01 00:00:00,2026-08-01,7.24084,4.59287,502.704,2.31963,0.231963,751.618,53.4329,0,1,11.1436,4129.29,1.04381,4.20748,295.642
2461.00,1002038,PC,2024-08-15 12:00:00,2026-08-01 00:00:00,2026-08-01,23.3548,2.97505,1974.77,3.36249,0.336249,673.897,34.5299,0,1,14.5501,6646.86,0.706951,4.30133,
2462.00,1002039,CP,2019-03-10 12:00:00,2026-08-01 00:00:00,2026-08-01,11.9572,3.7655,6761.84,7.23285,0.723285,871.088,96.3981,0,1,8.78196,6647.56,0.75579,4.31256,202.086
2463.00,1002040,PC,2023-01-15 12:00:00,2026-08-01 00:00:00,2026-08-01,7.51799,3.90249,4963.69,10.9226,1.09226,1387.83,621.114,0,1,13.4148,6805.32,1.34347,4.48489,81.0826
2464.00,1002041,FP,2024-03-18 12:00:00,2026-08-01 00:00:00,2026-08-01,2.51175,4.21443,1999.94,,0.126376,640.883,28.2446,0,1,12.1694,4401.65,0.329732,4.80689,225.965
2465.00,1002042,PC,2022-04-17 12:00:00,2026-08-01 00:00:00,2026-08-01,9.78071,3.79638,3096.1,6.04789,0.604789,1036.31,193.097,0,1,10.416,,1.08192,4.08009,84.8008
2466.00,1002043,PC,2022-02-17 12:00:00,2026-08-01 00:00:00,2026-08-01,3.64833,2.81186,653.228,1.34112,0.134112,894.019,106.957,0,1,,5346.09,0.557872,4.49305,57.6891
2467.00,1002044,PC,2022-03-13 12:00:00,2026-08-01 00:00:00,2026-08-01,5.06873,4.76203,3046.02,6.59628,0.659628,1356.02,566.084,0,1,11.4407,6998.35,0.932513,4.43928,142.995
2468.00,1002045,PC,2021-04-11 12:00:00,2026-08-01 00:00:00,2026-08-01,,4.78789,5816.67,7.73429,0.773429,1397.02,637.721,0,1,11.7905,4750.36,0.960306,4.26052,334.587
2469.00,1002046,FP,2021-07-12 12:00:00,2026-08-01 00:00:00,2026-08-01,4.2424,1.76838,8403.51,12.4827,,1641.17,1214.59,0,1,12.3136,6905.93,1.24581,4.48023,406.429
2470.00,1002047,PC,2022-05-16 12:00:00,2026-08-01 00:00:00,2026-08-01,15.2931,1.48251,9805.48,9.51777,0.951777,772.79,59.7128,0,1,11.0054,5056.44,1.21138,,92.2745
2471.00,1002048,FP,2020-04-16 12:00:00,2026-08-01 00:00:00,2026-08-01,8.9369,4.70286,4930.3,5.27681,0.527681,944.688,133.344,0,1,9.29455,6397.6,0.790408,3.93298,217.489
2472.00,1002049,PC,2024-02-16 12:00:00,2026-08-01 00:00:00,2026-08-01,42.1382,1.75379,799.599,1.77075,,343.76,2.338,0,1,9.21848,4320.76,0.645196,4.26607,413.142
2473.00,1002050,FP,2025-04-18 12:00:00,2026-08-01 00:00:00,2026-08-01,1.29066,,,4.18401,0.418401,1450.87,741.882,0,1,11.6318,5401.57,0.719905,4.21592,275.9
2474.00,1002051,CP,2020-05-17 12:00:00,2026-08-01 00:00:00,2026-08-01,10.5034,3.40502,540.147,3.55921,0.355921,1150.19,293.018,0,1,12.3188,6059.53,1.45455,4.52526,
2475.00,1002052,CP,2024-04-11 12:00:00,2026-08-01 00:00:00,2026-08-01,4.71517,3.66007,4576.27,6.40939,0.640939,1102.76,247.596,0,1,10.9355,5426.6,0.977436,,141.278
2476.00,1002053,CP,2022-06-17 12:00:00,2026-08-01 00:00:00,2026-08-01,4.77102,6.50396,1029.29,3.42212,0.342212,1289.95,463.565,0,1,11.6281,6622.54,0.905081,4.6762,48.7978
2477.00,1002054,FP,2025-03-14 12:00:00,2026-08-01 00:00:00,2026-08-01,9.98313,8.97172,1469.97,4.03021,0.403021,,,0,1,12.1882,6239.47,0.876582,4.42317,117.459
2478.00,1002055,PC,2019-04-18 12:00:00,2026-08-01 00:00:00,2026-08-01,3.10371,4.39333,1772.63,6.76344,0.676344,1662.33,1278.48,0,1,11.4177,5624.83,1.56431,,200.201
2479.00,1002056,FP,2021-07-13 12:00:00,2026-08-01 00:00:00,2026-08-01,4.35057,2.11703,19443.7,18.5025,1.85025,1394.82,633.711,0,1,10.0651,6490.19,1.0361,4.68511,365.753
2480.00,1002057,FP,2025-06-18 12:00:00,2026-08-01 00:00:00,2026-08-01,5.44257,2.96413,2779.89,4.46034,0.446034,971.623,,0,1,9.63473,5880.24,0.711092,4.53892,363.192
2481.00,1002058,PC,2021-08-10 12:00:00,2026-08-01 00:00:00,2026-08-01,,3.52207,514.026,1.06676,0.106676,684.153,36.6803,0,1,9.61956,5403.38,0.438228,4.61157,434.198
2482.00,1002059,PC,2023-07-15 12:00:00,2026-08-01 00:00:00,2026-08-01,7.88087,4.41272,2851.46,7.89756,,1415.81,672.733,0,1,10.5384,7075.03,1.33492,4.1592,265.405
2483.00,1002060,KP,2023-07-15 12:00:00,2026-08-01 00:00:00,2026-08-01,5.73228,1.67107,230.239,2.12953,0.212953,1174.59,318.692,0,1,9.27616,5580.23,1.19456,4.11999,93.7062
2484.00,1002061,CP,2019-07-13 12:00:00,2026-08-01 00:00:00,2026-08-01,7.24743,2.88405,7151.77,5.84751,0.584751,1014.71,177.497,0,1,9.07869,6227.05,0.837068,4.21836,151.926
2485.00,1002062,CP,2025-02-11 12:00:00,2026-08-01 00:00:00,2026-08-01,4.34395,4.21451,1640.33,5.14434,0.514434,1163.16,306.464,0,1,12.0986,5076.24,1.17662,4.49082,96.5436
2486.00,1002063,PC,2024-01-11 12:00:00,2026-08-01 00:00:00,2026-08-01,15.074,3.82348,1965.65,4.16141,0.416141,738.584,49.822,0,1,11.8575,5695.17,0.863885,4.44974,143.658
2487.00,1002064,APC,2021-06-15 12:00:00,2026-08-01 00:00:00,2026-08-01,1.00223,2.78505,1271.85,2.85139,0.285139,1378.11,603.886,0,1,,4777.89,0.701332,4.86361,109.137
2488.00,1002065,PC,2025-01-16 12:00:00,2026-08-01 00:00:00,2026-08-01,1.08186,4.33125,2329.92,3.35437,0.335437,1346.75,,0,1,,4788,0.701824,4.53858,336.595
2489.00,1002066,APC,2023-05-17 12:00:00,2026-08-01 00:00:00,2026-08-01,7.24308,5.48557,4210.32,7.13706,0.713706,887.684,103.957,0,1,11.3791,5072.19,0.965142,4.05907,337.555
2490.00,1002067,FP,2021-04-16 12:00:00,2026-08-01 00:00:00,2026-08-01,0.462016,5.63872,12219.2,10.7076,1.07076,2388.91,5452.78,0,1,,5628.65,0.906175,4.83672,284.731
2491.00,1002068,CP,2024-06-15 12:00:00,2026-08-01 00:00:00,2026-08-01,16.3239,1.94288,1254.97,4.27019,0.427019,865.864,,0,1,10.5785,6311.43,1.01948,3.90419,319.344
2492.00,1002069,PC,2022-01-13 12:00:00,2026-08-01 00:00:00,2026-08-01,14.1258,4.32281,20493.4,9.93323,0.993323,557.76,16.2036,0,1,11.9674,4278.86,0.835792,4.18611,219.12
2493.00,1002070,CP,2024-05-11 12:00:00,2026-08-01 00:00:00,2026-08-01,44.5335,3.02804,14226.1,15.4125,1.54125,631.005,26.5431,0,1,9.22615,6459.88,1.00908,3.88528,153.326
2494.00,1002071,PC,2023-06-14 12:00:00,2026-08-01 00:00:00,2026-08-01,39.2803,1.71846,2556.64,8.64961,0.864961,729.086,47.3082,0,1,12.2413,5602.66,1.64716,,373.698
2495.00,1002072,FP,2024-02-18 12:00:00,2026-08-01 00:00:00,2026-08-01,3.75988,7.1822,3694.38,7.95837,0.795837,1029.8,188.291,0,1,10.6316,3847.64,1.45797,4.54014,274.899
2496.00,1002073,CP,2020-03-12 12:00:00,2026-08-01 00:00:00,2026-08-01,,1.17047,235.503,2.53987,0.253987,1219.88,370.752,0,1,10.7819,6638.62,1.35327,4.34617,298.861
2497.00,1002074,APC,2022-02-14 12:00:00,2026-08-01 00:00:00,2026-08-01,3.45198,3.05435,3506.48,13.0942,1.30942,1249.55,408.169,0,1,9.72081,3741.26,2.14471,4.26027,70.0241
2498.00,1002075,FP,2019-02-14 12:00:00,2026-08-01 00:00:00,2026-08-01,8.63238,3.34403,7173.65,8.41637,0.841637,741.885,50.7186,0,1,9.6498,4594.36,0.923619,4.68917,79.9922
2499.00,1002076,PC,2023-02-17 12:00:00,2026-08-01 00:00:00,2026-08-01,0.57484,3.44348,2445.53,8.11618,0.811618,3487.47,24766.5,0,1,10.7047,7014.56,1.43848,4.11339,75.0078
2500.00,1002077,FP,2023-06-17 12:00:00,2026-08-01 00:00:00,2026-08-01,8.12842,2.50493,691.595,1.74754,0.174754,760.024,55.8637,0,1,8.23065,5466.9,0.657698,4.20424,218.229
2501.00,1002078,PC,2025-08-18 12:00:00,2026-08-01 00:00:00,2026-08-01,32.0693,1.56501,2184.06,7.56658,0.756658,680.95,35.9983,0,1,10.5832,5211.93,1.45036,4.40826,151.107
2502.00,1002079,PC,2022-08-14 12:00:00,2026-08-01 00:00:00,2026-08-01,6.98122,3.09652,1306.7,5.20296,0.520296,1116.95,260.586,0,1,11.2448,5872.34,1.11237,4.13914,307.035
2503.00,1002079,PC,2019-02-18 12:00:00,2026-08-01 00:00:00,2026-08-01,4.33534,4.1707,1808.82,5.49025,0.549025,1309.19,491.847,0,1,11.2448,5872.34,1.11237,4.13914,307.035
2504.00,1002080,KP,2020-02-14 12:00:00,2026-08-01 00:00:00,2026-08-01,12.9151,2.01342,8760.22,9.25973,0.925973,736.042,49.1397,0,1,10.0858,,0.745636,,89.4603
2505.00,1002081,FP,2022-04-17 12:00:00,2026-08-01 00:00:00,2026-08-01,11.8848,2.88145,1301.71,2.72114,0.272114,759.369,55.6715,0,1,10.0834,5899.07,0.726415,4.38856,123.561
2506.00,1002082,FP,2025-06-16 12:00:00,2026-08-01 00:00:00,2026-08-01,1.46991,3.27346,5827.78,12.4972,1.24972,1883.7,2107.97,0,1,12.2186,5167.54,1.44599,4.49497,458.821
2507.00,1002083,CP,2022-05-12 12:00:00,2026-08-01 00:00:00,2026-08-01,17.9904,3.58159,695.142,2.07771,0.207771,766.987,57.9391,0,1,12.1519,7452.94,0.612067,4.04136,300.17
2508.00,1002084,PC,2022-05-14 12:00:00,2026-08-01 00:00:00,2026-08-01,9.28723,3.16423,1868.88,3.52499,0.352499,962.875,143.913,0,1,11.8631,6772.92,0.751674,4.5147,411.5
2509.00,1002084,FP,2022-02-17 12:00:00,2026-08-01 00:00:00,2026-08-01,3.80378,4.63616,7941.4,6.98914,0.698914,1296.56,,0,1,11.8631,6772.92,0.751674,4.5147,411.5
2510.00,1002084,PC,2024-04-12 12:00:00,2026-08-01 00:00:00,2026-08-01,52.709,1.94838,2724.42,3.5912,0.35912,539.805,14.2157,0,1,11.8631,6772.92,0.751674,,411.5
2511.00,1002085,PC,2019-01-18 12:00:00,2026-08-01 00:00:00,2026-08-01,12.4133,4.91509,2116.47,15.7208,1.57208,1546.96,958.811,0,1,12.6237,6323.08,2.70109,4.64078,229.583
2512.00,1002086,CP,2023-03-13 12:00:00,2026-08-01 00:00:00,2026-08-01,8.11043,3.21794,,5.99789,0.599789,1336.61,534.371,0,1,10.4652,6005.26,1.68329,4.03329,153.584
2513.00,1002087,PC,2019-01-16 12:00:00,2026-08-01 00:00:00,2026-08-01,106.565,1.29298,2520.21,6.70388,0.670388,466.938,7.95899,0,1,11.5489,,1.07681,4.55004,324.029
2514.00,1002088,PC,2022-03-10 12:00:00,2026-08-01 00:00:00,2026-08-01,10.5514,9.13368,621.082,1.91315,0.191315,642.735,28.5726,0,1,10.2688,4813.42,0.722016,,167.909
2515.00,1002089,FP,2022-06-13 12:00:00,2026-08-01 00:00:00,2026-08-01,,2.9524,1893.8,7.85162,0.785162,1733.97,1513.5,0,1,11.066,5429.4,1.43757,4.45435,503.343
2516.00,1002090,PC,2023-08-11 12:00:00,2026-08-01 00:00:00,2026-08-01,9.16892,1.98587,3044.65,4.92959,0.492959,,255.312,0,1,13.8169,6858.51,0.968044,4.02685,355.655
2517.00,1002091,CP,2023-01-16 12:00:00,2026-08-01 00:00:00,2026-08-01,5.4383,4.02301,2598.76,5.4222,0.54222,1052.61,205.538,0,1,10.8972,5042.71,1.13423,4.46531,191.199
2518.00,1002092,CP,2019-04-15 12:00:00,2026-08-01 00:00:00,2026-08-01,3.24635,1.00093,224.593,2.26088,0.226088,1487.82,820.394,0,1,9.7769,5518.81,,4.68774,139.122
2519.00,1002093,CP,2019-06-10 12:00:00,2026-08-01 00:00:00,2026-08-01,0.478245,,980.409,7.339,0.7339,2514.85,6696.81,0,1,8.53302,3899.13,2.14144,4.0807,134.699
2520.00,1002094,CP,2023-04-10 12:00:00,2026-08-01 00:00:00,2026-08-01,11.5545,2.75931,8033.08,6.16959,0.616959,585.696,19.702,0,1,9.75747,4603.5,0.69639,4.21897,125.511
2521.00,1002095,PC,2019-01-14 12:00:00,2026-08-01 00:00:00,2026-08-01,7.88686,4.71161,13749.2,16.6122,1.66122,1653.12,1250.36,0,1,11.5016,,1.49804,4.11989,185.074
2522.00,1002096,PC,2020-02-14 12:00:00,2026-08-01 00:00:00,2026-08-01,0.998006,6.29951,1848.5,3.38024,,1630.77,1184.1,0,1,12.0243,5713.98,0.684716,4.28992,174.697
2523.00,1002097,PC,2024-01-14 12:00:00,2026-08-01 00:00:00,2026-08-01,13.3894,3.04094,515.171,1.55316,0.155316,528.372,13.0491,0,1,10.3364,,0.590814,,185.828
2524.00,1002098,FP,2022-05-15 12:00:00,2026-08-01 00:00:00,2026-08-01,17.9265,3.66881,4363.42,4.1041,0.41041,502.472,10.6726,0,1,9.53306,4814.27,0.628072,4.55276,128.109
2525.00,1002099,PC,2020-07-15 12:00:00,2026-08-01 00:00:00,2026-08-01,14.8782,,1384.64,3.98941,0.398941,917.291,118.536,0,1,9.23414,6458.06,1.02729,4.31336,88.3573
2526.00,1002099,CP,2020-02-12 12:00:00,2026-08-01 00:00:00,2026-08-01,8.42402,2.04598,2348.85,5.71469,0.571469,1108.79,253.061,0,1,9.23414,,1.02729,4.31336,88.3573
2527.00,1002100,PC,2020-05-10 12:00:00,2026-08-01 00:00:00,2026-08-01,23.4517,6.31074,813.058,2.33566,0.233566,660.989,31.9594,0,1,11.9253,6408.84,0.733606,4.43277,135.308
2528.00,1002101,PC,2022-03-15 12:00:00,2026-08-01 00:00:00,2026-08-01,3.52738,2.68648,334.064,1.61678,0.161678,1149.99,292.818,0,1,10.7874,5404.84,0.883028,4.42777,151.207
2529.00,1002102,PC,2025-06-12 12:00:00,2026-08-01 00:00:00,2026-08-01,24.2877,3.2801,6229.12,14.8694,1.48694,954.162,138.774,0,1,10.9508,6332,1.60301,4.38761,337.247
2530.00,1002103,FP,2020-07-18 12:00:00,2026-08-01 00:00:00,2026-08-01,0.987776,2.79913,1121.65,2.63001,,1407.83,657.695,0,1,9.28069,4741.75,0.735949,4.56889,535.231
2531.00,1002104,PC,2019-04-14 12:00:00,2026-08-01 00:00:00,2026-08-01,6.75592,7.59445,2261.95,4.95594,0.495594,1263.58,426.801,0,1,11.4186,,1.00594,4.35995,77.4773
2532.00,1002105,CP,2022-04-18 12:00:00,2026-08-01 00:00:00,2026-08-01,11.991,1.75382,3555.88,5.88254,0.588254,661.344,32.028,0,1,8.01736,4546.52,0.933073,,269.45
2533.00,1002106,FP,2023-05-14 12:00:00,2026-08-01 00:00:00,2026-08-01,10.5882,5.43268,38658.7,21.7299,2.17299,1224.75,376.716,0,1,9.87048,,1.07459,4.46835,212.292
2534.00,1002107,PC,2023-06-15 12:00:00,2026-08-01 00:00:00,2026-08-01,6.06851,1.45783,832.088,4.89335,0.489335,1470.89,783.695,0,1,11.9155,6282.99,1.53486,4.13592,
2535.00,1002108,APC,2023-07-10 12:00:00,2026-08-01 00:00:00,2026-08-01,36.3231,1.71818,1999.67,5.62141,0.562141,391.076,3.91622,0,1,10.2706,3642.9,1.06398,4.74987,162.026
2536.00,1002108,PC,2022-04-17 12:00:00,2026-08-01 00:00:00,2026-08-01,10.3328,3.60753,970.16,,0.304614,594.634,20.9324,0,1,10.2706,3642.9,1.06398,4.74987,162.026
2537.00,1002109,PC,2020-07-11 12:00:00,2026-08-01 00:00:00,2026-08-01,2.14819,2.7662,3734.12,11.1643,1.11643,2109.04,3312.55,0,1,13.1009,6208.92,1.61698,4.74169,150.948
2538.00,1002110,PC,2023-07-18 12:00:00,2026-08-01 00:00:00,2026-08-01,18.9226,,3893.24,11.3103,1.13103,,,0,1,11.1254,4808.64,1.48981,4.14946,151.074
2539.00,1002111,FP,2021-08-11 12:00:00,2026-08-01 00:00:00,2026-08-01,8.3859,2.27511,1594.59,3.18887,0.318887,658.485,31.4779,0,1,10.5355,4741.81,0.67002,5.0227,134.914
2540.00,1002112,PC,2022-01-16 12:00:00,2026-08-01 00:00:00,2026-08-01,12.2148,2.57834,3011.08,5.53486,0.553486,799.148,68.2857,0,1,14.9985,5647.15,0.894068,4.61769,96.1392
2541.00,1002113,CP,2019-05-14 12:00:00,2026-08-01 00:00:00,2026-08-01,1.33439,3.01843,7225.65,6.61395,0.661395,1325.7,517.138,0,1,13.1949,5109.54,0.686806,4.18431,310.869
2542.00,1002114,FP,2023-06-12 12:00:00,2026-08-01 00:00:00,2026-08-01,68.7597,4.45235,4335.06,6.3943,0.63943,413.839,4.91074,0,1,9.20659,5576.92,0.777941,4.33081,130.051
2543.00,1002114,FP,2022-03-15 12:00:00,2026-08-01 00:00:00,2026-08-01,6.2691,3.38294,2718.94,3.99077,0.399077,919.477,119.67,0,1,9.20659,5576.92,0.777941,4.33081,130.051
2544.00,1002114,PC,2019-01-11 12:00:00,2026-08-01 00:00:00,2026-08-01,3.08633,3.80023,2835.61,4.70369,0.470369,,307.848,0,1,9.20659,5576.92,0.777941,4.33081,130.051
2545.00,1002115,FP,2019-06-14 12:00:00,2026-08-01 00:00:00,2026-08-01,1.49858,4.6126,1125.79,3.42645,0.342645,1516.45,885.383,0,1,9.91069,4921.5,1.04656,4.06513,224.282
2546.00,1002115,CP,2022-01-17 12:00:00,2026-08-01 00:00:00,2026-08-01,3.20292,2.64689,1122.35,3.71081,0.371081,1177.26,321.597,0,1,9.91069,4921.5,1.04656,4.06513,224.282
2547.00,1002116,CP,2025-07-10 12:00:00,2026-08-01 00:00:00,2026-08-01,3.59561,1.35672,4428.56,7.9484,0.79484,1701.26,1402.52,0,1,10.5594,7387.57,1.0477,3.98896,297.579
2548.00,1002117,PC,2025-06-11 12:00:00,2026-08-01 00:00:00,2026-08-01,87.0324,1.82342,,1.80343,0.180343,456.29,7.25745,0,1,13.3751,6954.45,0.71164,4.07812,111.186
2549.00,1002118,PC,2021-03-11 12:00:00,2026-08-01 00:00:00,2026-08-01,1.25042,6.11066,1851.48,3.79713,0.379713,1804.05,1773.43,0,1,12.89,6223.3,0.821002,4.39517,190.1
2550.00,1002119,FP,2025-05-14 12:00:00,2026-08-01 00:00:00,2026-08-01,13.4192,1.68135,230.16,2.06573,0.206573,943.062,132.429,0,1,12.0257,6164.6,1.11243,4.50241,80.7527
2551.00,1002120,PC,2024-03-15 12:00:00,2026-08-01 00:00:00,2026-08-01,37.2584,7.0532,4920.43,5.54475,0.554475,629.591,26.306,0,1,10.168,6795.01,0.806128,3.9507,207.833
2552.00,1002121,PC,2025-01-11 12:00:00,2026-08-01 00:00:00,2026-08-01,14.4312,1.13885,10460.4,,0.704175,699.368,40.0537,0,1,10.751,6451.47,0.586335,4.34158,258.678
2553.00,1002122,PC,2025-06-18 12:00:00,2026-08-01 00:00:00,2026-08-01,6.62107,4.21865,6571.99,11.0722,1.10722,759.306,55.6531,0,1,14.8874,3710.04,1.24321,4.37688,123.929
2554.00,1002123,PC,2020-06-16 12:00:00,2026-08-01 00:00:00,2026-08-01,1.62478,3.71518,2685.8,7.21527,0.721527,1566.19,1007.39,0,1,12.2685,5488.77,0.947222,4.62402,272.508
2555.00,1002124,PC,2020-04-14 12:00:00,2026-08-01 00:00:00,2026-08-01,6.64501,2.65406,2495.07,3.50608,0.350608,945.293,133.686,0,1,11.5465,6395.41,0.649995,4.33343,365.263
2556.00,1002125,PC,2023-03-16 12:00:00,2026-08-01 00:00:00,2026-08-01,1.82177,1.76525,7741.61,7.58676,0.758676,1688.6,1361.21,0,1,11.4683,6122.01,0.955237,4.10744,71.2388
2557.00,1002126,PC,2021-08-17 12:00:00,2026-08-01 00:00:00,2026-08-01,22.8616,4.66683,425.648,2.3006,0.23006,670.769,33.8931,0,1,11.9383,5493.45,1.0109,4.62225,187.9
2558.00,1002127,CP,2024-03-18 12:00:00,2026-08-01 00:00:00,2026-08-01,11.0563,1.60805,,8.43131,0.843131,534.523,13.6674,0,1,13.4277,3713.53,0.865534,4.1501,159.683
2559.00,1002128,PC,2023-01-17 12:00:00,2026-08-01 00:00:00,2026-08-01,2.12152,4.38028,5786.5,5.36276,0.536276,1192.8,338.919,0,1,12.8906,5405.99,0.676605,4.32515,196.905
2560.00,1002129,FP,2020-03-18 12:00:00,2026-08-01 00:00:00,2026-08-01,4.65281,2.72079,1039.51,4.22588,0.422588,1070.57,219.926,0,1,10.64,4956.35,1.09454,4.45591,
2561.00,1002130,PC,2025-07-15 12:00:00,2026-08-01 00:00:00,2026-08-01,13.079,4.56194,4844.41,8.99159,0.899159,946.052,134.116,0,1,11.1561,5768.38,1.25687,4.08205,105.866
2562.00,1002131,PC,2022-04-12 12:00:00,2026-08-01 00:00:00,2026-08-01,4.06392,7.74137,6704.2,7.14516,0.714516,1329.04,522.365,0,1,14.3933,6879.83,0.799959,4.30447,265.604
2563.00,1002132,PC,2022-02-12 12:00:00,2026-08-01 00:00:00,2026-08-01,,2.91828,882.399,3.24344,0.324344,726.076,46.5316,0,1,13.4712,4515.78,1.06517,4.29906,489.856
2564.00,1002133,CP,2022-07-15 12:00:00,2026-08-01 00:00:00,2026-08-01,9.32984,4.13353,2437.03,4.55307,0.455307,781.294,62.3847,0,1,8.88059,5116.51,0.869856,4.822,343.771
2565.00,1002133,CP,2019-03-14 12:00:00,2026-08-01 00:00:00,2026-08-01,0.731275,4.20314,1513.85,3.58781,0.358781,1825.63,1859.81,0,1,8.88059,5116.51,,4.822,343.771
2566.00,1002134,PC,2022-05-10 12:00:00,2026-08-01 00:00:00,2026-08-01,20.2376,4.48887,726.612,1.57477,0.157477,492.189,9.82539,0,1,13.577,5444.11,0.510936,4.5235,123.582
2567.00,1002135,PC,2019-02-11 12:00:00,2026-08-01 00:00:00,2026-08-01,9.00778,2.50552,6033.82,10.7595,1.07595,1044.98,199.644,0,1,8.50291,5952.5,1.12309,4.34128,164.362
2568.00,1002136,PC,2019-08-13 12:00:00,2026-08-01 00:00:00,2026-08-01,58.4661,4.47325,2329.57,7.8857,0.78857,695.962,39.2793,0,1,10.8385,6180.63,1.60778,,50.5292
2569.00,1002137,PC,2021-06-13 12:00:00,2026-08-01 00:00:00,2026-08-01,1.84892,4.40448,3444.73,6.3419,0.63419,1507.84,865.448,0,1,11.9945,5370.67,0.999499,4.49207,104.716
2570.00,1002138,FP,2025-05-18 12:00:00,2026-08-01 00:00:00,2026-08-01,4.94203,2.71883,4856.08,3.87511,0.387511,641.926,28.429,0,1,11.9011,4313.06,0.540988,4.82482,530.056
2571.00,1002138,PC,2025-06-13 12:00:00,2026-08-01 00:00:00,2026-08-01,5.15085,7.2429,1818.53,2.63646,0.263646,633.132,26.9028,0,1,11.9011,4313.06,0.540988,4.82482,530.056
2572.00,1002139,FP,2023-07-14 12:00:00,2026-08-01 00:00:00,2026-08-01,4.74342,5.13031,5406.78,8.98579,0.898579,1247.37,405.326,0,1,8.96453,,1.06623,4.59046,655.986
2573.00,1002140,CP,2021-04-16 12:00:00,2026-08-01 00:00:00,2026-08-01,1.90351,,3655.99,9.57134,0.957134,,3012.13,0,1,12.1147,5936.98,1.55578,4.4436,166.434
2574.00,1002141,APC,2019-03-12 12:00:00,2026-08-01 00:00:00,2026-08-01,1.02378,5.42725,2064.75,4.20984,0.420984,1716.05,1451.9,0,1,10.0782,5302.95,0.895387,4.70713,167.139
2575.00,1002141,PC,2021-03-10 12:00:00,2026-08-01 00:00:00,2026-08-01,2.01191,2.21798,2768.16,5.32578,0.532578,1370.02,,0,1,10.0782,5302.95,0.895387,4.70713,167.139
2576.00,1002142,PC,2025-01-15 12:00:00,2026-08-01 00:00:00,2026-08-01,5.17262,2.31016,823.704,4.17884,0.417884,1105.78,250.324,0,1,9.39647,4607.82,1.44991,4.36043,519.152
2577.00,1002143,PC,2020-06-18 12:00:00,2026-08-01 00:00:00,2026-08-01,2.23237,1.67824,2163.97,3.10256,0.310256,1037.6,194.065,0,1,13.7515,5468.9,0.517558,4.14631,360.595
2578.00,1002144,FP,2020-06-15 12:00:00,2026-08-01 00:00:00,2026-08-01,9.86857,5.61498,,5.55673,0.555673,385.873,3.71192,0,1,10.2628,3429.06,0.490408,4.21601,105.161
2579.00,1002145,PC,2024-08-13 12:00:00,2026-08-01 00:00:00,2026-08-01,8.74152,3.28756,5287.24,6.82724,0.682724,724.296,46.0771,0,1,13.6596,4940.58,0.767687,4.21997,149.925
2580.00,1002146,PC,2024-06-18 12:00:00,2026-08-01 00:00:00,2026-08-01,2.72582,2.38648,177.93,2.72956,0.272956,2057.29,2999.19,0,1,11.4698,5843.42,2.03598,4.65931,125.494
2581.00,1002147,CP,2023-07-18 12:00:00,2026-08-01 00:00:00,2026-08-01,6.39764,2.5354,4811.07,4.77649,0.477649,655.615,,0,1,8.1597,4585.71,0.592946,4.1439,330.804
2582.00,1002148,PC,2020-03-16 12:00:00,2026-08-01 00:00:00,2026-08-01,,2.42165,49731.2,32.9889,,670.005,33.739,0,1,11.4277,3901.59,1.26836,4.71762,131.058
2583.00,1002149,PC,2021-01-14 12:00:00,2026-08-01 00:00:00,2026-08-01,13.8666,5.37051,5121.48,8.84386,0.884386,754.892,54.3702,0,1,11.8453,4924.62,1.14162,4.16286,171.298
2584.00,1002150,PC,2022-07-11 12:00:00,2026-08-01 00:00:00,2026-08-01,5.68865,2.71123,2099.31,4.22533,0.422533,1162.48,,0,1,9.21771,6388.19,0.888252,4.27531,93.2836
2585.00,1002151,PC,2025-05-12 12:00:00,2026-08-01 00:00:00,2026-08-01,11.7042,2.96432,625.486,4.54644,0.454644,,255.05,0,1,13.2298,6093.96,1.44216,4.48142,119.909
2586.00,1002152,APC,2021-03-17 12:00:00,2026-08-01 00:00:00,2026-08-01,4.75668,1.83128,549.735,2.23511,0.223511,794.598,66.7439,0,1,13.0532,,0.679488,4.23761,353.114
2587.00,1002153,APC,2019-05-12 12:00:00,2026-08-01 00:00:00,2026-08-01,5.33631,2.98555,8413.25,16.2172,1.62172,1399.07,641.476,0,1,13.3356,5915.55,1.43781,4.13843,252.646
2588.00,1002154,CP,2024-01-10 12:00:00,2026-08-01 00:00:00,2026-08-01,18.2652,1.29797,1053.65,3.0259,0.30259,619.864,24.7176,0,1,9.234,4800.81,0.973262,4.34155,291.618
2589.00,1002155,FP,2023-06-13 12:00:00,2026-08-01 00:00:00,2026-08-01,3.69095,5.5188,2437.44,3.32505,0.332505,1127.86,270.92,0,1,10.9993,6429.15,0.618698,4.56014,156.695
2590.00,1002156,FP,2022-08-18 12:00:00,2026-08-01 00:00:00,2026-08-01,3.33359,4.77907,2529.75,4.74877,,1302.13,481.321,0,1,11.2776,5816.5,0.941401,4.79686,229.625
2591.00,1002157,PC,2019-04-15 12:00:00,2026-08-01 00:00:00,2026-08-01,15.609,2.75286,1185.16,4.31576,0.431576,774.386,60.2075,0,1,12.7317,5600.48,1.00515,4.26546,270.999
2592.00,1002158,PC,2022-08-18 12:00:00,2026-08-01 00:00:00,2026-08-01,5.13325,2.34608,3263.44,6.58406,0.658406,1072.26,221.319,0,1,11.1043,5083.39,1.11448,4.43598,311.702
2593.00,1002159,PC,2021-01-16 12:00:00,2026-08-01 00:00:00,2026-08-01,8.18625,2.18811,1919.76,3.9697,0.39697,708.517,42.1911,0,1,13.0083,4392.66,0.889513,,232.555
2594.00,1002160,CP,2021-05-15 12:00:00,2026-08-01 00:00:00,2026-08-01,13.5953,2.22129,2154.01,5.20887,0.520887,656.655,31.1293,0,1,10.6331,4674.77,0.946081,4.71388,153.186
2595.00,1002161,PC,2025-01-12 12:00:00,2026-08-01 00:00:00,2026-08-01,5.13819,3.82468,4108.99,12.0852,1.20852,1357.78,569.03,0,1,10.8299,5271.38,1.6629,4.4924,117.339
2596.00,1002162,PC,2020-01-11 12:00:00,2026-08-01 00:00:00,2026-08-01,40.6912,2.03978,657.664,4.55146,0.455146,833.484,80.7998,0,1,12.8748,6586.25,1.59479,4.30509,240.759
2597.00,1002163,CP,2025-02-13 12:00:00,2026-08-01 00:00:00,2026-08-01,6.28476,2.27772,1208.52,6.56476,0.656476,1389.45,624.007,0,1,12.0086,5681.47,1.7145,4.93281,170.044
2598.00,1002164,PC,2023-02-18 12:00:00,2026-08-01 00:00:00,2026-08-01,2.27147,3.01749,103.888,0.855908,0.0855908,1620.07,1153.35,0,1,14.1781,6711.33,0.847567,4.22982,194.195
2599.00,1002165,PC,2021-04-16 12:00:00,2026-08-01 00:00:00,2026-08-01,7.49374,3.50271,162.114,,0.0963524,827.376,78.4572,0,1,9.87817,5559.67,0.713878,4.43644,107.17
2600.00,1002166,PC,2022-01-14 12:00:00,2026-08-01 00:00:00,2026-08-01,17.8163,1.43811,1482.61,3.71656,0.371656,837.116,82.2173,0,1,11.501,6471.79,0.960692,4.29799,263.059
2601.00,1002166,PC,2025-01-12 12:00:00,2026-08-01 00:00:00,2026-08-01,3.12791,7.49218,3630.11,6.47835,0.647835,1495,836.335,0,1,11.501,6471.79,0.960692,4.29799,263.059
2602.00,1002167,FP,2021-06-15 12:00:00,2026-08-01 00:00:00,2026-08-01,7.7776,4.13571,1406.75,5.73142,0.573142,1410.22,662.17,0,1,9.78551,6497.31,1.55664,4.37671,230.691
2603.00,1002168,FP,2025-07-11 12:00:00,2026-08-01 00:00:00,2026-08-01,1.03566,4.86711,5245.75,5.78997,0.578997,2051.52,2965.69,0,1,8.85801,6765.78,0.792216,4.40449,381.729
2604.00,1002169,PC,2025-08-10 12:00:00,2026-08-01 00:00:00,2026-08-01,2.9134,5.23039,,9.25452,0.925452,1711.67,1437.15,0,1,12.0406,6650.91,1.13727,4.35201,279.356
2605.00,1002170,FP,2024-05-11 12:00:00,2026-08-01 00:00:00,2026-08-01,1.18458,3.91006,4858.69,6.91209,0.691209,1546.95,958.786,0,1,9.47859,5332.63,0.793039,4.41617,166.018
2606.00,1002171,PC,2020-02-17 12:00:00,2026-08-01 00:00:00,2026-08-01,,2.60112,8617.73,14.9302,1.49302,2676.21,8588.16,0,1,9.80985,6679.2,1.62658,4.1699,118.01
2607.00,1002172,CP,2022-01-17 12:00:00,2026-08-01 00:00:00,2026-08-01,8.06706,4.46157,8233.74,6.56847,0.656847,876.96,99.0237,0,1,9.64192,6005.66,0.721936,,297.771
2608.00,1002173,FP,2025-08-17 12:00:00,2026-08-01 00:00:00,2026-08-01,22.4451,3.42092,9511.49,12.1502,1.21502,957.001,140.433,0,1,9.3227,7485.94,1.09462,4.30459,454.229
2609.00,1002174,PC,2019-07-14 12:00:00,2026-08-01 00:00:00,2026-08-01,13.4173,2.0314,532.073,2.12998,0.212998,942.711,132.232,0,1,10.6429,7685.79,0.715057,4.45038,119.109
2610.00,1002175,PC,2022-03-12 12:00:00,2026-08-01 00:00:00,2026-08-01,4.22869,2.84451,3051,5.17946,0.517946,1234.45,388.792,0,1,12.2586,6174.95,0.879701,4.70675,185.451
2611.00,1002176,PC,2021-07-17 12:00:00,2026-08-01 00:00:00,2026-08-01,5.2051,7.7157,2310.98,4.53903,0.453903,1204.17,352.019,0,1,10.9955,5917.32,1.04695,4.22897,
2612.00,1002177,PC,2025-01-11 12:00:00,2026-08-01 00:00:00,2026-08-01,6.85077,,9066.42,9.2093,0.92093,911.231,115.434,0,1,10.7937,5469.7,0.842701,4.17663,160.456
2613.00,1002178,PC,2025-02-14 12:00:00,2026-08-01 00:00:00,2026-08-01,1.70624,3.23405,9643.33,9.41775,0.941775,1592.72,1077.39,0,1,11.3118,6084.37,0.82361,4.36079,122.389
2614.00,1002178,CP,2024-07-13 12:00:00,2026-08-01 00:00:00,2026-08-01,22.9253,3.47379,698.756,2.16854,0.216854,669.957,33.7293,0,1,11.3118,6084.37,0.82361,4.36079,122.389
2615.00,1002179,FP,2025-07-10 12:00:00,2026-08-01 00:00:00,2026-08-01,35.7374,2.61531,8796.15,16.7928,1.67928,852.682,88.5054,0,1,10.6551,6195.22,1.73006,4.89171,
2616.00,1002180,PC,2019-05-17 12:00:00,2026-08-01 00:00:00,2026-08-01,7.34149,3.83765,1044.62,3.17884,0.317884,880.114,100.456,0,1,15.5625,5406.07,0.842729,4.4651,
2617.00,1002181,PC,2025-03-12 12:00:00,2026-08-01 00:00:00,2026-08-01,7.88555,2.35891,2021.85,6.72718,0.672718,1224.29,376.142,0,1,13.6159,5602.68,1.59238,4.19902,149.17
2618.00,1002182,PC,2022-08-18 12:00:00,2026-08-01 00:00:00,2026-08-01,4.49308,3.78374,502.068,1.63579,0.163579,901.029,110.351,0,1,13.3468,5659.78,0.580887,4.63574,
2619.00,1002183,CP,2020-01-18 12:00:00,2026-08-01 00:00:00,2026-08-01,1.43538,,571.885,5.42512,0.542512,2522.61,6779.86,0,1,10.796,,1.90504,4.21989,56.1229
2620.00,1002183,PC,2019-04-13 12:00:00,2026-08-01 00:00:00,2026-08-01,15.9156,4.41091,405.127,4.12109,0.412109,1131.27,274.209,0,1,10.796,5981.52,1.90504,4.21989,56.1229
2621.00,1002184,APC,2019-03-15 12:00:00,2026-08-01 00:00:00,2026-08-01,3.90792,2.35293,2444.51,5.83445,0.583445,986.693,158.69,0,1,10.6615,4622.32,0.951608,4.86042,126.604
2622.00,1002185,PC,2019-07-13 12:00:00,2026-08-01 00:00:00,2026-08-01,9.46017,9.96804,1724.14,3.34944,0.334944,734.5,48.7292,0,1,12.638,4989.71,0.815862,4.07473,174.39
2623.00,1002186,FP,2025-07-15 12:00:00,2026-08-01 00:00:00,2026-08-01,58.3106,4.27598,4256.16,7.25729,0.725729,541.82,14.4291,0,1,10.2641,6012.34,1.02795,,244.637
2624.00,1002187,FP,2021-06-16 12:00:00,2026-08-01 00:00:00,2026-08-01,3.52998,5.16311,3968.96,4.30561,0.430561,953.352,138.304,0,1,11.3973,5202.13,0.655405,4.30118,383.113
2625.00,1002188,PC,2019-02-15 12:00:00,2026-08-01 00:00:00,2026-08-01,,5.03901,976.791,2.95214,0.295214,761.514,56.303,0,1,9.91515,4606.26,0.764514,4.60212,200.867
2626.00,1002189,PC,2022-04-14 12:00:00,2026-08-01 00:00:00,2026-08-01,15.9899,4.16453,11777.2,14.3187,1.43187,871.08,96.3948,0,1,13.8673,5680.48,1.2563,4.3867,263.452
2627.00,1002190,PC,2020-01-16 12:00:00,2026-08-01 00:00:00,2026-08-01,6.78739,1.65497,369.686,1.93113,0.193113,1164.79,308.189,0,1,14.0413,6464.27,0.979741,4.4304,330.338
2628.00,1002191,PC,2023-05-12 12:00:00,2026-08-01 00:00:00,2026-08-01,4.84173,2.68646,1859.85,4.56234,0.456234,1377.67,603.111,0,1,12.1326,6346.77,,4.45283,61.8305
2629.00,1002192,PC,2023-02-10 12:00:00,2026-08-01 00:00:00,2026-08-01,6.7514,4.88416,10926.7,10.7806,1.07806,954.374,138.898,0,1,13.1257,5332.15,0.963264,4.47956,259.899
2630.00,1002192,FP,2020-02-10 12:00:00,2026-08-01 00:00:00,2026-08-01,1.90703,5.72314,30613,15.0645,1.50645,1454.56,749.454,0,1,13.1257,5332.15,0.963264,4.47956,259.899
2631.00,1002193,PC,2020-07-10 12:00:00,2026-08-01 00:00:00,2026-08-01,8.26421,4.15555,105.369,1.75216,0.175216,1056.46,208.558,0,1,11.7749,5348.28,1.34254,4.35641,198.496
2632.00,1002194,FP,2019-02-14 12:00:00,2026-08-01 00:00:00,2026-08-01,4.29313,8.69055,,6.60496,0.660496,895.296,107.569,0,1,10.2576,5759.18,0.537335,4.70901,220.457
2633.00,1002194,CP,2021-04-14 12:00:00,2026-08-01 00:00:00,2026-08-01,8.99501,6.3507,681.441,1.38017,0.138017,699.666,40.1222,0,1,10.2576,5759.18,0.537335,4.70901,220.457
2634.00,1002195,PC,2020-04-10 12:00:00,2026-08-01 00:00:00,2026-08-01,3.34713,5.11014,2131.96,4.29152,0.429152,1255.76,416.335,0,1,11.3363,6017.35,0.820286,4.44987,44.586
2635.00,1002195,PC,2023-03-10 12:00:00,2026-08-01 00:00:00,2026-08-01,10.0823,11.5296,1205.7,3.08086,0.308086,869.513,95.7028,0,1,11.3363,6017.35,0.820286,4.44987,44.586
2636.00,1002196,PC,2021-02-17 12:00:00,2026-08-01 00:00:00,2026-08-01,,5.29752,2504.91,4.0376,0.40376,1260,421.995,0,1,9.85443,5745.09,0.864765,4.34461,329.739
2637.00,1002197,PC,2023-08-11 12:00:00,2026-08-01 00:00:00,2026-08-01,16.314,3.14652,993.239,3.76928,0.376928,911.371,115.505,0,1,10.335,6775.77,0.979561,4.21871,253.557
2638.00,1002198,APC,2024-01-15 12:00:00,2026-08-01 00:00:00,2026-08-01,26.2332,2.66513,298.115,,0.185097,564.394,16.9883,0,1,10.3873,4846.15,1.00799,4.28859,144.862
2639.00,1002199,CP,2023-07-13 12:00:00,2026-08-01 00:00:00,2026-08-01,2.62007,3.69445,2028.2,5.89393,0.589393,1475.21,792.942,0,1,10.542,5943.92,0.985425,4.54015,241.839
2640.00,1002200,PC,2023-07-12 12:00:00,2026-08-01 00:00:00,2026-08-01,5.42133,4.02409,8197.36,6.54814,0.654814,840.063,83.3812,0,1,13.9852,5278.42,0.657966,4.51616,267.595
2641.00,1002201,PC,2021-04-13 12:00:00,2026-08-01 00:00:00,2026-08-01,1.8938,1.64874,367.268,2.50144,0.250144,1561.62,995.679,0,1,11.1758,5571.62,1.01218,4.79104,496.317
2642.00,1002202,FP,2024-01-15 12:00:00,2026-08-01 00:00:00,2026-08-01,6.61832,2.59626,10325.9,10.4497,1.04497,818.969,75.3164,0,1,12.2269,4528.45,0.970476,3.97785,312.46
2643.00,1002203,CP,2025-04-17 12:00:00,2026-08-01 00:00:00,2026-08-01,37.5505,2.64844,7603.79,10.6867,1.06867,672.315,34.2067,0,1,10.5167,6379.14,1.04845,4.60191,115.344
2644.00,1002204,PC,2023-02-11 12:00:00,2026-08-01 00:00:00,2026-08-01,48.4793,2.62677,1153.99,3.68918,0.368918,551.797,15.5216,0,1,12.9035,5792.19,1.01569,4.21191,100.027
2645.00,1002205,PC,2025-03-15 12:00:00,2026-08-01 00:00:00,2026-08-01,48.4108,2.84349,1281.03,8.091,0.8091,702.949,40.8805,0,1,12.5002,5532.4,,4.21173,196.225
2646.00,1002206,PC,2025-04-18 12:00:00,2026-08-01 00:00:00,2026-08-01,11.1104,1.14697,190.083,1.99888,0.199888,802.643,69.4879,0,1,11.7988,4503.91,1.33107,4.41756,221.686
2647.00,1002207,PC,2021-06-18 12:00:00,2026-08-01 00:00:00,2026-08-01,2.30673,5.10727,2170.95,6.22596,0.622596,1808.49,1790.95,0,1,10.182,6063.25,,4.39138,78.0444
2648.00,1002208,PC,2019-08-11 12:00:00,2026-08-01 00:00:00,2026-08-01,9.13449,2.47169,236.69,1.17968,0.117968,716.61,44.1521,0,1,10.0456,5137.06,0.715773,4.18869,125.573
2649.00,1002209,CP,2020-08-10 12:00:00,2026-08-01 00:00:00,2026-08-01,14.5336,3.55138,4188.93,8.34574,0.834574,891.108,105.57,0,1,8.88157,5982.47,1.11224,4.27079,89.3899
2650.00,1002210,PC,2020-06-10 12:00:00,2026-08-01 00:00:00,2026-08-01,2.47257,2.02984,168.209,0.666141,0.0666141,957.225,140.565,0,1,13.8473,5321.22,0.498067,4.44886,54.2283
2651.00,1002210,FP,2025-07-11 12:00:00,2026-08-01 00:00:00,2026-08-01,1.14027,2.5002,6873.51,4.93151,0.493151,1238.97,394.517,0,1,13.8473,5321.22,0.498067,4.44886,54.2283
2652.00,1002211,PC,2020-08-14 12:00:00,2026-08-01 00:00:00,2026-08-01,1.74285,3.03056,2872.73,6.03257,0.603257,812.116,72.8269,0,1,15.081,3057.99,0.859782,4.88167,88.2224
2653.00,1002212,PC,2020-03-11 12:00:00,2026-08-01 00:00:00,2026-08-01,60.9953,2.65571,1905.73,2.47774,0.247774,431.259,5.79128,0,1,12.6917,5783.56,0.725216,4.73639,372.095
2654.00,1002213,PC,2024-01-15 12:00:00,2026-08-01 00:00:00,2026-08-01,1.34722,4.78149,4665.19,4.74784,0.474784,1169.26,312.941,0,1,14.3226,4663.9,0.645354,4.56662,293.447
2655.00,1002214,PC,2023-04-18 12:00:00,2026-08-01 00:00:00,2026-08-01,11.063,3.20644,2983.85,4.90429,0.490429,677.048,35.1802,0,1,10.9766,5034.33,0.75588,4.77724,
2656.00,1002215,PC,2025-08-15 12:00:00,2026-08-01 00:00:00,2026-08-01,23.0718,4.64502,2417.73,6.53671,0.653671,857.035,90.3264,0,1,9.94962,6205.23,,4.22446,125.612
2657.00,1002216,CP,2023-03-14 12:00:00,2026-08-01 00:00:00,2026-08-01,1.22535,2.76944,660.014,3.21205,0.321205,2630.5,8016.32,0,1,10.9149,7244.35,1.27087,4.17686,202.268
2658.00,1002217,PC,2022-01-14 12:00:00,2026-08-01 00:00:00,2026-08-01,9.72722,2.09403,485.675,2.98251,0.298251,871.01,96.3637,0,1,10.4499,5138.12,1.10225,4.38619,327.316
2659.00,1002218,CP,2025-05-15 12:00:00,2026-08-01 00:00:00,2026-08-01,7.7431,4.17722,2069.61,3.57188,0.357188,1141.35,284.12,0,1,11.9497,7410.29,0.781562,4.5366,163.191
2660.00,1002219,FP,2024-05-16 12:00:00,2026-08-01 00:00:00,2026-08-01,2.00406,3.09345,9673.29,11.628,1.1628,,2746.26,0,1,9.16731,6726.48,1.19768,4.54634,237.515
2661.00,1002220,PC,2022-06-16 12:00:00,2026-08-01 00:00:00,2026-08-01,7.45282,1.97023,3934.83,8.0631,0.80631,1072.77,221.738,0,1,12.0735,5621.45,1.16962,4.03251,277.777
2662.00,1002221,APC,2019-02-11 12:00:00,2026-08-01 00:00:00,2026-08-01,12.4101,2.97763,10373.1,9.70943,,821.383,76.2086,0,1,13.9129,5530.83,0.995124,,178.496
2663.00,1002221,PC,2020-08-10 12:00:00,2026-08-01 00:00:00,2026-08-01,5.05726,3.7364,1536.66,3.52866,0.352866,1107.9,252.241,0,1,13.9129,5530.83,0.995124,4.46924,178.496
2664.00,1002222,PC,2021-03-12 12:00:00,2026-08-01 00:00:00,2026-08-01,6.73909,6.25149,2099.63,2.98653,0.298653,899.558,109.632,0,1,12.0679,6322.59,0.607928,3.8423,656.696
2665.00,1002223,CP,2021-01-15 12:00:00,2026-08-01 00:00:00,2026-08-01,,3.68931,2350.16,5.68648,0.568648,1304.82,485.322,0,1,8.05799,7059.9,1.17495,4.84899,
2666.00,1002224,APC,2023-08-10 12:00:00,2026-08-01 00:00:00,2026-08-01,3.54965,3.10897,1119.99,3.47562,0.347562,1220.75,371.812,0,1,12.7468,5741.44,0.88549,4.54841,233.585
2667.00,1002224,PC,2022-03-14 12:00:00,2026-08-01 00:00:00,2026-08-01,30.9517,2.25253,2410.84,4.67636,0.467636,593.097,20.7169,0,1,12.7468,5741.44,0.88549,4.54841,
2668.00,1002225,FP,2021-06-14 12:00:00,2026-08-01 00:00:00,2026-08-01,2.69552,2.26249,3494.67,5.07886,0.507886,1189.44,335.115,0,1,11.1155,5104.19,0.885343,4.2252,379.95
2669.00,1002226,PC,2024-06-13 12:00:00,2026-08-01 00:00:00,2026-08-01,8.20134,2.81592,736.261,3.82365,0.382365,1271.96,438.248,0,1,12.1535,6272.4,1.40774,,442.412
2670.00,1002227,FP,2025-08-18 12:00:00,2026-08-01 00:00:00,2026-08-01,29.1021,,3934.82,9.40823,0.940823,560.716,16.5498,0,1,11.338,4862.31,1.0591,4.55777,128.923
2671.00,1002228,PC,2022-05-14 12:00:00,2026-08-01 00:00:00,2026-08-01,3.52227,2.58966,2330.48,4.91196,0.491196,1301.01,479.672,0,1,11.6079,5743.68,0.999801,4.86223,139.368
2672.00,1002229,PC,2020-01-13 12:00:00,2026-08-01 00:00:00,2026-08-01,31.4355,,506.696,1.81846,0.181846,593.549,20.7801,0,1,13.443,6007.03,0.818575,4.13988,204.849
2673.00,1002230,PC,2022-06-17 12:00:00,2026-08-01 00:00:00,2026-08-01,15.2174,4.10084,1554.4,3.16291,0.316291,889.557,104.837,0,1,9.07208,7170.75,0.795479,4.40153,145.082
2674.00,1002231,PC,2024-05-13 12:00:00,2026-08-01 00:00:00,2026-08-01,10.154,1.92873,2802.34,6.65213,0.665213,938.097,129.662,0,1,12.2512,5658.95,1.08467,4.6054,149.383
2675.00,1002232,PC,2020-02-12 12:00:00,2026-08-01 00:00:00,2026-08-01,36.9547,8.36092,7634.41,21.2048,2.12048,814.504,73.6874,0,1,12.3868,5443.34,2.09099,4.95017,164.848
2676.00,1002233,PC,2024-06-15 12:00:00,2026-08-01 00:00:00,2026-08-01,5.56786,2.76323,2443.27,2.61114,0.261114,691.154,38.2049,0,1,9.96329,5370.83,0.4379,4.59409,173.89
2677.00,1002234,PC,2020-07-14 12:00:00,2026-08-01 00:00:00,2026-08-01,7.1495,4.40555,2666.04,4.62745,0.462745,906.904,113.257,0,1,10.0389,5749.68,0.777205,4.28319,
2678.00,1002235,PC,2022-07-12 12:00:00,2026-08-01 00:00:00,2026-08-01,8.74657,2.95863,850.933,1.54737,0.154737,769.33,58.6504,0,1,11.036,6574.46,0.489305,4.48607,156.57
2679.00,1002236,PC,2019-07-17 12:00:00,2026-08-01 00:00:00,2026-08-01,2.23709,4.13824,,1.27985,0.127985,1505.01,858.975,0,1,11.4073,6543.81,0.761597,4.10759,399.665
2680.00,1002237,FP,2021-05-17 12:00:00,2026-08-01 00:00:00,2026-08-01,1.85467,6.57277,4242.21,5.91091,0.591091,1452.5,745.215,0,1,10.844,5652.3,0.839088,4.18181,156.785
2681.00,1002238,FP,2023-08-18 12:00:00,2026-08-01 00:00:00,2026-08-01,2.16916,4.85539,2446.93,6.10139,0.610139,1728.15,1493.3,0,1,9.41632,6144.6,1.11572,3.9467,86.6738
2682.00,1002239,FP,2025-08-16 12:00:00,2026-08-01 00:00:00,2026-08-01,4.10919,4.5186,6528.76,6.08083,0.608083,,142.85,0,1,9.4865,5574.19,0.641979,4.22327,191.045
2683.00,1002240,PC,2024-08-17 12:00:00,2026-08-01 00:00:00,2026-08-01,24.6615,4.25773,8679.97,6.45643,0.645643,425.519,,0,1,12.1853,4570.01,0.618299,4.13826,363.932
2684.00,1002241,PC,2020-07-12 12:00:00,2026-08-01 00:00:00,2026-08-01,24.4505,3.89169,5187.95,,1.3732,888.946,104.55,0,1,10.2177,5676.17,1.7392,4.42746,724.573
2685.00,1002242,FP,2023-01-10 12:00:00,2026-08-01 00:00:00,2026-08-01,0.937691,5.17809,7999.59,14.4417,1.44417,2909.38,11995.6,0,1,10.8558,6491.86,,4.11569,72.4675
2686.00,1002243,PC,2024-05-12 12:00:00,2026-08-01 00:00:00,2026-08-01,,2.16947,1212.52,4.45976,0.445976,1173.6,317.611,0,1,11.8896,4612.61,1.17956,4.42835,347.246
2687.00,1002244,FP,2025-08-16 12:00:00,2026-08-01 00:00:00,2026-08-01,17.8899,3.59601,3658.65,10.2735,1.02735,882.226,101.424,0,1,10.0976,5276.55,1.60959,4.5008,199.753
2688.00,1002244,CP,2021-05-13 12:00:00,2026-08-01 00:00:00,2026-08-01,15.4242,2.6539,3083.47,7.4871,0.74871,926.933,123.599,0,1,10.0976,5276.55,1.60959,4.5008,199.753
2689.00,1002245,PC,2024-03-14 12:00:00,2026-08-01 00:00:00,2026-08-01,6.14472,4.59025,258.819,1.19891,0.119891,753.09,53.8529,0,1,,4952.08,0.653086,4.30311,
2690.00,1002246,CP,2020-04-13 12:00:00,2026-08-01 00:00:00,2026-08-01,7.37418,2.70821,1832.28,3.88844,0.388844,633.2,26.9143,0,1,10.8078,3882.44,0.848263,4.12278,624.298
2691.00,1002247,PC,2020-06-16 12:00:00,2026-08-01 00:00:00,2026-08-01,1.17887,2.61735,532.539,3.29467,0.329467,,3791.55,0,1,7.81609,5779.83,,4.55237,285.274
2692.00,1002248,CP,2022-02-13 12:00:00,2026-08-01 00:00:00,2026-08-01,3.79201,4.6081,3235.4,6.97136,0.697136,1226.27,378.585,0,1,11.2248,5525.32,1.00822,4.74355,356.721
2693.00,1002249,CP,2024-04-12 12:00:00,2026-08-01 00:00:00,2026-08-01,38.2803,2.60921,961.982,2.35741,0.235741,495.528,10.0947,0,1,7.4375,5664.1,0.731769,3.97249,181.079
2694.00,1002250,APC,2023-02-11 12:00:00,2026-08-01 00:00:00,2026-08-01,7.12286,1.83223,1743.72,5.26081,0.526081,904.52,112.071,0,1,12.9018,4783.73,1.1141,4.28386,454.139
2695.00,1002251,PC,2020-07-11 12:00:00,2026-08-01 00:00:00,2026-08-01,18.5602,2.39325,1797.12,3.63976,0.363976,678.481,35.479,0,1,12.1389,5990.73,0.756868,4.76598,94.3667
2696.00,1002252,APC,2020-05-11 12:00:00,2026-08-01 00:00:00,2026-08-01,45.9051,2.4624,1220.77,4.81666,0.481666,752.396,53.6545,0,1,9.62702,7553.99,1.07061,4.69679,134.67
2697.00,1002253,PC,2025-07-17 12:00:00,2026-08-01 00:00:00,2026-08-01,15.4978,2.79611,920.802,4.9743,0.49743,1066.29,216.433,0,1,12.5357,6102.6,1.59742,4.15316,203.033
2698.00,1002254,FP,2019-07-16 12:00:00,2026-08-01 00:00:00,2026-08-01,10.288,1.88924,5305.61,15.0632,1.50632,1490.33,825.952,0,1,9.68084,6954.98,1.8283,4.32442,200.751
2699.00,1002255,PC,2022-06-10 12:00:00,2026-08-01 00:00:00,2026-08-01,16.0772,,1370.34,3.88578,0.388578,869.964,95.9018,0,1,14.9654,6406.16,0.988855,4.20006,171.96
2700.00,1002256,FP,2021-06-15 12:00:00,2026-08-01 00:00:00,2026-08-01,30.0855,1.92654,18844.7,21.0725,2.10725,704.821,41.3178,0,1,8.91686,4963.62,1.64179,4.2094,149.433
2701.00,1002257,CP,2025-05-16 12:00:00,2026-08-01 00:00:00,2026-08-01,5.14989,2.90828,1483.9,4.69476,,1328.6,521.679,0,1,8.05432,6627.21,1.0089,4.78719,265.586
2702.00,1002258,PC,2025-03-14 12:00:00,2026-08-01 00:00:00,2026-08-01,9.22143,4.29304,4610.4,6.52416,,647.156,29.3669,0,1,12.0886,4094.77,0.924575,4.36296,355.682
2703.00,1002259,PC,2019-08-15 12:00:00,2026-08-01 00:00:00,2026-08-01,8.22386,4.07443,1817.72,4.00466,0.400466,955.316,139.447,0,1,9.41417,5958.16,0.881666,4.24031,203.428
2704.00,1002260,KP,2019-03-14 12:00:00,2026-08-01 00:00:00,2026-08-01,2.11536,6.02937,1953.1,2.29764,0.229764,921.26,120.601,0,1,9.57884,5131.59,0.447061,4.31782,241.977
2705.00,1002261,PC,2021-07-16 12:00:00,2026-08-01 00:00:00,2026-08-01,2.93361,1.82992,921.287,5.8773,,1786.29,1704.61,0,1,13.7,5545.79,1.78962,4.66414,186.624
2706.00,1002261,PC,2024-08-13 12:00:00,2026-08-01 00:00:00,2026-08-01,1.54111,2.53357,3983.68,12.4154,1.24154,,4021.46,0,1,13.7,5545.79,1.78962,4.66414,186.624
2707.00,1002261,PC,2022-07-18 12:00:00,2026-08-01 00:00:00,2026-08-01,4.11314,4.4247,1117.31,6.24818,0.624818,1595.98,1086.25,0,1,13.7,5545.79,1.78962,4.66414,186.624
2708.00,1002262,PC,2020-07-10 12:00:00,2026-08-01 00:00:00,2026-08-01,4.00892,3.09804,2621.49,5.11879,0.511879,1114.82,258.608,0,1,11.4191,5383.26,0.911006,4.66347,205.815
2709.00,1002263,PC,2020-07-12 12:00:00,2026-08-01 00:00:00,2026-08-01,13.4174,3.81677,922.032,6.16329,0.616329,1003.79,169.978,0,1,9.50607,4955.2,1.95042,4.41469,287.293
2710.00,1002264,PC,2023-06-13 12:00:00,2026-08-01 00:00:00,2026-08-01,6.08355,4.76038,1742.2,6.40752,0.640752,1369.16,588.346,0,1,12.9721,6130.91,1.39898,,153.632
2711.00,1002265,FP,2024-02-16 12:00:00,2026-08-01 00:00:00,2026-08-01,2.75983,5.65825,16336.6,12.0845,1.20845,1416.51,674.054,0,1,11.9379,5938.29,0.942363,4.11539,131.554
2712.00,1002266,PC,2019-07-13 12:00:00,2026-08-01 00:00:00,2026-08-01,21.8336,2.54648,1512.9,3.74407,0.374407,778.004,61.3405,0,1,10.3548,6466.02,0.951968,4.36485,167.582
2713.00,1002267,PC,2024-04-10 12:00:00,2026-08-01 00:00:00,2026-08-01,5.61576,2.14246,1066.73,3.32629,0.332629,1341.25,541.823,0,1,11.4947,7194.89,0.924184,4.62875,97.3411
2714.00,1002268,KP,2025-08-17 12:00:00,2026-08-01 00:00:00,2026-08-01,,1.91635,905.335,1.97316,,1399.4,642.082,0,1,8.36403,5829.92,0.590723,4.33117,285.313
2715.00,1002269,PC,2021-01-14 12:00:00,2026-08-01 00:00:00,2026-08-01,6.38565,4.66814,4665.4,11.1177,1.11177,1092.83,238.802,0,1,12.7153,4970.24,1.40069,4.58414,104.467
2716.00,1002270,PC,2025-06-13 12:00:00,2026-08-01 00:00:00,2026-08-01,4.32877,2.51378,2105.58,5.14797,0.514797,1428.53,697.224,0,1,11.8765,6570.89,1.0567,4.55479,270.962
2717.00,1002271,FP,2019-03-11 12:00:00,2026-08-01 00:00:00,2026-08-01,15.2904,2.6493,9107.78,14.2929,1.42929,868.915,95.44,0,1,8.14292,5959.8,1.10227,4.47608,219.083
2718.00,1002272,PC,2025-07-11 12:00:00,2026-08-01 00:00:00,2026-08-01,4.62556,4.85618,3713.59,9.24857,0.924857,1082.93,230.266,0,1,10.051,4644.34,1.27052,4.30591,305.467
2719.00,1002273,PC,2024-03-17 12:00:00,2026-08-01 00:00:00,2026-08-01,43.6493,6.50451,2930.61,4.89493,0.489493,471.848,8.29908,0,1,10.4735,5313.49,0.822898,4.32657,127.56
2720.00,1002274,PC,2022-01-12 12:00:00,2026-08-01 00:00:00,2026-08-01,11.5847,2.47751,294.941,1.67701,0.167701,694.715,38.9984,0,1,9.60587,4701.7,0.940898,4.03919,179.397
2721.00,1002275,CP,2023-05-18 12:00:00,2026-08-01 00:00:00,2026-08-01,1.66387,1.10613,927.271,5.00236,0.500236,1873.26,2061.65,0,1,9.72915,5451.41,1.39565,4.27389,159.927
2722.00,1002275,PC,2021-07-16 12:00:00,2026-08-01 00:00:00,2026-08-01,7.24556,2.2106,6802.01,11.9157,1.19157,,289.921,0,1,9.72915,5451.41,1.39565,4.27389,159.927
2723.00,1002276,PC,2021-08-13 12:00:00,2026-08-01 00:00:00,2026-08-01,0.872424,,1215.5,1.93279,,1832.99,1890,0,1,11.7079,6664.53,0.581367,4.93808,279.354
2724.00,1002277,FP,2023-03-13 12:00:00,2026-08-01 00:00:00,2026-08-01,18.0041,3.62991,33476.6,19.167,1.9167,,60.1474,0,1,11.2062,6086.33,0.935588,4.16955,170.096
2725.00,1002278,FP,2023-06-17 12:00:00,2026-08-01 00:00:00,2026-08-01,9.36495,3.61965,9325.09,9.26227,0.926227,851.866,88.1668,0,1,8.64262,5876.33,0.785929,4.42229,139.694
2726.00,1002279,PC,2021-06-13 12:00:00,2026-08-01 00:00:00,2026-08-01,3.2721,4.88926,1522.97,5.08004,0.508004,1578.98,1040.71,0,1,10.6573,,1.24769,3.67476,63.1945
2727.00,1002280,FP,2021-07-14 12:00:00,2026-08-01 00:00:00,2026-08-01,4.12066,4.01002,8153.23,12.5199,1.25199,1234.92,389.388,0,1,8.92501,5364.53,1.14651,4.76762,179.528
2728.00,1002281,PC,2025-06-10 12:00:00,2026-08-01 00:00:00,2026-08-01,6.10277,5.61138,1710.77,,0.969777,1672.8,1310.99,0,1,14.2728,5654.69,2.46002,4.55732,79.0531
2729.00,1002282,PC,2022-08-14 12:00:00,2026-08-01 00:00:00,2026-08-01,2.58496,3.36346,1224.71,3.31495,0.331495,1245.83,403.323,0,1,10.9505,5299.87,0.876067,4.29077,266.352
2730.00,1002283,PC,2024-03-12 12:00:00,2026-08-01 00:00:00,2026-08-01,11.2903,4.57125,451.808,6.66897,0.666897,1649.61,1239.77,0,1,9.6732,6619.25,2.63106,4.29498,365.405
2731.00,1002284,CP,2024-06-17 12:00:00,2026-08-01 00:00:00,2026-08-01,9.23531,2.66519,206.362,2.24342,0.224342,959.05,141.64,0,1,11.4736,4758.21,1.50527,4.36203,68.2884
2732.00,1002285,CP,2020-04-12 12:00:00,2026-08-01 00:00:00,2026-08-01,6.7383,1.83827,1177.54,5.72582,0.572582,1295.22,471.195,0,1,8.84599,6071.96,1.36641,4.28871,147.565
2733.00,1002286,CP,2021-02-11 12:00:00,2026-08-01 00:00:00,2026-08-01,3.12929,1.97835,5174.93,8.27182,0.827182,1534.88,929.226,0,1,9.92767,6691.34,0.947555,4.15783,120.211
2734.00,1002287,CP,2023-03-16 12:00:00,2026-08-01 00:00:00,2026-08-01,16.5977,4.57285,3354.43,3.4402,0.34402,556.501,16.0578,0,1,10.2736,5627.5,0.535611,4.19117,242.745
2735.00,1002288,FP,2019-03-16 12:00:00,2026-08-01 00:00:00,2026-08-01,3.81742,3.08641,1010.26,2.70894,0.270894,975.299,151.486,0,1,11.3388,4886.86,0.81893,5.02379,163.463
2736.00,1002289,FA,2022-06-17 12:00:00,2026-08-01 00:00:00,2026-08-01,7.25293,4.26497,366.661,2.23949,0.223949,1045.02,,0,1,12.1471,5744.19,1.04388,4.20126,219.91
2737.00,1002289,PC,2019-03-14 12:00:00,2026-08-01 00:00:00,2026-08-01,4.39125,4.93154,828.527,2.86043,0.286043,1235.28,389.84,0,1,12.1471,5744.19,1.04388,4.20126,219.91
2738.00,1002290,PC,2025-08-14 12:00:00,2026-08-01 00:00:00,2026-08-01,4.57662,1.90276,919.976,4.1542,0.41542,1268.85,433.968,0,1,9.3857,5448.26,1.25849,4.27923,146.614
2739.00,1002291,CP,2019-03-12 12:00:00,2026-08-01 00:00:00,2026-08-01,4.72668,4.19807,192.928,2.60134,0.260134,1853.93,1977.85,0,1,10.2678,6884.18,1.71937,4.26982,232.58
2740.00,1002292,FP,2024-07-10 12:00:00,2026-08-01 00:00:00,2026-08-01,17.6225,4.37287,6759.82,13.0694,1.30694,748.696,52.6069,0,1,11.6034,4753.93,1.41384,4.67307,97.6853
2741.00,1002293,FP,2022-04-11 12:00:00,2026-08-01 00:00:00,2026-08-01,1.96439,5.79287,2270.06,4.26922,0.426922,1306.12,487.255,0,1,12.0269,5173.78,0.841435,4.39137,318.765
2742.00,1002294,CP,2020-04-12 12:00:00,2026-08-01 00:00:00,2026-08-01,23.3265,2.96879,,5.20213,0.520213,706.863,41.7986,0,1,9.16935,5641.11,1.07901,4.30706,260.6
2743.00,1002295,PC,2020-06-16 12:00:00,2026-08-01 00:00:00,2026-08-01,2.36825,5.18566,2595.57,5.34757,,1929.21,2319.21,0,1,11.8593,7202.72,1.07292,4.25491,219.224
2744.00,1002296,PC,2022-03-15 12:00:00,2026-08-01 00:00:00,2026-08-01,1.34273,1.9668,5760.43,9.54958,0.954958,1587.65,1063.75,0,1,10.3994,4737.19,1.15074,4.18827,328.196
2745.00,1002296,PC,2019-04-11 12:00:00,2026-08-01 00:00:00,2026-08-01,5.09431,4.9512,7435.31,11.8205,1.18205,1017.94,179.767,0,1,10.3994,4737.19,1.15074,4.18827,328.196
2746.00,1002297,PC,2021-04-12 12:00:00,2026-08-01 00:00:00,2026-08-01,1.14592,1.44067,1272.18,4.76987,0.476987,2102.82,3273.65,0,1,12.5386,5589.8,1.30447,4.78406,238.491
2747.00,1002297,APC,2019-02-10 12:00:00,2026-08-01 00:00:00,2026-08-01,2.94595,4.00001,846.498,4.21537,0.421537,,929.547,0,1,12.5386,5589.8,,4.78406,238.491
2748.00,1002297,CP,2022-05-18 12:00:00,2026-08-01 00:00:00,2026-08-01,4.0332,3.41337,2549.37,6.8424,0.68424,,611.466,0,1,12.5386,5589.8,1.30447,4.78406,238.491
2749.00,1002298,PC,2024-08-18 12:00:00,2026-08-01 00:00:00,2026-08-01,7.83962,3.7212,5459.49,9.08178,0.908178,1001.82,168.647,0,1,12.5848,5709.3,1.02281,4.23843,392.066
2750.00,1002298,PC,2024-02-12 12:00:00,2026-08-01 00:00:00,2026-08-01,5.43568,3.2318,22690.6,16.5483,1.65483,1131.89,274.811,0,1,12.5848,5709.3,1.02281,4.23843,392.066
2751.00,1002299,FP,2022-06-17 12:00:00,2026-08-01 00:00:00,2026-08-01,5.84226,5.47712,322.184,1.72213,0.172213,954.48,138.96,0,1,9.82003,5314.18,0.880844,3.90202,130.651
2752.00,1002300,PC,2025-05-11 12:00:00,2026-08-01 00:00:00,2026-08-01,5.88061,1.85822,3211.27,4.45048,0.445048,968.581,147.355,0,1,11.9447,6063.09,0.699866,3.81403,270.029
2753.00,1002300,PC,2022-08-11 12:00:00,2026-08-01 00:00:00,2026-08-01,1.10502,3.85047,3370.97,4.88896,0.488896,1691.04,1369.1,0,1,11.9447,6063.09,,3.81403,270.029
2754.00,1002300,PC,2025-07-10 12:00:00,2026-08-01 00:00:00,2026-08-01,18.1958,3.46389,167.701,1.02246,0.102246,664.691,32.6813,0,1,11.9447,6063.09,0.699866,,270.029
2755.00,1002301,PC,2021-07-11 12:00:00,2026-08-01 00:00:00,2026-08-01,9.26458,3.19577,259.202,1.89338,0.189338,683.679,36.5789,0,1,10.553,3961.95,1.10566,4.69069,563.98
2756.00,1002302,FP,2025-07-14 12:00:00,2026-08-01 00:00:00,2026-08-01,2.11021,3.40955,2056.48,6.72563,0.672563,2086.34,,0,1,8.0939,6804.53,1.30189,4.95884,271.474
2757.00,1002303,FP,2020-05-12 12:00:00,2026-08-01 00:00:00,2026-08-01,12.8321,4.92048,7997.46,7.8274,0.78274,729.528,47.4229,0,1,12.3198,5733.9,0.74685,4.07073,361.702
2758.00,1002304,PC,2020-01-14 12:00:00,2026-08-01 00:00:00,2026-08-01,17.122,2.86762,14866.4,7.62602,0.762602,,33.5025,0,1,11.0484,5922.44,0.71315,4.49867,414.085
2759.00,1002305,PC,2021-07-10 12:00:00,2026-08-01 00:00:00,2026-08-01,7.77305,2.68099,1884.83,3.09974,0.309974,908.473,114.043,0,1,11.1095,6238.91,0.700356,4.64778,522.23
2760.00,1002306,FP,2020-06-15 12:00:00,2026-08-01 00:00:00,2026-08-01,,8.12109,197.063,1.65565,,967.672,146.803,0,1,10.4721,5017.59,1.05922,4.73376,250.033
2761.00,1002307,FP,2022-03-13 12:00:00,2026-08-01 00:00:00,2026-08-01,6.50501,2.35843,1726.43,5.98208,0.598208,964.237,144.729,0,1,8.53763,4451.24,1.37643,4.44379,226.245
2762.00,1002307,PC,2019-05-10 12:00:00,2026-08-01 00:00:00,2026-08-01,17.789,2.29651,825.643,3.72667,0.372667,689.524,37.8458,0,1,8.53763,4451.24,1.37643,4.44379,226.245
2763.00,1002307,FP,2023-08-18 12:00:00,2026-08-01 00:00:00,2026-08-01,,5.31918,2617.16,9.01397,0.901397,802.758,69.5281,0,1,8.53763,4451.24,1.37643,4.44379,226.245
2764.00,1002308,PC,2019-03-14 12:00:00,2026-08-01 00:00:00,2026-08-01,13.3457,2.91272,2288.96,4.45615,0.445615,835.793,81.699,0,1,10.4553,6118.76,0.883654,4.1789,46.9388
2765.00,1002309,FP,2024-03-15 12:00:00,2026-08-01 00:00:00,2026-08-01,3.74925,,6448.86,8.89966,0.889966,872.93,97.2164,0,1,9.78146,4415.84,0.793865,4.94134,772.779
2766.00,1002310,PC,2024-05-18 12:00:00,2026-08-01 00:00:00,2026-08-01,1.36692,1.82823,708.71,4.30045,0.430045,1644.55,1224.65,0,1,11.6816,4911.08,1.16257,4.04594,98.3364
2767.00,1002310,PC,2022-04-12 12:00:00,2026-08-01 00:00:00,2026-08-01,17.2403,2.74559,2197.81,7.15144,0.715144,706.502,41.7132,0,1,11.6816,4911.08,1.16257,4.04594,98.3364
2768.00,1002310,PC,2022-04-16 12:00:00,2026-08-01 00:00:00,2026-08-01,13.3998,2.86903,522.367,2.68289,0.268289,768.415,58.3719,0,1,11.6816,4911.08,1.16257,4.04594,98.3364
2769.00,1002311,FP,2025-02-11 12:00:00,2026-08-01 00:00:00,2026-08-01,1.20121,3.97996,14996.9,10.2636,1.02636,2125.77,3418.9,0,1,11.6427,,0.71956,4.19506,281.549
2770.00,1002312,APC,2021-02-15 12:00:00,2026-08-01 00:00:00,2026-08-01,12.6042,2.68043,310.121,1.22305,0.122305,584.738,19.5734,0,1,12.5685,4615.87,0.731605,4.56954,102.699
2771.00,1002313,FP,2023-05-18 12:00:00,2026-08-01 00:00:00,2026-08-01,2.46343,,1904.33,6.31632,0.631632,1815.3,1818.09,0,1,10.4211,6112.47,1.35417,4.31618,104.656
2772.00,1002314,FA,2020-02-10 12:00:00,2026-08-01 00:00:00,2026-08-01,2.52827,8.80525,6804.3,14.3787,1.43787,1312.73,497.189,0,1,9.78358,4334.02,1.43318,4.63308,322.222
2773.00,1002315,PC,2024-05-15 12:00:00,2026-08-01 00:00:00,2026-08-01,3.31796,2.92275,6688.3,8.10761,0.810761,,382.068,0,1,11.8672,5209.17,1.04245,4.41221,164.526
2774.00,1002316,PC,2023-07-10 12:00:00,2026-08-01 00:00:00,2026-08-01,2.64429,7.41797,9795.78,10.8952,1.08952,1579.82,1042.91,0,1,10.2593,6666.26,0.904006,4.49596,477.496
2775.00,1002316,PC,2022-03-10 12:00:00,2026-08-01 00:00:00,2026-08-01,13.3551,3.10437,,1.16684,0.116684,920.79,120.355,0,1,10.2593,6666.26,0.904006,4.49596,477.496
2776.00,1002316,CP,2025-01-17 12:00:00,2026-08-01 00:00:00,2026-08-01,15.052,2.83763,3467.69,5.25584,0.525584,884.798,102.612,0,1,10.2593,6666.26,0.904006,4.49596,477.496
2777.00,1002317,PC,2022-06-17 12:00:00,2026-08-01 00:00:00,2026-08-01,10.0356,2.73009,2170.27,4.0415,0.40415,785.02,63.5835,0,1,11.0054,5117.79,0.921457,4.28301,65.8731
2778.00,1002318,PC,2019-01-16 12:00:00,2026-08-01 00:00:00,2026-08-01,11.2914,4.3297,512.996,3.14941,0.314941,770.807,59.1022,0,1,12.9535,4521.74,1.23111,4.6992,250.933
2779.00,1002319,PC,2023-01-10 12:00:00,2026-08-01 00:00:00,2026-08-01,11.1516,4.38718,3513.99,5.92989,0.592989,993.102,162.853,0,1,13.049,6246.21,,4.51815,
2780.00,1002320,PC,2021-05-17 12:00:00,2026-08-01 00:00:00,2026-08-01,3.83377,4.23104,1221.31,5.32734,0.532734,1465.89,773.088,0,1,12.7296,5793.21,1.32018,4.41937,292.445
2781.00,1002321,PC,2023-03-12 12:00:00,2026-08-01 00:00:00,2026-08-01,10.0305,4.58463,705.201,2.7438,0.27438,930.063,125.277,0,1,11.8944,6402.13,0.826241,4.38934,443.504
2782.00,1002322,FP,2019-07-10 12:00:00,2026-08-01 00:00:00,2026-08-01,0.425632,4.64545,2366.38,4.9744,0.49744,3375.99,21748.2,0,1,10.7658,7047.02,1.09311,4.2779,116.129
2783.00,1002322,CP,2024-02-14 12:00:00,2026-08-01 00:00:00,2026-08-01,17.9766,3.99048,2226.53,5.08177,0.508177,969.415,147.863,0,1,10.7658,7047.02,1.09311,4.2779,116.129
2784.00,1002322,APC,2025-05-18 12:00:00,2026-08-01 00:00:00,2026-08-01,3.97401,4.99449,4464.4,8.10033,0.810033,1603.26,1106.19,0,1,10.7658,7047.02,1.09311,4.2779,116.129
2785.00,1002323,CP,2025-01-17 12:00:00,2026-08-01 00:00:00,2026-08-01,6.38593,3.10496,15193.4,16.1535,1.61535,997.245,165.588,0,1,11.3065,5213.02,1.06029,4.31126,70.7564
2786.00,1002324,PC,2024-03-10 12:00:00,2026-08-01 00:00:00,2026-08-01,15.3229,3.64697,8903.35,21.2521,2.12521,1196.84,343.535,0,1,11.8967,6698.04,1.65802,4.56791,127.528
2787.00,1002325,PC,2025-02-14 12:00:00,2026-08-01 00:00:00,2026-08-01,10.0696,3.89003,18895.6,15.3986,1.53986,918.321,119.069,0,1,8.63675,5765.61,0.995763,4.12585,404.43
2788.00,1002325,FP,2019-04-17 12:00:00,2026-08-01 00:00:00,2026-08-01,3.47248,6.84341,7495.65,10.1539,1.01539,1309.54,492.37,0,1,8.63675,5765.61,0.995763,4.12585,404.43
2789.00,1002326,PC,2024-06-17 12:00:00,2026-08-01 00:00:00,2026-08-01,10.4388,2.50907,1111.41,3.16344,0.316344,927.921,124.127,0,1,9.15007,6128.59,0.921693,4.54922,251.949
2790.00,1002327,PC,2023-04-15 12:00:00,2026-08-01 00:00:00,2026-08-01,7.59758,3.85705,1327.29,3.74593,0.374593,983.316,156.528,0,1,12.6783,5694.77,0.969914,4.32616,87.1257
2791.00,1002327,PC,2025-01-13 12:00:00,2026-08-01 00:00:00,2026-08-01,15.8662,3.79659,2494.55,6.35786,0.635786,769.296,58.64,0,1,12.6783,5694.77,0.969914,4.32616,87.1257
2792.00,1002328,PC,2025-08-12 12:00:00,2026-08-01 00:00:00,2026-08-01,2.43068,4.42189,2017.98,12.9978,1.29978,2082.48,,0,1,11.929,5299.68,2.34961,4.20238,219.342
2793.00,1002329,PC,2021-01-15 12:00:00,2026-08-01 00:00:00,2026-08-01,8.93825,3.83183,3001.1,6.04249,0.604249,1161.43,304.648,0,1,15.6328,6760.16,1.0701,4.58496,426.625
2794.00,1002330,CP,2024-08-17 12:00:00,2026-08-01 00:00:00,2026-08-01,4.9144,1.34971,4882.64,6.23477,0.623477,853.88,89.0037,0,1,10.0024,4403.71,0.914787,4.31386,197.823
2795.00,1002331,CP,2025-04-18 12:00:00,2026-08-01 00:00:00,2026-08-01,3.35314,1.51957,,1.75932,0.175932,1141.35,,0,1,11.6086,5065.19,,4.37268,403.569
2796.00,1002332,CP,2023-01-18 12:00:00,2026-08-01 00:00:00,2026-08-01,8.10332,2.92015,1278.93,3.10337,0.310337,1261.81,424.415,0,1,11.2981,8127.27,0.818567,4.62941,412.335
2797.00,1002333,FP,2023-06-17 12:00:00,2026-08-01 00:00:00,2026-08-01,9.27794,3.76383,9376.32,8.96992,,,58.4061,0,1,12.135,4708.98,0.989957,3.87438,334.742
2798.00,1002334,PC,2022-05-12 12:00:00,2026-08-01 00:00:00,2026-08-01,1.21146,3.66059,1436.7,5.52951,0.552951,2202.12,3937.18,0,1,11.9833,6833.78,0.993308,4.09128,161.021
2799.00,1002334,FP,2023-05-17 12:00:00,2026-08-01 00:00:00,2026-08-01,8.4735,7.52241,8009.88,9.65853,0.965853,1151.48,294.339,0,1,11.9833,6833.78,0.993308,4.09128,161.021
2800.00,1002335,CP,2022-02-14 12:00:00,2026-08-01 00:00:00,2026-08-01,6.00892,2.05672,1596.64,6.70631,0.670631,1394.73,633.556,0,1,10.5892,5945.09,1.53125,4.11212,281.833
2801.00,1002336,PC,2022-08-16 12:00:00,2026-08-01 00:00:00,2026-08-01,2.19253,1.70955,452.687,1.36577,0.136577,1213.06,362.536,0,1,10.9907,5739.85,0.634519,4.75198,193.228
2802.00,1002337,PC,2021-04-13 12:00:00,2026-08-01 00:00:00,2026-08-01,35.2657,2.97853,2348.07,3.19855,0.319855,415.627,4.99614,0,1,10.1988,5366.61,0.542948,4.39847,285.532
2803.00,1002338,FP,2021-02-11 12:00:00,2026-08-01 00:00:00,2026-08-01,7.50582,3.88237,17005.8,11.67,1.167,783.992,63.2511,0,1,9.84223,5232.41,0.724438,4.4285,80.6694
2804.00,1002339,PC,2019-08-10 12:00:00,2026-08-01 00:00:00,2026-08-01,8.08072,2.51308,1081.46,2.74725,0.274725,820.659,75.9404,0,1,9.88105,5851.92,0.666622,4.39121,177.715
2805.00,1002340,PC,2023-07-18 12:00:00,2026-08-01 00:00:00,2026-08-01,2.31177,5.58618,1143,2.47985,0.247985,1340.14,540.034,0,1,13.2681,6213.1,0.684694,4.17843,639.022
2806.00,1002341,PC,2019-04-11 12:00:00,2026-08-01 00:00:00,2026-08-01,2.98694,3.01907,5281.38,8.7087,0.87087,1301.28,480.062,0,1,13.8748,5343.52,1.03534,4.28193,184.268
2807.00,1002342,FP,2024-06-10 12:00:00,2026-08-01 00:00:00,2026-08-01,0.569251,4.31933,3687.33,3.84773,0.384773,2002.98,2694.79,0,1,11.1933,6023.76,0.639248,4.29202,264.149
2808.00,1002343,PC,2021-08-12 12:00:00,2026-08-01 00:00:00,2026-08-01,13.9985,1.53814,6209.34,11.3799,1.13799,1065.19,215.538,0,1,13.6774,6499.82,1.31306,4.25703,491.442
2809.00,1002344,PC,2025-04-10 12:00:00,2026-08-01 00:00:00,2026-08-01,16.5331,3.67982,2640.58,6.93265,0.693265,897.61,108.685,0,1,14.1533,5877.01,1.27433,4.38846,368.992
2810.00,1002345,APC,2023-07-10 12:00:00,2026-08-01 00:00:00,2026-08-01,13.2137,5.85787,1749.83,5.30137,0.530137,1043.64,198.618,0,1,13.058,6530.32,1.20161,4.23373,100.035
2811.00,1002345,PC,2023-05-13 12:00:00,2026-08-01 00:00:00,2026-08-01,6.14588,3.6732,8856.22,10.2076,1.02076,1346.99,551.154,0,1,13.058,6530.32,1.20161,4.23373,100.035
2812.00,1002345,PC,2024-03-17 12:00:00,2026-08-01 00:00:00,2026-08-01,15.6346,1.61107,133.182,,0.1669,986.724,158.71,0,1,13.058,6530.32,1.20161,4.23373,100.035
2813.00,1002346,PC,2019-01-13 12:00:00,2026-08-01 00:00:00,2026-08-01,9.60985,3.39531,999.188,2.52113,0.252113,975.264,151.464,0,1,10.5708,6664.3,0.814824,4.317,359.336
2814.00,1002347,FP,2022-04-14 12:00:00,2026-08-01 00:00:00,2026-08-01,0.579448,4.68885,2917.18,5.42541,0.542541,2309.38,4762.11,0,1,9.32873,5697.28,0.961273,4.42334,91.6681
2815.00,1002347,APC,2021-01-10 12:00:00,2026-08-01 00:00:00,2026-08-01,2.44572,5.19747,1163.85,4.72993,0.472993,1428.99,698.14,0,1,9.32873,,0.961273,4.42334,91.6681
2816.00,1002348,PC,2022-06-15 12:00:00,2026-08-01 00:00:00,2026-08-01,17.6293,4.02837,583.68,5.71881,0.571881,878.052,99.5181,0,1,9.41731,4650.26,2.0328,4.41342,86.6946
2817.00,1002349,APC,2019-08-15 12:00:00,2026-08-01 00:00:00,2026-08-01,8.50545,4.65603,4691.47,11.4454,1.14454,1235.43,390.029,0,1,12.1086,5761.99,1.61241,4.46427,466.635
2818.00,1002349,PC,2023-06-14 12:00:00,2026-08-01 00:00:00,2026-08-01,16.4373,2.3336,845.248,4.28179,0.428179,991.838,162.026,0,1,12.1086,5761.99,1.61241,4.46427,466.635
2819.00,1002349,PC,2024-08-12 12:00:00,2026-08-01 00:00:00,2026-08-01,20.8715,3.78151,1174.52,5.71578,0.571578,915.94,117.839,0,1,12.1086,5761.99,1.61241,4.46427,466.635
2820.00,1002350,CP,2022-02-14 12:00:00,2026-08-01 00:00:00,2026-08-01,6.99042,3.96778,1926.77,6.93254,0.693254,789.935,65.1907,0,1,11.7633,3495,1.57208,4.3175,167.075
2821.00,1002351,PC,2019-02-14 12:00:00,2026-08-01 00:00:00,2026-08-01,6.49167,1.79098,837.026,4.16566,0.416566,1124.48,267.687,0,1,11.7745,5201.17,1.36917,4.23521,77.4685
2822.00,1002352,FP,2022-03-15 12:00:00,2026-08-01 00:00:00,2026-08-01,2.28162,3.5126,1550.65,4.2333,0.42333,1444.71,729.354,0,1,10.6627,5362.19,1.05898,4.71283,188.586
2823.00,1002353,PC,2023-06-11 12:00:00,2026-08-01 00:00:00,2026-08-01,1.81763,2.33471,688.107,,0.28278,1512.39,875.932,0,1,12.5072,5254.05,1.03878,4.40316,151.517
2824.00,1002354,PC,2024-06-16 12:00:00,2026-08-01 00:00:00,2026-08-01,59.0004,3.97081,8894.95,12.5291,1.25291,576.23,18.4589,0,1,11.3164,5567.58,1.36651,4.52427,138.644
2825.00,1002355,PC,2025-06-18 12:00:00,2026-08-01 00:00:00,2026-08-01,1.17453,2.8465,2800.77,4.8698,0.48698,,,0,1,11.7783,4903.15,0.957,4.38266,128.839
2826.00,1002356,PC,2019-02-17 12:00:00,2026-08-01 00:00:00,2026-08-01,4.82992,5.94362,14236,6.63171,0.663171,795.092,66.9098,0,1,12.3548,5512.9,0.500286,4.37272,267.301
2827.00,1002357,PC,2021-02-13 12:00:00,2026-08-01 00:00:00,2026-08-01,10.1463,4.13395,3522.48,17.1192,1.71192,1399.84,642.878,0,1,14.0202,5719.4,2.36325,4.19507,267.069
2828.00,1002357,APC,2019-05-17 12:00:00,2026-08-01 00:00:00,2026-08-01,6.36251,3.10873,1437.05,9.53045,0.953045,1635.45,1197.76,0,1,14.0202,5719.4,2.36325,4.19507,267.069
2829.00,1002357,PC,2023-05-10 12:00:00,2026-08-01 00:00:00,2026-08-01,9.687,4.42471,2271.62,,1.13148,1421.62,683.839,0,1,14.0202,5719.4,2.36325,4.19507,267.069
2830.00,1002358,PC,2023-07-18 12:00:00,2026-08-01 00:00:00,2026-08-01,0.883625,5.00308,5429.93,22.3588,,2819.48,10580.3,0,1,11.8545,5015.98,2.44899,4.49487,283.601
2831.00,1002359,FP,2021-07-10 12:00:00,2026-08-01 00:00:00,2026-08-01,9.58512,8.19199,8652.13,9.99079,0.999079,618.492,24.4994,0,1,10.8137,4128.34,0.852508,4.26229,151.486
2832.00,1002359,CP,2022-01-18 12:00:00,2026-08-01 00:00:00,2026-08-01,21.6609,3.83068,492.357,2.29874,0.229874,471.311,8.26137,0,1,10.8137,4128.34,0.852508,4.26229,151.486
2833.00,1002360,FP,2024-02-15 12:00:00,2026-08-01 00:00:00,2026-08-01,21.3857,4.4866,21219.6,40.9693,4.09693,1007.15,172.266,0,1,8.91952,5375.21,2.27684,4.08394,97.5307
2834.00,1002360,PC,2021-07-18 12:00:00,2026-08-01 00:00:00,2026-08-01,20.725,3.70259,161.95,3.18261,0.318261,1017.74,179.628,0,1,8.91952,5375.21,2.27684,4.08394,97.5307
2835.00,1002360,PC,2021-05-18 12:00:00,2026-08-01 00:00:00,2026-08-01,25.2947,2.56022,1260.29,8.78176,0.878176,952.342,137.718,0,1,8.91952,5375.21,2.27684,4.08394,97.5307
2836.00,1002361,PC,2023-07-11 12:00:00,2026-08-01 00:00:00,2026-08-01,2.28481,4.07978,3630.29,5.98139,0.598139,1380.74,608.515,0,1,13.5223,5381.55,0.96123,4.57303,
2837.00,1002361,PC,2025-04-11 12:00:00,2026-08-01 00:00:00,2026-08-01,10.1072,8.55251,3927.98,6.77594,0.677594,841.109,83.7971,0,1,13.5223,5381.55,0.96123,4.57303,396.882
2838.00,1002361,PC,2019-08-16 12:00:00,2026-08-01 00:00:00,2026-08-01,3.50657,3.70719,3639.2,6.36034,0.636034,1197.02,343.739,0,1,13.5223,5381.55,0.96123,4.57303,396.882
2839.00,1002362,CP,2023-01-15 12:00:00,2026-08-01 00:00:00,2026-08-01,2.20583,3.10135,445.51,2.27516,0.227516,1391.23,627.218,0,1,9.04383,5383.58,0.952553,4.17854,114.879
2840.00,1002363,PC,2025-04-17 12:00:00,2026-08-01 00:00:00,2026-08-01,2.67234,7.14277,3773.74,4.67135,0.467135,1135.01,277.852,0,1,17.0719,5508.95,0.688076,,224.361
2841.00,1002364,FP,2024-05-18 12:00:00,2026-08-01 00:00:00,2026-08-01,45.6902,5.66686,1011.19,2.32033,,454.094,7.11875,0,1,10.2447,5409.78,0.757991,4.48046,345.686
2842.00,1002365,CP,2020-08-10 12:00:00,2026-08-01 00:00:00,2026-08-01,1.91541,4.05818,1042.41,2.45674,0.245674,1669.62,1301.05,0,1,8.91499,7151.92,0.707538,3.99983,92.3185
2843.00,1002366,PC,2025-05-18 12:00:00,2026-08-01 00:00:00,2026-08-01,64.641,2.73341,1339.81,,0.390314,453.383,7.07427,0,1,9.07259,5124.97,1.06105,4.44361,871.344
2844.00,1002367,PC,2025-06-12 12:00:00,2026-08-01 00:00:00,2026-08-01,8.92118,1.84407,905.025,3.69733,0.369733,876.182,98.673,0,1,9.30006,5049.35,1.09023,4.73396,405.186
2845.00,1002368,PC,2024-04-10 12:00:00,2026-08-01 00:00:00,2026-08-01,2.38104,3.29154,5450.31,9.59342,0.959342,1054.76,207.219,0,1,10.3619,3863.29,1.1188,4.15512,193.03
2846.00,1002369,FP,2019-01-18 12:00:00,2026-08-01 00:00:00,2026-08-01,1.33494,5.09595,1456.04,4.71055,0.471055,1546.9,958.668,0,1,10.5173,4617.87,1.14516,4.73857,63.9846
2847.00,1002370,PC,2022-03-17 12:00:00,2026-08-01 00:00:00,2026-08-01,2.69346,1.47073,1744.35,3.5534,0.35534,1146.94,289.725,0,1,11.0695,5018.05,0.851274,4.34152,183.763
2848.00,1002371,PC,2023-08-13 12:00:00,2026-08-01 00:00:00,2026-08-01,23.7937,2.18443,3603.49,4.24702,0.424702,539.838,14.2192,0,1,12.0236,5626.16,0.641101,4.65329,45.3988
2849.00,1002372,PC,2019-02-12 12:00:00,2026-08-01 00:00:00,2026-08-01,,4.25119,617.467,2.11031,0.211031,995.396,164.363,0,1,13.9166,6434.23,0.809254,4.19649,437.981
2850.00,1002373,PC,2023-07-11 12:00:00,2026-08-01 00:00:00,2026-08-01,5.62238,4.16903,15394.8,16.9039,1.69039,1278.86,447.83,0,1,12.5822,5840.56,1.27605,4.4085,127.645
2851.00,1002373,FP,2023-04-18 12:00:00,2026-08-01 00:00:00,2026-08-01,22.2952,2.80409,440.158,2.7354,0.27354,807.966,71.3498,0,1,12.5822,5840.56,1.27605,4.4085,127.645
2852.00,1002374,PC,2022-08-13 12:00:00,2026-08-01 00:00:00,2026-08-01,5.71681,2.86064,1171.48,2.77642,0.277642,1027.35,186.504,0,1,11.35,5926.04,0.808829,4.59721,299.022
2853.00,1002375,PC,2023-04-15 12:00:00,2026-08-01 00:00:00,2026-08-01,2.92032,3.69311,6242.27,6.5745,0.65745,1196.84,343.525,0,1,11.9939,,0.774559,4.10876,65.2189
2854.00,1002376,FP,2020-02-12 12:00:00,2026-08-01 00:00:00,2026-08-01,78.349,4.07105,9420.23,7.0774,0.70774,465.854,7.88536,0,1,10.8766,6824.3,0.718219,4.08963,
2855.00,1002377,PC,2020-07-15 12:00:00,2026-08-01 00:00:00,2026-08-01,18.1511,,959.276,4.39255,0.439255,850.849,87.7468,0,1,10.6403,5839.31,1.23434,4.36072,229.233
2856.00,1002377,FP,2022-03-18 12:00:00,2026-08-01 00:00:00,2026-08-01,1.08185,4.79766,20770.9,21.374,2.1374,2178.2,3768.88,0,1,10.6403,5839.31,1.23434,4.36072,229.233
2857.00,1002377,PC,2025-04-15 12:00:00,2026-08-01 00:00:00,2026-08-01,8.15899,2.63856,1200.5,4.95063,0.495063,1110.73,254.832,0,1,10.6403,5839.31,1.23434,4.36072,229.233
2858.00,1002378,PC,2024-07-18 12:00:00,2026-08-01 00:00:00,2026-08-01,4.81483,4.78345,4121.02,6.15156,0.615156,1024.15,,0,1,11.5776,5231.63,0.919795,4.97326,133.536
2859.00,1002379,FA,2025-07-15 12:00:00,2026-08-01 00:00:00,2026-08-01,15.2856,4.50014,17129.2,22.8524,2.28524,699.918,40.1798,0,1,,3987.03,1.59772,4.30644,334.294
2860.00,1002380,FP,2019-08-10 12:00:00,2026-08-01 00:00:00,2026-08-01,1.31854,4.00633,481.641,2.36407,0.236407,1133.52,276.404,0,1,9.53795,3745.03,0.927251,4.20737,106.779
2861.00,1002381,PC,2019-04-18 12:00:00,2026-08-01 00:00:00,2026-08-01,12.5959,1.70498,144.966,1.50849,0.150849,781.207,62.3569,0,1,10.0315,4823.79,1.19516,3.93381,118.234
2862.00,1002382,PC,2023-08-18 12:00:00,2026-08-01 00:00:00,2026-08-01,6.76605,1.52374,234.367,1.61374,0.161374,813.313,73.2576,0,1,14.4783,5046.19,0.78222,4.61968,308.104
2863.00,1002383,PC,2023-02-10 12:00:00,2026-08-01 00:00:00,2026-08-01,8.69885,8.57844,3067.69,8.00028,0.800028,992.595,162.521,0,1,11.6464,5492.61,1.16273,4.50006,148.895
2864.00,1002384,PC,2019-01-13 12:00:00,2026-08-01 00:00:00,2026-08-01,,2.10478,859.076,4.37412,0.437412,1087.84,234.47,0,1,9.7012,7021.22,1.377,4.93573,109.059
2865.00,1002384,PC,2020-03-11 12:00:00,2026-08-01 00:00:00,2026-08-01,11.5267,,384.43,2.86026,0.286026,1257.15,418.181,0,1,9.7012,7021.22,1.377,4.93573,
2866.00,1002385,PC,2024-07-17 12:00:00,2026-08-01 00:00:00,2026-08-01,40.8433,4.5008,8872.25,10.9894,1.09894,505.973,10.9731,0,1,9.43416,4802.02,1.10833,4.4733,124.674
2867.00,1002386,FP,2022-01-17 12:00:00,2026-08-01 00:00:00,2026-08-01,1.20471,3.65121,6077.32,10.8627,1.08627,1873.45,2062.48,0,1,11.5718,5429.6,1.13463,4.8435,154.248
2868.00,1002387,FP,2022-08-13 12:00:00,2026-08-01 00:00:00,2026-08-01,5.5414,1.78182,16358.7,13.4765,1.34765,1150.45,293.282,0,1,7.56216,6201.97,0.906991,4.20057,386.003
2869.00,1002388,PC,2021-05-10 12:00:00,2026-08-01 00:00:00,2026-08-01,0.845476,,5115.43,10.8373,1.08373,2509.08,6635.57,0,1,9.34875,5329.94,1.66789,4.29405,140.754
2870.00,1002389,FP,2021-03-14 12:00:00,2026-08-01 00:00:00,2026-08-01,8.2889,2.55152,5974.93,7.22603,0.722603,1072.77,221.743,0,1,13.8633,6827.16,0.851234,4.34207,
2871.00,1002390,PC,2023-01-10 12:00:00,2026-08-01 00:00:00,2026-08-01,3.0142,2.92695,1650.5,4.7823,0.47823,1153.83,296.746,0,1,10.5637,4991.38,0.93858,4.26222,284.764
2872.00,1002391,APC,2025-01-15 12:00:00,2026-08-01 00:00:00,2026-08-01,15.7561,4.11566,1581.82,4.33432,0.433432,658.192,31.4219,0,1,11.9596,4734.83,1.0223,4.66618,412.339
2873.00,1002392,FP,2019-01-10 12:00:00,2026-08-01 00:00:00,2026-08-01,5.97372,4.08804,1729.78,3.08044,,842.637,84.4078,0,1,9.80256,5308.76,0.698193,4.53047,
2874.00,1002393,FP,2019-05-10 12:00:00,2026-08-01 00:00:00,2026-08-01,2.10612,11.2839,2338.19,5.62919,0.562919,1513.56,878.667,0,1,11.3671,5665.74,0.987023,4.6157,124.837
2875.00,1002394,CP,2024-06-18 12:00:00,2026-08-01 00:00:00,2026-08-01,6.76232,4.14817,4287.97,8.76536,0.876536,862.854,92.8047,0,1,11.3043,4211.75,1.26337,3.7453,316.307
2876.00,1002395,PC,2019-03-10 12:00:00,2026-08-01 00:00:00,2026-08-01,,3.37203,1692.68,2.10931,0.210931,1264.62,428.214,0,1,10.2295,5435.71,0.429268,,428.685
2877.00,1002395,APC,2024-01-12 12:00:00,2026-08-01 00:00:00,2026-08-01,4.18137,2.3903,893.295,1.48128,0.148128,761.942,56.4299,0,1,10.2295,5435.71,0.429268,4.34062,428.685
2878.00,1002396,FP,2025-02-11 12:00:00,2026-08-01 00:00:00,2026-08-01,4.13784,2.05735,10479.1,13.2425,1.32425,1586.11,1059.63,0,1,12.4781,6924.31,1.13836,4.78703,116.058
2879.00,1002397,PC,2021-04-14 12:00:00,2026-08-01 00:00:00,2026-08-01,7.45103,2.83057,1458.58,4.91156,0.491156,1092.22,238.27,0,1,14.035,5744,1.16106,4.61901,220.098
2880.00,1002398,CP,2024-04-12 12:00:00,2026-08-01 00:00:00,2026-08-01,2.99523,3.11915,703.897,4.04091,0.404091,1620.49,1154.53,0,1,10.9592,6024.96,1.26528,4.54524,295.215
2881.00,1002399,PC,2019-06-18 12:00:00,2026-08-01 00:00:00,2026-08-01,7.80737,4.64684,2280.8,5.11741,0.511741,967.483,146.688,0,1,13.323,5808.16,,4.05319,102.595
2882.00,1002399,PC,2024-07-14 12:00:00,2026-08-01 00:00:00,2026-08-01,46.1532,3.93313,5387.15,8.40964,0.840964,535.071,,0,1,13.323,5808.16,0.919172,4.05319,102.595
2883.00,1002399,PC,2022-02-16 12:00:00,2026-08-01 00:00:00,2026-08-01,7.74298,2.47986,3423.64,5.49279,0.549279,970.158,148.317,0,1,13.323,5808.16,0.919172,4.05319,102.595
2884.00,1002400,APC,2022-08-14 12:00:00,2026-08-01 00:00:00,2026-08-01,6.58179,3.5623,573.817,3.13723,0.313723,1032.58,190.334,0,1,11.7857,5262.01,1.13839,4.78811,66.4465
2885.00,1002401,PC,2025-06-16 12:00:00,2026-08-01 00:00:00,2026-08-01,11.1804,2.77569,4726.74,12.39,1.239,1268.74,433.815,0,1,10.1416,6587.6,1.56114,4.47802,
2886.00,1002402,CP,2024-07-12 12:00:00,2026-08-01 00:00:00,2026-08-01,8.74699,1.43091,1125.49,4.28035,0.428035,1019.31,180.734,0,1,,5862.46,1.08029,4.41458,447.767
2887.00,1002403,PC,2022-01-13 12:00:00,2026-08-01 00:00:00,2026-08-01,62.0916,2.51539,1915.18,3.47661,0.347661,465.352,7.85138,0,1,12.1536,6713.53,0.634161,4.71623,133.488
2888.00,1002404,CP,2022-03-11 12:00:00,2026-08-01 00:00:00,2026-08-01,2.26179,3.4721,212.503,1.54574,,1375.66,599.608,0,1,11.8854,5135.82,1.04061,4.3314,95.4912
2889.00,1002404,PC,2020-03-10 12:00:00,2026-08-01 00:00:00,2026-08-01,43.9268,4.03949,744.553,3.13261,0.313261,511.783,11.4859,0,1,11.8854,5135.82,1.04061,4.3314,95.4912
2890.00,1002405,PC,2024-06-10 12:00:00,2026-08-01 00:00:00,2026-08-01,3.82727,2.19194,748.845,4.95362,0.495362,1452.98,,0,1,12.1452,5181.37,1.61961,4.67124,218.253
2891.00,1002406,PC,2023-03-10 12:00:00,2026-08-01 00:00:00,2026-08-01,7.53074,2.17942,733.976,2.18101,0.218101,993.677,163.231,0,1,,6387.33,0.782697,4.25616,113.382
2892.00,1002407,PC,2022-07-17 12:00:00,2026-08-01 00:00:00,2026-08-01,8.11621,2.27821,833.925,3.08163,0.308163,1043.57,198.565,0,1,9.01276,5918.15,1.05703,4.68011,
2893.00,1002408,PC,2025-06-14 12:00:00,2026-08-01 00:00:00,2026-08-01,,5.41176,588.436,2.27789,0.227789,1148.64,291.443,0,1,,5355.2,0.90862,4.69311,250.572
2894.00,1002409,FP,2023-04-12 12:00:00,2026-08-01 00:00:00,2026-08-01,3.86843,7.99222,8011.86,19.5895,1.95895,1843.99,1935.79,0,1,10.1501,5894.32,2.03013,4.63109,396.573
2895.00,1002410,CP,2020-03-13 12:00:00,2026-08-01 00:00:00,2026-08-01,6.83641,2.1788,1300.85,7.86915,0.786915,1398.86,,0,1,9.82484,5612.08,1.8838,4.15625,219.739
2896.00,1002411,PC,2023-07-13 12:00:00,2026-08-01 00:00:00,2026-08-01,35.7295,3.7581,6012.9,12.7178,1.27178,558.718,16.3152,0,1,12.6671,4554.66,1.37407,4.47835,301.814
2897.00,1002412,APC,2025-07-14 12:00:00,2026-08-01 00:00:00,2026-08-01,6.5345,1.628,7068.98,,1.39578,1263.09,426.144,0,1,11.9617,5663.29,1.46349,4.43995,421
2898.00,1002413,CP,2021-03-16 12:00:00,2026-08-01 00:00:00,2026-08-01,13.5366,1.7789,3233.11,7.33915,0.733915,796.744,67.4676,0,1,12.1245,5105.89,1.16417,3.70781,513.963
2899.00,1002414,PC,2025-05-10 12:00:00,2026-08-01 00:00:00,2026-08-01,3.5819,4.76797,1638.27,4.35735,0.435735,1129.11,272.12,0,1,11.1345,5461.14,0.842356,4.53268,74.259
2900.00,1002414,PC,2020-01-10 12:00:00,2026-08-01 00:00:00,2026-08-01,1.92687,3.13092,600.447,2.16526,0.216526,1388.32,621.981,0,1,11.1345,5461.14,0.842356,4.53268,74.259
2901.00,1002414,CP,2022-02-12 12:00:00,2026-08-01 00:00:00,2026-08-01,,4.07204,386.755,1.68212,0.168212,1047.88,201.868,0,1,,,0.842356,4.53268,74.259
2902.00,1002415,FP,2020-02-17 12:00:00,2026-08-01 00:00:00,2026-08-01,29.8918,3.95733,24237.6,19.5045,1.95045,670.551,33.8492,0,1,12.0798,5744.03,1.10488,4.02967,237.996
2903.00,1002415,PC,2022-07-16 12:00:00,2026-08-01 00:00:00,2026-08-01,10.202,2.79816,2439.44,5.69195,0.569195,959.52,141.918,0,1,12.0798,5744.03,,4.02967,237.996
2904.00,1002415,PC,2023-08-15 12:00:00,2026-08-01 00:00:00,2026-08-01,1.71925,3.56389,4371.74,8.84006,,1737.14,1524.63,0,1,12.0798,5744.03,1.10488,4.02967,237.996
2905.00,1002416,PC,2025-05-11 12:00:00,2026-08-01 00:00:00,2026-08-01,5.31018,2.33883,4004.4,17.2211,1.72211,1895.07,2159.34,0,1,8.3372,6089.63,2.48118,4.38338,226.384
2906.00,1002417,CP,2020-01-17 12:00:00,2026-08-01 00:00:00,2026-08-01,2.17543,1.52188,755.462,2.2522,0.22522,964.358,144.802,0,1,9.72824,3980.61,0.829449,4.22287,267.859
2907.00,1002418,PC,2021-04-11 12:00:00,2026-08-01 00:00:00,2026-08-01,53.1611,1.92981,2113.93,3.61855,0.361855,460.897,7.55501,0,1,10.615,5768.5,0.759733,4.47941,465.724
2908.00,1002419,CP,2020-07-16 12:00:00,2026-08-01 00:00:00,2026-08-01,3.41212,5.2012,396.787,2.30893,0.230893,1543.39,949.99,0,1,11.5933,6140.1,1.2054,4.16113,150.04
2909.00,1002420,PC,2023-04-13 12:00:00,2026-08-01 00:00:00,2026-08-01,1.94187,7.12964,3234.8,6.55386,0.655386,1644.47,1224.41,0,1,11.3372,5906.99,1.01543,4.73435,199.947
2910.00,1002421,PC,2021-04-15 12:00:00,2026-08-01 00:00:00,2026-08-01,1.52358,2.8851,2672.32,6.80472,0.680472,1770.12,1643.75,0,1,11.3678,5431.38,1.1838,4.41456,265.47
2911.00,1002422,CP,2021-02-15 12:00:00,2026-08-01 00:00:00,2026-08-01,3.00377,2.78379,472.804,1.39016,0.139016,1032.57,,0,1,8.66706,,0.54725,4.6298,165.824
2912.00,1002423,FP,2021-08-10 12:00:00,2026-08-01 00:00:00,2026-08-01,0.575054,2.9852,12157,12.7769,1.27769,2341.89,5036,0,1,10.683,5769.12,0.959186,4.56757,97.6899
2913.00,1002424,PC,2025-05-18 12:00:00,2026-08-01 00:00:00,2026-08-01,0.866519,3.41326,1029.77,2.85445,0.285445,1751.9,1577.09,0,1,13.2061,5484.4,0.780661,4.46874,203.605
2914.00,1002425,FP,2025-08-16 12:00:00,2026-08-01 00:00:00,2026-08-01,1.63274,4.04126,4024.04,5.39314,,1147.48,290.269,0,1,10.3277,4480.19,0.765641,4.48633,122.468
2915.00,1002426,FP,2023-01-17 12:00:00,2026-08-01 00:00:00,2026-08-01,7.87386,5.37559,6251.33,4.55875,0.455875,850.855,87.7492,0,1,11.2685,,0.682668,4.60834,157.116
2916.00,1002427,PC,2022-07-16 12:00:00,2026-08-01 00:00:00,2026-08-01,11.3322,3.30883,747.882,3.52872,0.352872,1017.38,179.37,0,1,9.71338,6297.76,1.10829,4.5023,201.856
2917.00,1002428,PC,2020-05-15 12:00:00,2026-08-01 00:00:00,2026-08-01,3.27704,1.41098,2458.77,6.22908,0.622908,1721.9,1471.82,0,1,13.8962,6479,1.31171,4.17058,176.033
2918.00,1002429,FP,2019-06-14 12:00:00,2026-08-01 00:00:00,2026-08-01,13.2729,2.88554,7406.33,10.7686,1.07686,894.92,107.388,0,1,10.5593,5626.09,1.19394,4.58023,192.475
2919.00,1002430,PC,2024-02-10 12:00:00,2026-08-01 00:00:00,2026-08-01,3.21933,4.83377,14857.7,21.452,2.1452,1386.23,618.25,0,1,9.86308,4799.4,1.53106,4.32702,130.444
2920.00,1002431,FP,2023-08-16 12:00:00,2026-08-01 00:00:00,2026-08-01,1.94377,9.31906,862.406,3.76389,0.376389,1505.61,860.352,0,1,9.51039,4819.42,1.27954,4.08587,133.213
2921.00,1002432,FP,2021-08-12 12:00:00,2026-08-01 00:00:00,2026-08-01,1.4807,4.47914,12812.8,14.6538,1.46538,1757.83,1598.56,0,1,11.6815,5763.59,,3.96788,
2922.00,1002433,PC,2021-07-18 12:00:00,2026-08-01 00:00:00,2026-08-01,6.36796,4.53904,3435.48,3.01978,0.301978,785.63,63.7812,0,1,11.1181,5966.73,0.501357,,103.004
2923.00,1002434,FP,2025-04-18 12:00:00,2026-08-01 00:00:00,2026-08-01,2.07452,6.03887,1418.93,7.26874,0.726874,1901.95,,0,1,8.77146,5374.92,1.71441,4.4766,195.421
2924.00,1002435,FP,2021-03-11 12:00:00,2026-08-01 00:00:00,2026-08-01,4.57444,4.66407,1080.87,3.10919,0.310919,914.551,117.126,0,1,12.3309,4735.12,0.865293,4.38451,301.563
2925.00,1002436,PC,2019-05-14 12:00:00,2026-08-01 00:00:00,2026-08-01,3.15474,1.87759,573.944,2.19286,0.219286,,731.708,0,1,14.1803,6321.25,0.947279,4.57372,604.672
2926.00,1002437,FP,2025-06-11 12:00:00,2026-08-01 00:00:00,2026-08-01,6.03595,4.30921,4379.98,6.92092,0.692092,1343.37,545.258,0,1,7.71797,7286.52,0.948487,4.29343,112.486
2927.00,1002438,PC,2020-08-14 12:00:00,2026-08-01 00:00:00,2026-08-01,2.4671,10.0442,509.877,2.13748,0.213748,1528.68,914.304,0,1,13.3017,6082.63,0.970717,4.3135,242.347
2928.00,1002439,PC,2024-01-11 12:00:00,2026-08-01 00:00:00,2026-08-01,3.22494,3.24072,11985.7,11.2287,1.12287,1090.92,237.13,0,1,11.064,5058.2,0.854649,4.40196,168.229
2929.00,1002440,PC,2024-05-14 12:00:00,2026-08-01 00:00:00,2026-08-01,5.39272,4.81958,10340.3,6.11432,0.611432,864.666,93.5866,0,1,13.9911,5517.02,0.635832,4.67252,91.5676
2930.00,1002441,FP,2020-04-12 12:00:00,2026-08-01 00:00:00,2026-08-01,0.699417,2.08862,1821.12,5.9509,0.59509,1762.32,1614.95,0,1,9.6434,,1.25116,4.14137,842.95
2931.00,1002442,PC,2025-01-18 12:00:00,2026-08-01 00:00:00,2026-08-01,14.1098,3.22204,,16.6475,1.66475,940.698,131.106,0,1,9.69237,6306.98,,,204.801
2932.00,1002443,FP,2024-07-16 12:00:00,2026-08-01 00:00:00,2026-08-01,18.3864,3.13045,698.977,5.05529,0.505529,797.203,67.6233,0,1,10.8163,4924.88,1.53648,5.09521,72.8906
2933.00,1002444,PC,2020-01-16 12:00:00,2026-08-01 00:00:00,2026-08-01,17.1864,6.66195,1918.91,4.14826,0.414826,627.481,25.9551,0,1,11.1487,4771.19,0.969587,3.86577,206.122
2934.00,1002445,KP,2021-03-12 12:00:00,2026-08-01 00:00:00,2026-08-01,7.52006,5.67938,2229.72,4.23367,0.423367,1141.81,284.572,0,1,10.3305,6966.28,0.867991,4.22593,64.9211
2935.00,1002445,FP,2019-06-10 12:00:00,2026-08-01 00:00:00,2026-08-01,5.7013,2.57566,2852.89,4.72303,0.472303,1252.2,411.644,0,1,10.3305,6966.28,0.867991,4.22593,
2936.00,1002446,PC,2022-02-17 12:00:00,2026-08-01 00:00:00,2026-08-01,3.82832,,400.622,1.68706,0.168706,1169.2,312.883,0,1,12.2719,5949.16,0.795656,4.75625,172.173
2937.00,1002446,FA,2025-06-17 12:00:00,2026-08-01 00:00:00,2026-08-01,3.81923,3.13822,4651.47,6.62457,0.662457,1170.13,313.876,0,1,12.2719,5949.16,0.795656,4.75625,172.173
2938.00,1002447,CP,2020-04-10 12:00:00,2026-08-01 00:00:00,2026-08-01,3.57449,2.88634,1765.97,5.02315,0.502315,1483.93,811.84,0,1,8.62963,6676.82,0.972025,4.18369,184.053
2939.00,1002448,CP,2022-01-18 12:00:00,2026-08-01 00:00:00,2026-08-01,0.605305,1.91005,2335.17,5.14487,0.514487,2768.93,9841.68,0,1,9.13682,6971.43,0.950195,4.35612,399.213
2940.00,1002448,PC,2023-04-13 12:00:00,2026-08-01 00:00:00,2026-08-01,2.07404,4.71733,10116.9,8.66709,,1836.67,1905.22,0,1,9.13682,6971.43,0.950195,4.35612,399.213
2941.00,1002449,PC,2025-06-11 12:00:00,2026-08-01 00:00:00,2026-08-01,11.1352,6.13518,4582.6,5.62378,0.562378,704.05,41.1372,0,1,11.7511,4567.73,0.997217,4.13091,345.788
2942.00,1002450,PC,2024-06-12 12:00:00,2026-08-01 00:00:00,2026-08-01,25.8472,3.85261,,1.40087,0.140087,624.117,,0,1,12.0226,5666.63,,4.31503,167.741
2943.00,1002451,PC,2019-07-15 12:00:00,2026-08-01 00:00:00,2026-08-01,17.3297,4.58952,3431.76,9.00441,0.900441,1200.12,347.313,0,1,11.0718,8129.98,1.22833,4.20993,159.184
2944.00,1002452,PC,2025-05-17 12:00:00,2026-08-01 00:00:00,2026-08-01,13.8416,1.72609,443.52,1.42902,0.142902,633.125,26.9016,0,1,15.8975,5269.23,0.700582,4.57163,
2945.00,1002453,FP,2023-07-17 12:00:00,2026-08-01 00:00:00,2026-08-01,2.34127,2.85681,,11.6388,1.16388,1319.35,507.301,0,1,,5345.06,0.904276,4.69471,
2946.00,1002454,PC,2019-04-18 12:00:00,2026-08-01 00:00:00,2026-08-01,6.09502,4.65497,6315.59,10.7793,1.07793,1141.99,284.753,0,1,11.7972,5694.24,1.12967,4.77238,97.998
2947.00,1002455,FP,2024-05-16 12:00:00,2026-08-01 00:00:00,2026-08-01,5.41219,1.86554,3631.65,8.11114,0.811114,1020.71,181.729,0,1,10.1967,,1.125,4.20669,288.878
2948.00,1002456,FP,2025-05-18 12:00:00,2026-08-01 00:00:00,2026-08-01,2.4581,4.7926,1655.97,2.08347,0.208347,1136.39,279.212,0,1,8.89979,5859.68,0.576624,4.28643,165.217
2949.00,1002457,APC,2022-05-15 12:00:00,2026-08-01 00:00:00,2026-08-01,0.835264,3.38096,4043.28,7.54047,0.754047,,5867.18,0,1,9.08359,5795.88,1.31562,,192.648
2950.00,1002458,APC,2022-04-14 12:00:00,2026-08-01 00:00:00,2026-08-01,2.32939,4.09187,410.898,3.4807,0.34807,2049.22,2952.37,0,1,11.5642,6235.47,1.59753,4.47708,282.12
2951.00,1002459,PC,2022-08-14 12:00:00,2026-08-01 00:00:00,2026-08-01,17.4285,3.70811,6442.39,13.8087,1.38087,1127.42,270.501,0,1,11.0043,6565.26,1.66863,4.87884,173.824
2952.00,1002459,PC,2019-01-15 12:00:00,2026-08-01 00:00:00,2026-08-01,6.70063,2.63768,880.44,6.20178,0.620178,1550.49,967.594,0,1,11.0043,6565.26,1.66863,4.87884,173.824
2953.00,1002460,CP,2025-07-10 12:00:00,2026-08-01 00:00:00,2026-08-01,18.9038,5.11566,1225.61,2.54872,0.254872,560.031,16.469,0,1,9.28452,5537.04,0.611063,4.13519,185.958
2954.00,1002461,PC,2025-08-12 12:00:00,2026-08-01 00:00:00,2026-08-01,1.09959,1.81095,161.939,0.835055,0.0835055,1614.26,1136.89,0,1,11.9921,6776.89,0.508814,4.41791,69.3699
2955.00,1002462,PC,2024-07-13 12:00:00,2026-08-01 00:00:00,2026-08-01,12.9771,4.60392,2068.01,3.62148,0.362148,804.742,70.2179,0,1,12.0144,6053.53,0.821481,4.80748,198.976
2956.00,1002463,FP,2023-06-15 12:00:00,2026-08-01 00:00:00,2026-08-01,5.92948,1.71567,5474.71,5.23982,0.523982,1058.56,210.222,0,1,9.74811,6717.49,0.684766,4.11532,222.715
2957.00,1002464,FP,2025-06-17 12:00:00,2026-08-01 00:00:00,2026-08-01,20.6466,5.99375,4394.83,4.27223,0.427223,372.106,3.20987,0,1,10.7469,,0.652243,4.36503,174.59
2958.00,1002465,PC,2025-08-14 12:00:00,2026-08-01 00:00:00,2026-08-01,2.74139,3.60904,379.815,1.39413,0.139413,1129.95,272.936,0,1,11.8503,5166.01,0.788812,4.26181,77.4023
2959.00,1002466,CP,2020-06-18 12:00:00,2026-08-01 00:00:00,2026-08-01,2.04291,3.10142,737.789,2.14383,0.214383,1733.47,,0,1,13.3969,7006.18,0.829633,4.32785,331.452
2960.00,1002467,CP,2024-02-10 12:00:00,2026-08-01 00:00:00,2026-08-01,29.2309,1.48698,1695.68,4.81226,0.481226,524.169,12.6389,0,1,8.95046,4662.73,1.00943,3.95648,183.538
2961.00,1002468,FP,2025-08-10 12:00:00,2026-08-01 00:00:00,2026-08-01,8.74687,3.12522,9498.43,8.7866,0.87866,776.055,60.7281,0,1,11.4932,5368.91,0.746617,4.27164,243.314
2962.00,1002469,PC,2019-01-11 12:00:00,2026-08-01 00:00:00,2026-08-01,36.1081,1.90474,1573.72,5.21721,0.521721,602.534,22.0671,0,1,13.2157,5504.23,1.10194,4.54905,223.577
2963.00,1002470,FP,2024-02-14 12:00:00,2026-08-01 00:00:00,2026-08-01,3.76902,5.94629,800.783,3.29482,0.329482,1402.52,647.817,0,1,10.2659,6422.29,0.972237,4.09024,80.1534
2964.00,1002471,PC,2021-01-15 12:00:00,2026-08-01 00:00:00,2026-08-01,2.24742,3.61259,68.3007,1.30411,0.130411,1909.12,2224.1,0,1,14.4544,6390.89,1.2888,4.22016,52.9076
2965.00,1002472,KP,2019-08-18 12:00:00,2026-08-01 00:00:00,2026-08-01,4.09842,3.65606,714.229,4.55107,0.455107,1589.66,1069.13,0,1,6.52905,5990.05,1.51824,4.551,390.926
2966.00,1002472,CP,2022-01-13 12:00:00,2026-08-01 00:00:00,2026-08-01,8.19591,4.65803,3069.98,8.92162,0.892162,1261.76,424.351,0,1,6.52905,5990.05,1.51824,4.551,390.926
2967.00,1002472,FP,2020-02-15 12:00:00,2026-08-01 00:00:00,2026-08-01,14.2808,6.41629,2555.36,8.06644,0.806644,1048.55,202.388,0,1,6.52905,5990.05,,4.551,390.926
2968.00,1002473,PC,2024-01-17 12:00:00,2026-08-01 00:00:00,2026-08-01,38.1774,1.52808,956.494,2.8058,0.28058,424.825,5.45331,0,1,12.556,4895.21,0.718783,3.7119,289.134
2969.00,1002474,PC,2021-08-10 12:00:00,2026-08-01 00:00:00,2026-08-01,12.3303,1.65846,569.152,,0.253188,,67.5441,0,1,12.5031,5746.94,0.863994,4.28905,44.2496
2970.00,1002475,PC,2020-06-14 12:00:00,2026-08-01 00:00:00,2026-08-01,5.45361,2.98073,10222,12.276,1.2276,1092.52,238.525,0,1,11.0421,5134.46,1.18079,4.12358,146.621
2971.00,1002476,FP,2021-07-18 12:00:00,2026-08-01 00:00:00,2026-08-01,0.623093,4.21879,30767.7,22.6212,2.26212,1989.11,2620.95,0,1,11.3159,4623.45,1.1366,4.34004,268.9
2972.00,1002477,PC,2020-06-10 12:00:00,2026-08-01 00:00:00,2026-08-01,4.93305,4.30037,940.476,3.30783,0.330783,1217.28,367.611,0,1,9.32688,6062.7,0.983359,4.5661,438.253
2973.00,1002478,PC,2021-08-15 12:00:00,2026-08-01 00:00:00,2026-08-01,32.5488,3.25842,41157.4,29.7882,2.97882,673.97,34.5449,0,1,12.4804,5425.75,1.32405,4.13192,212.599
2974.00,1002479,CP,2025-03-10 12:00:00,2026-08-01 00:00:00,2026-08-01,3.15084,2.89432,1631.23,4.39121,0.439121,1018.39,180.082,0,1,10.5371,4522.73,0.917257,4.43435,177.016
2975.00,1002480,PC,2023-06-14 12:00:00,2026-08-01 00:00:00,2026-08-01,6.02942,4.6036,4946.21,12.0752,1.20752,1180.72,325.388,0,1,13.5423,4931.09,1.59872,4.2102,174.875
2976.00,1002481,PC,2019-08-14 12:00:00,2026-08-01 00:00:00,2026-08-01,12.3446,3.88719,1612.71,6.06518,0.606518,642.823,28.5882,0,1,9.82566,4100,1.10522,4.45176,228.636
2977.00,1002482,FP,2022-05-17 12:00:00,2026-08-01 00:00:00,2026-08-01,5.96974,3.58508,5554.48,5.17435,0.517435,726.147,46.5498,0,1,12.5292,4544.1,0.707359,4.73155,51.7912
2978.00,1002483,FP,2025-01-11 12:00:00,2026-08-01 00:00:00,2026-08-01,7.32566,2.32361,2152.9,4.78804,0.478804,1136.96,279.773,0,1,10.5712,6107.68,1.10024,4.50256,68.3843
2979.00,1002484,PC,2020-06-15 12:00:00,2026-08-01 00:00:00,2026-08-01,13.3676,3.03509,1552.25,4.21904,0.421904,776.559,60.8863,0,1,12.3122,5870.87,0.829526,4.17811,210.932
2980.00,1002485,PC,2021-05-18 12:00:00,2026-08-01 00:00:00,2026-08-01,3.82157,2.30448,471.115,2.43199,0.243199,1668.27,1296.83,0,1,11.9247,7249.99,1.08944,4.53689,136.836
2981.00,1002486,PC,2022-08-15 12:00:00,2026-08-01 00:00:00,2026-08-01,8.35382,5.27069,400.728,1.91913,0.191913,789.174,64.94,0,1,11.249,5028.69,,4.72748,64.2041
2982.00,1002487,CP,2019-02-14 12:00:00,2026-08-01 00:00:00,2026-08-01,31.1189,3.77536,2719.04,14.358,1.4358,1094.72,240.459,0,1,8.74357,6256.02,2.55004,4.44581,653.691
2983.00,1002487,FP,2024-01-12 12:00:00,2026-08-01 00:00:00,2026-08-01,28.0904,5.28839,2925.15,15.366,1.5366,1132.73,275.632,0,1,8.74357,6256.02,2.55004,4.44581,653.691
2984.00,1002488,FP,2023-03-17 12:00:00,2026-08-01 00:00:00,2026-08-01,11.7887,4.80334,4262.93,6.07935,0.607935,759.732,55.7778,0,1,11.1694,5517.16,0.826768,4.784,181.687
2985.00,1002489,PC,2020-03-13 12:00:00,2026-08-01 00:00:00,2026-08-01,31.2872,3.08341,207.841,1.2572,0.12572,701.044,40.4393,0,1,12.8823,6898.85,0.863044,4.45781,
2986.00,1002490,PC,2020-04-18 12:00:00,2026-08-01 00:00:00,2026-08-01,18.0114,3.35999,5095.23,6.99892,0.699892,703.474,41.0027,0,1,9.74549,,0.915172,4.45444,104.679
2987.00,1002491,PC,2024-03-13 12:00:00,2026-08-01 00:00:00,2026-08-01,3.3507,2.03056,9544.56,19.8114,1.98114,1983.33,2590.59,0,1,12.7333,5809.52,2.19676,4.33087,362.925
2988.00,1002492,PC,2019-07-16 12:00:00,2026-08-01 00:00:00,2026-08-01,5.84946,2.02297,414.224,3.83349,0.383349,1362.07,576.256,0,1,,5590.92,1.6219,4.51741,129.487
2989.00,1002493,PC,2024-08-17 12:00:00,2026-08-01 00:00:00,2026-08-01,0.188078,5.65549,1949.11,,0.441114,3185.25,17234.3,0,1,11.6803,5797.73,0.834023,4.96744,233.229
2990.00,1002494,PC,2024-05-16 12:00:00,2026-08-01 00:00:00,2026-08-01,0.665685,2.90931,6142.28,18.5849,1.85849,2153.02,3597.58,0,1,9.74056,3753.28,2.11171,4.36979,302.976
2991.00,1002495,CP,2020-01-10 12:00:00,2026-08-01 00:00:00,2026-08-01,23.4705,2.63425,12879.1,7.95873,0.795873,,5.61296,0,1,11.422,4458.88,0.635477,4.71519,61.9077
2992.00,1002496,PC,2022-05-11 12:00:00,2026-08-01 00:00:00,2026-08-01,5.07678,1.94583,23251.4,20.0067,2.00067,1569.38,1015.62,0,1,11.1825,6650.71,1.38451,4.68526,214.684
2993.00,1002497,KP,2020-01-16 12:00:00,2026-08-01 00:00:00,2026-08-01,2.75838,8.65903,2917.56,4.94987,0.494987,1397.67,638.918,0,1,9.6339,6294.71,0.816233,4.53187,152.701
2994.00,1002498,FP,2023-07-15 12:00:00,2026-08-01 00:00:00,2026-08-01,1.54443,5.52063,13469.1,23.3015,2.33015,2057.35,2999.53,0,1,12.3867,5107.99,1.82451,4.32817,451.366
2995.00,1002499,PC,2021-05-16 12:00:00,2026-08-01 00:00:00,2026-08-01,18.9503,3.62376,1839.57,3.43983,,701.265,40.4901,0,1,10.341,6011.33,0.814237,4.75472,102.628
2996.00,1002500,FP,2024-01-11 12:00:00,2026-08-01 00:00:00,2026-08-01,2.10071,4.52904,7526.39,5.15047,0.515047,1310.81,494.286,0,1,8.04622,6421.09,0.575381,,308.928
2997.00,1002501,PC,2021-04-14 12:00:00,2026-08-01 00:00:00,2026-08-01,0.806127,2.20268,576.6,1.66757,0.166757,1854.65,1980.94,0,1,11.1037,6005.66,0.695326,4.30658,55.6331
2998.00,1002502,PC,2022-07-14 12:00:00,2026-08-01 00:00:00,2026-08-01,4.04258,2.19853,2428.34,5.66634,0.566634,1210.29,359.236,0,1,11.458,5209.87,1.15279,4.33171,205.716
2999.00,1002503,PC,2020-05-13 12:00:00,2026-08-01 00:00:00,2026-08-01,15.6239,2.27784,9180.3,11.3932,1.13932,618.715,24.5348,0,1,11.758,4407.54,1.03665,4.02925,281.329
3000.00,1002504,PC,2025-06-12 12:00:00,2026-08-01 00:00:00,2026-08-01,22.7408,3.78887,1407.36,1.20191,0.120191,317.426,1.69978,0,1,10.368,4708.47,0.307077,4.75605,65.3565
3001.00,1002505,FP,2020-05-14 12:00:00,2026-08-01 00:00:00,2026-08-01,11.5598,4.5452,9800.7,16.0293,1.60293,1282,452.239,0,1,9.58889,6913.49,1.47977,4.49724,124.56
3002.00,1002506,PC,2021-06-17 12:00:00,2026-08-01 00:00:00,2026-08-01,12.1745,1.68387,85.4141,1.1484,0.11484,1219.22,369.955,0,1,12.5755,7417.44,1.20358,4.25304,194.56
3003.00,1002507,CP,2025-03-10 12:00:00,2026-08-01 00:00:00,2026-08-01,99.36,5.0753,,5.8046,0.58046,590.846,20.4041,0,1,10.1021,6070.71,1.71052,4.52897,
3004.00,1002508,FP,2021-07-11 12:00:00,2026-08-01 00:00:00,2026-08-01,1.67676,4.67081,1352.41,4.16718,0.416718,1788.65,1713.66,0,1,7.85472,5838.89,1.11486,,258.063
3005.00,1002509,FP,2024-08-11 12:00:00,2026-08-01 00:00:00,2026-08-01,2.96069,1.69763,1291.96,4.48532,0.448532,1331.87,526.824,0,1,10.4627,5042.48,1.21082,3.95279,269.366
3006.00,1002510,PC,2025-04-17 12:00:00,2026-08-01 00:00:00,2026-08-01,5.51501,2.47887,1711.51,7.87631,0.787631,1684.6,1348.36,0,1,11.4732,6317.86,1.8681,4.2357,418.285
3007.00,1002511,PC,2023-03-12 12:00:00,2026-08-01 00:00:00,2026-08-01,2.34763,1.14643,313.84,2.09456,0.209456,1358.37,570.03,0,1,,5008.5,1.09368,4.92955,334.523
3008.00,1002512,PC,2019-03-18 12:00:00,2026-08-01 00:00:00,2026-08-01,26.7578,2.01109,4844.36,6.31025,0.631025,456.568,7.27514,0,1,10.6903,4922.23,0.647895,,198.442
3009.00,1002513,PC,2023-05-10 12:00:00,2026-08-01 00:00:00,2026-08-01,89.1341,4.10654,514.47,1.89283,0.189283,495.978,10.1314,0,1,13.3518,7597.4,0.715824,4.60285,410.66
3010.00,1002514,PC,2021-05-16 12:00:00,2026-08-01 00:00:00,2026-08-01,2.13179,2.47578,2806.71,10.4789,1.04789,2065.38,3046.64,0,1,10.2596,5710.27,1.82404,4.52971,620.293
3011.00,1002514,FP,2022-04-17 12:00:00,2026-08-01 00:00:00,2026-08-01,1.74862,2.69287,7536.29,17.1956,1.71956,2206.39,3967.83,0,1,10.2596,5710.27,1.82404,4.52971,620.293
3012.00,1002515,FP,2024-06-17 12:00:00,2026-08-01 00:00:00,2026-08-01,10.5336,7.5131,10158,9.7059,0.97059,1242.2,398.651,0,1,8.07641,7806.05,1.02429,4.66233,190.052
3013.00,1002516,FP,2025-01-11 12:00:00,2026-08-01 00:00:00,2026-08-01,15.0439,2.90061,3352.78,5.21889,0.521889,736.985,49.3917,0,1,9.67313,5689.99,0.860566,4.28265,92.3798
3014.00,1002517,APC,2023-07-10 12:00:00,2026-08-01 00:00:00,2026-08-01,53.0591,1.83883,1630.9,5.22143,0.522143,574.167,18.1959,0,1,,5377.8,1.35485,4.53031,212.923
3015.00,1002518,PC,2020-04-14 12:00:00,2026-08-01 00:00:00,2026-08-01,7.48266,2.89911,779.449,2.97504,0.297504,1398.03,639.571,0,1,14.4962,7334.49,1.16999,4.34228,204.021
3016.00,1002519,PC,2025-06-16 12:00:00,2026-08-01 00:00:00,2026-08-01,7.77579,2.59994,771.014,2.6797,0.26797,804.169,70.018,0,1,14.2406,4730.68,0.954686,4.44534,176.818
3017.00,1002520,APC,2023-04-18 12:00:00,2026-08-01 00:00:00,2026-08-01,147.689,5.50691,14609.5,7.48483,0.748483,320.943,1.77636,0,1,12.2648,5809.54,0.717774,4.33547,449.559
3018.00,1002521,PC,2021-07-16 12:00:00,2026-08-01 00:00:00,2026-08-01,1.34892,3.78839,296.381,3.06816,0.306816,2138.66,3502.58,0,1,12.1495,5344.47,1.64556,4.3598,276.495
3019.00,1002522,PC,2020-04-12 12:00:00,2026-08-01 00:00:00,2026-08-01,22.9477,1.89315,1695.54,4.21275,0.421275,638.664,27.8554,0,1,11.3976,5902.56,0.795806,4.53762,93.1984
3020.00,1002523,PC,2021-03-12 12:00:00,2026-08-01 00:00:00,2026-08-01,2.30832,2.39264,1433.15,4.36904,0.436904,1622.77,1161.05,0,1,13.439,6187.77,,4.66346,301.068
3021.00,1002524,CP,2022-05-14 12:00:00,2026-08-01 00:00:00,2026-08-01,12.8146,1.845,615.881,2.29634,0.229634,791.759,65.7949,0,1,10.321,5811.64,,4.27813,472.995
3022.00,1002525,CP,2023-01-13 12:00:00,2026-08-01 00:00:00,2026-08-01,2.78053,1.31492,675.422,3.14338,0.314338,1884.78,2112.83,0,1,11.098,7410.63,1.07667,4.66514,180.54
3023.00,1002526,PC,2024-08-12 12:00:00,2026-08-01 00:00:00,2026-08-01,4.50534,3.20367,1580.83,4.94989,0.494989,1192.78,338.895,0,1,12.9739,5363.68,1.13553,4.52248,123.827
3024.00,1002527,PC,2025-07-14 12:00:00,2026-08-01 00:00:00,2026-08-01,49.0257,4.4796,4784.18,5.67201,0.567201,304.657,1.44233,0,1,10.8887,3754.89,0.742267,4.54993,728.145
3025.00,1002528,FP,2024-02-16 12:00:00,2026-08-01 00:00:00,2026-08-01,7.82521,3.62069,10700.9,8.70006,0.870006,823.914,77.1523,0,1,10.4997,5050.41,0.882994,4.56193,227.601
3026.00,1002529,PC,2021-03-15 12:00:00,2026-08-01 00:00:00,2026-08-01,6.97107,5.19427,6338.19,9.37199,0.937199,965.488,145.482,0,1,11.0873,5115.18,1.09435,4.50126,329.149
3027.00,1002529,CP,2020-07-10 12:00:00,2026-08-01 00:00:00,2026-08-01,1.96022,3.92496,2289.09,5.28663,0.528663,1473.71,789.708,0,1,11.0873,5115.18,1.09435,4.50126,329.149
3028.00,1002530,APC,2025-08-15 12:00:00,2026-08-01 00:00:00,2026-08-01,6.77962,2.11065,625.097,2.50239,0.250239,925.38,122.773,0,1,9.78702,5329.07,0.909199,4.36653,392.173
3029.00,1002531,CP,2022-06-17 12:00:00,2026-08-01 00:00:00,2026-08-01,4.78392,3.79245,888.226,2.68355,0.268355,965.483,145.478,0,1,9.36844,5062.29,0.869295,4.34808,127.534
3030.00,1002532,PC,2023-05-17 12:00:00,2026-08-01 00:00:00,2026-08-01,11.1477,4.23385,8934.18,10.3512,1.03512,889.367,104.748,0,1,11.1643,,1.08715,4.96075,
3031.00,1002533,PC,2020-07-17 12:00:00,2026-08-01 00:00:00,2026-08-01,1.91494,2.32354,242.746,1.69589,0.169589,1716.29,1452.74,0,1,11.384,5959.92,1.07644,4.10021,77.993
3032.00,1002533,PC,2022-02-14 12:00:00,2026-08-01 00:00:00,2026-08-01,117.518,5.13736,889.307,3.21812,0.321812,435.119,6.00142,0,1,11.384,5959.92,1.07644,4.10021,77.993
3033.00,1002533,PC,2019-05-11 12:00:00,2026-08-01 00:00:00,2026-08-01,2.27076,1.64334,223.605,1.90124,0.190124,1621.51,1157.44,0,1,11.384,5959.92,1.07644,4.10021,77.993
3034.00,1002534,PC,2020-03-14 12:00:00,2026-08-01 00:00:00,2026-08-01,,1.55614,263.077,1.05403,0.105403,873.219,97.345,0,1,10.3799,5335.35,0.543513,3.7187,272.107
3035.00,1002535,PC,2019-05-10 12:00:00,2026-08-01 00:00:00,2026-08-01,4.30311,3.4664,2422.79,5.4022,0.54022,1397.24,638.124,0,1,9.2669,6015.41,1.20148,4.26789,97.9837
3036.00,1002536,PC,2019-02-10 12:00:00,2026-08-01 00:00:00,2026-08-01,5.41755,5.5635,1142.76,2.60255,0.260255,1109.55,253.753,0,1,11.1359,6656.29,0.721465,4.24453,170.764
3037.00,1002537,FP,2021-04-18 12:00:00,2026-08-01 00:00:00,2026-08-01,2.2134,2.72338,40633,22.5349,2.25349,1603.88,1107.92,0,1,10.1391,5692.69,1.13484,4.24376,
3038.00,1002538,PC,2024-04-18 12:00:00,2026-08-01 00:00:00,2026-08-01,9.44542,3.19301,1278.9,3.61806,0.361806,790.431,65.3546,0,1,11.3438,4582.91,1.11886,4.39242,67.3124
3039.00,1002539,PC,2025-01-12 12:00:00,2026-08-01 00:00:00,2026-08-01,44.5822,3.96639,1273.2,3.80166,0.380166,,5.96077,0,1,10.2999,4714.73,0.898365,4.3124,253.231
3040.00,1002540,APC,2024-02-16 12:00:00,2026-08-01 00:00:00,2026-08-01,,1.38251,792.429,2.11673,0.211673,625.616,25.6479,0,1,10.8879,6147.83,0.604055,4.36134,337.392
3041.00,1002541,PC,2025-07-17 12:00:00,2026-08-01 00:00:00,2026-08-01,11.3051,3.28849,2494.86,4.10903,,692.37,38.4745,0,1,12.1972,5397.81,0.697602,4.5692,81.2564
3042.00,1002541,PC,2024-01-13 12:00:00,2026-08-01 00:00:00,2026-08-01,3.95736,2.70153,2543.86,3.5515,0.35515,982.413,155.954,0,1,12.1972,,0.697602,4.5692,81.2564
3043.00,1002542,PC,2021-01-13 12:00:00,2026-08-01 00:00:00,2026-08-01,23.1492,2.61296,3798.5,10.9475,1.09475,938.096,129.661,0,1,12.0545,6750.47,1.32039,4.35353,328.722
3044.00,1002543,CP,2023-03-18 12:00:00,2026-08-01 00:00:00,2026-08-01,20.6876,1.98725,4623.22,6.36692,0.636692,646.645,29.2742,0,1,13.4736,5350.92,0.926402,4.51757,152.674
3045.00,1002544,FP,2022-05-18 12:00:00,2026-08-01 00:00:00,2026-08-01,0.706302,2.58468,,3.72997,0.372997,1503.21,854.865,0,1,10.2875,4733.83,0.673169,4.7918,61.5764
3046.00,1002545,FP,2025-06-17 12:00:00,2026-08-01 00:00:00,2026-08-01,2.98622,5.68257,6057.61,8.56279,0.856279,1769.94,1643.08,0,1,10.6713,,1.13268,4.28619,88.1842
3047.00,1002546,FP,2019-02-11 12:00:00,2026-08-01 00:00:00,2026-08-01,48.4108,4.66686,6212.1,10.8245,1.08245,634.956,27.2143,0,1,10.0553,6377.09,1.10846,4.78919,192.017
3048.00,1002547,PC,2025-06-14 12:00:00,2026-08-01 00:00:00,2026-08-01,21.7696,4.93815,1129.61,5.1141,0.51141,464.345,7.78364,0,1,9.22961,3124.2,1.44973,4.19054,108.857
3049.00,1002548,CP,2022-08-14 12:00:00,2026-08-01 00:00:00,2026-08-01,0.81231,2.91021,5671.43,12.3967,1.23967,2144.46,3540.73,0,1,10.1976,,1.2909,4.64111,155.697
3050.00,1002549,PC,2024-03-14 12:00:00,2026-08-01 00:00:00,2026-08-01,1.34913,4.4522,2480.78,6.28143,0.628143,1881.67,2098.9,0,1,11.7569,5702.65,1.11897,4.52043,107.695
3051.00,1002550,PC,2023-06-15 12:00:00,2026-08-01 00:00:00,2026-08-01,1.36511,1.68551,141.519,0.928452,,1844.03,1935.95,0,1,9.444,7473.36,0.630666,4.81527,262.834
3052.00,1002551,APC,2024-02-13 12:00:00,2026-08-01 00:00:00,2026-08-01,1.30359,4.24622,1162.37,2.37155,0.237155,1853.74,1977.05,0,1,8.33823,6828.87,0.740194,4.59429,344.961
3053.00,1002552,FP,2019-05-15 12:00:00,2026-08-01 00:00:00,2026-08-01,1.45522,7.11771,3733.01,5.44017,0.544017,1698.13,1392.21,0,1,9.33953,6223.44,0.80479,4.3082,143.407
3054.00,1002553,CP,2022-05-10 12:00:00,2026-08-01 00:00:00,2026-08-01,12.9248,3.58125,3017.46,10.527,1.0527,1279.95,449.359,0,1,8.94896,7187.22,1.47027,4.64647,179.714
3055.00,1002554,PC,2023-07-17 12:00:00,2026-08-01 00:00:00,2026-08-01,41.2352,3.66143,141.273,0.424764,0.0424764,345.288,2.37983,0,1,9.99161,5607.54,0.380931,4.40104,205.924
3056.00,1002555,PC,2019-08-11 12:00:00,2026-08-01 00:00:00,2026-08-01,12.3393,1.83488,1368.18,3.498,0.3498,,64.7242,0,1,10.2399,6149.37,0.739045,4.16304,248.108
3057.00,1002555,KP,2023-08-17 12:00:00,2026-08-01 00:00:00,2026-08-01,114.666,6.9632,5523.98,4.8357,0.48357,375.057,3.3129,0,1,10.2399,6149.37,0.739045,4.16304,248.108
3058.00,1002556,APC,2021-01-10 12:00:00,2026-08-01 00:00:00,2026-08-01,3.61501,5.63019,2498.2,7.31107,0.731107,1432.07,704.169,0,1,13.6291,5223.42,1.4903,3.88835,73.0682
3059.00,1002557,PC,2023-07-18 12:00:00,2026-08-01 00:00:00,2026-08-01,37.2619,4.00814,10098.4,12.7908,1.27908,596.369,21.1779,0,1,11.4602,5837.68,0.98004,3.98174,129.998
3060.00,1002558,PC,2023-03-15 12:00:00,2026-08-01 00:00:00,2026-08-01,36.4284,1.7715,263.484,1.25058,,617.401,24.327,0,1,11.088,7307.48,0.660303,4.62946,81.8346
3061.00,1002559,CP,2025-01-13 12:00:00,2026-08-01 00:00:00,2026-08-01,0.520015,2.1635,1987.5,3.42992,0.342992,2280.4,4527.55,0,1,10.2137,6371.14,0.697345,4.19659,125.381
3062.00,1002560,FP,2020-06-17 12:00:00,2026-08-01 00:00:00,2026-08-01,7.1855,4.05099,2266.31,6.02086,0.602086,1153.17,296.065,0,1,6.98444,5890.47,1.20126,4.32762,248.217
3063.00,1002560,FP,2023-01-13 12:00:00,2026-08-01 00:00:00,2026-08-01,9.09614,3.03712,5362.13,9.818,0.9818,1066,216.199,0,1,6.98444,5890.47,1.20126,4.32762,248.217
3064.00,1002561,FP,2025-06-12 12:00:00,2026-08-01 00:00:00,2026-08-01,2.24814,2.22391,6147.83,8.5269,0.85269,1014.43,177.298,0,1,9.43494,3591.03,,4.33547,433.344
3065.00,1002561,FP,2020-08-13 12:00:00,2026-08-01 00:00:00,2026-08-01,4.47888,4.13358,4269.04,8.12464,0.812464,806.192,70.7254,0,1,9.43494,3591.03,,4.33547,433.344
3066.00,1002562,CP,2024-07-11 12:00:00,2026-08-01 00:00:00,2026-08-01,0.734858,3.11345,1864.42,6.06442,0.606442,2685.27,8705.14,0,1,12.4733,6406.54,1.20425,4.70678,122.397
3067.00,1002563,CP,2022-04-18 12:00:00,2026-08-01 00:00:00,2026-08-01,3.57729,2.60807,2991.29,,1.16543,1628.01,1176.12,0,1,10.1186,5434.71,1.76678,4.14069,37.6552
3068.00,1002564,PC,2020-02-13 12:00:00,2026-08-01 00:00:00,2026-08-01,8.29809,2.31706,4929.08,5.44221,0.544221,827.113,78.3575,0,1,10.6047,5696.7,0.727308,4.12387,189.092
3069.00,1002564,PC,2024-02-15 12:00:00,2026-08-01 00:00:00,2026-08-01,21.0701,3.58172,5748.02,7.13229,0.713229,606.274,22.6202,0,1,10.6047,5696.7,,4.12387,189.092
3070.00,1002565,FP,2022-04-18 12:00:00,2026-08-01 00:00:00,2026-08-01,13.8885,4.66418,3251.78,4.16144,0.416144,677.073,35.1855,0,1,11.7112,5727.44,0.67968,4.75923,241.261
3071.00,1002566,PC,2021-07-17 12:00:00,2026-08-01 00:00:00,2026-08-01,15.0395,4.58948,1863.02,,0.955587,1249.82,408.522,0,1,9.4693,6219.22,2.07125,4.45532,96.4338
3072.00,1002567,PC,2021-07-11 12:00:00,2026-08-01 00:00:00,2026-08-01,10.8479,3.12541,3782.13,4.98226,0.498226,732.061,48.0852,0,1,10.2644,5767.54,0.664549,4.3481,41.7111
3073.00,1002568,KP,2021-05-17 12:00:00,2026-08-01 00:00:00,2026-08-01,2.13252,1.63239,240.233,1.74774,0.174774,1656,1259.11,0,1,10.3986,6534.87,0.895557,4.43704,79.9366
3074.00,1002569,PC,2020-05-10 12:00:00,2026-08-01 00:00:00,2026-08-01,15.9954,2.94019,346.802,3.20458,,786.958,64.2136,0,1,13.1655,4762.8,1.4589,4.20147,114.617
3075.00,1002570,FP,2024-03-12 12:00:00,2026-08-01 00:00:00,2026-08-01,18.7497,3.19209,9591.93,15.6263,,688.589,37.6411,0,1,11.2098,4247.92,1.56104,,182.009
3076.00,1002571,PC,2019-04-13 12:00:00,2026-08-01 00:00:00,2026-08-01,3.70082,4.89609,7746.8,16.3574,1.63574,1491.29,828.065,0,1,14.1245,4988.04,1.80016,4.39278,344.913
3077.00,1002572,FP,2023-01-13 12:00:00,2026-08-01 00:00:00,2026-08-01,13.241,6.50119,6440.19,8.12799,0.812799,822.629,76.6719,0,1,11.5572,5862.45,0.927644,4.45551,278.302
3078.00,1002573,PC,2023-06-13 12:00:00,2026-08-01 00:00:00,2026-08-01,23.0826,2.67785,266.559,1.98237,0.198237,718.866,44.7107,0,1,10.3606,5697.56,1.08632,4.3161,244.928
3079.00,1002574,CP,2025-06-17 12:00:00,2026-08-01 00:00:00,2026-08-01,1.15808,3.87899,2252,8.2124,0.82124,2260.23,4369.51,0,1,10.2557,4909.16,1.96774,3.95496,104.713
3080.00,1002575,FP,2024-07-12 12:00:00,2026-08-01 00:00:00,2026-08-01,4.99929,2.74185,1503.25,7.05989,0.705989,1335.7,532.913,0,1,11.5694,5080.45,,4.76162,118.81
3081.00,1002576,CP,2022-08-16 12:00:00,2026-08-01 00:00:00,2026-08-01,6.74439,2.07789,2923.22,9.0192,0.90192,1679.28,1331.42,0,1,9.4607,7519.06,1.49876,4.35554,373.019
3082.00,1002576,PC,2021-08-10 12:00:00,2026-08-01 00:00:00,2026-08-01,5.0963,3.01204,207.039,2.08483,0.208483,1843.68,1934.49,0,1,9.4607,7519.06,1.49876,4.35554,373.019
3083.00,1002577,FP,2025-07-18 12:00:00,2026-08-01 00:00:00,2026-08-01,6.07489,3.95036,6649.67,6.15721,0.615721,813.31,73.2564,0,1,10.547,5000.28,0.741424,4.75162,134.59
3084.00,1002577,PC,2022-06-13 12:00:00,2026-08-01 00:00:00,2026-08-01,86.8422,2.09726,980.604,2.7012,0.27012,335.114,2.11149,0,1,10.547,5000.28,0.741424,4.75162,
3085.00,1002578,PC,2021-07-12 12:00:00,2026-08-01 00:00:00,2026-08-01,29.9605,4.68284,1430.2,3.50321,0.350321,492.176,9.82431,0,1,12.97,4862.25,0.831986,4.43896,156.8
3086.00,1002579,PC,2021-03-12 12:00:00,2026-08-01 00:00:00,2026-08-01,5.47005,2.85826,607.311,2.31228,0.231228,1121.98,265.313,0,1,8.28369,5657.61,1.02773,4.3301,310.206
3087.00,1002580,PC,2022-02-15 12:00:00,2026-08-01 00:00:00,2026-08-01,5.93595,3.54739,13106.3,17.3177,1.73177,1546.5,957.683,0,1,13.0271,7057.66,1.32502,4.46867,140.483
3088.00,1002581,PC,2023-05-11 12:00:00,2026-08-01 00:00:00,2026-08-01,6.85746,5.77099,7525.58,8.67991,0.867991,988.317,159.737,0,1,13.465,,0.9098,4.62003,300.401
3089.00,1002582,APC,2023-01-12 12:00:00,2026-08-01 00:00:00,2026-08-01,3.3451,4.17378,854.111,2.56203,0.256203,,304.609,0,1,9.97784,5581.76,0.815095,4.22142,170.132
3090.00,1002583,FP,2021-07-13 12:00:00,2026-08-01 00:00:00,2026-08-01,3.69432,5.97478,2130.62,3.64999,0.364999,727.947,47.0131,0,1,12.5105,3799.55,0.738371,4.45605,
3091.00,1002584,APC,2021-01-11 12:00:00,2026-08-01 00:00:00,2026-08-01,11.01,2.37916,2023.53,3.40805,0.340805,609.915,23.1685,0,1,12.3793,4423.92,0.791831,4.81641,306.191
3092.00,1002585,KP,2019-07-16 12:00:00,2026-08-01 00:00:00,2026-08-01,3.70143,2.16494,799.387,1.84378,0.184378,1021.23,182.1,0,1,,,0.673821,4.54229,139.743
3093.00,1002586,FP,2022-06-17 12:00:00,2026-08-01 00:00:00,2026-08-01,4.93715,2.8104,1414.15,4.27272,0.427272,1223.77,375.503,0,1,8.96459,,0.852583,3.83538,284.194
3094.00,1002586,FP,2024-02-11 12:00:00,2026-08-01 00:00:00,2026-08-01,1.38477,4.53486,3223.84,5.18298,,1869.52,2045.24,0,1,8.96459,6547.58,0.852583,3.83538,284.194
3095.00,1002587,CP,2019-07-17 12:00:00,2026-08-01 00:00:00,2026-08-01,12.8082,3.91028,1757.06,2.298,0.2298,501.218,10.5664,0,1,7.94739,4490.37,0.574113,3.92938,133.198
3096.00,1002588,CP,2023-03-14 12:00:00,2026-08-01 00:00:00,2026-08-01,0.398638,3.69617,1274.33,3.76065,0.376065,1779.82,1680.06,0,1,9.97365,4082.78,0.866446,4.54337,169.11
3097.00,1002589,FP,2021-08-10 12:00:00,2026-08-01 00:00:00,2026-08-01,6.41832,3.19589,7110.04,8.17859,0.817859,719.253,44.8072,0,1,10.9269,4168.05,0.865687,4.60373,185.304
3098.00,1002590,CP,2021-03-10 12:00:00,2026-08-01 00:00:00,2026-08-01,15.0693,6.22549,304.056,1.09217,0.109217,590.284,20.3266,0,1,9.24875,5271.56,0.643908,,108.355
3099.00,1002591,PC,2022-06-18 12:00:00,2026-08-01 00:00:00,2026-08-01,12.7477,1.59769,820.665,3.07166,0.307166,741.291,50.5565,0,1,9.84143,5215.67,0.927889,4.28955,303.092
3100.00,1002592,PC,2020-07-16 12:00:00,2026-08-01 00:00:00,2026-08-01,3.6376,3.26047,4910.74,4.23006,0.423006,677.284,35.2293,0,1,,3951.26,0.584965,4.45897,237.491
3101.00,1002593,PC,2025-05-10 12:00:00,2026-08-01 00:00:00,2026-08-01,2.59017,4.07954,8800.01,11.2143,1.12143,1484.83,,0,1,13.1142,5242.39,1.27359,4.24245,103.276
3102.00,1002594,FP,2022-01-17 12:00:00,2026-08-01 00:00:00,2026-08-01,3.00381,4.32333,3120.69,6.37076,0.637076,1738.44,1529.17,0,1,10.5024,6801.19,1.14493,4.28209,135.227
3103.00,1002595,FP,2021-04-14 12:00:00,2026-08-01 00:00:00,2026-08-01,2.24931,3.60148,5627.41,7.1391,0.71391,1267.75,432.464,0,1,8.70598,5193.99,0.860885,4.59265,149.876
3104.00,1002596,PC,2023-01-16 12:00:00,2026-08-01 00:00:00,2026-08-01,,2.27857,531.348,1.94578,0.194578,1109.15,253.384,0,1,12.518,6134.78,0.672191,4.2182,188.913
3105.00,1002597,PC,2023-05-16 12:00:00,2026-08-01 00:00:00,2026-08-01,18.4507,7.26335,,2.2961,0.22961,576.987,18.556,0,1,11.406,5301.56,0.696172,4.46922,172.364
3106.00,1002598,PC,2023-06-16 12:00:00,2026-08-01 00:00:00,2026-08-01,14.6923,2.50149,13999.7,18.6279,1.86279,976.969,152.526,0,1,10.746,5825.16,1.42033,4.56724,131.474
3107.00,1002599,CP,2023-07-16 12:00:00,2026-08-01 00:00:00,2026-08-01,0.346408,3.1685,1729.97,5.40855,0.540855,3010.05,13744,0,1,11.7315,5256.83,1.36126,4.93437,103.842
